NGCT13_SLICE50_LAD,0,0,0,0,0.0,0.0,0.0,0.0,0.0,0.0,0.0,0.0,0.0
NGCT13_SLICE51_LAD,0,0,0,0,0.0,0.0,0.0,0.0,0.0,0.0,0.0,0.0,0.0
NGCT13_SLICE52_LAD,276,295,281,292,274.5,277.0,298.5,294.0,159.125,1.5,18.0,17.5,2.0
NGCT13_SLICE53_LAD,288,282,289,281,279.5,279.0,308.5,292.5,148.4375,8.5,3.0,19.5,11.5
NGCT13_SLICE54_LAD,300,242,310,263,299.0,236.0,321.5,273.0,67.3125,1.0,6.0,11.5,10.0
NGCT13_SLICE55_LAD,324,249,313,240,308.0,239.5,321.5,255.5,164.6875,16.0,9.5,8.5,15.5
NGCT13_SLICE56_LAD,319,245,316,247,313.5,239.0,324.5,248.5,35.1875,5.5,6.0,8.5,1.5
NGCT13_SLICE57_LAD,314,234,317,226,311.0,223.5,322.5,232.0,46.375,3.0,10.5,5.5,6.0
NGCT13_SLICE58_LAD,317,232,315,223,308.5,221.5,325.0,234.0,100.875,8.5,10.5,10.0,11.0
NGCT13_SLICE59_LAD,312,222,310,226,308.5,220.5,322.0,228.5,41.1875,3.5,1.5,12.0,2.5
NGCT13_SLICE60_LAD,318,231,313,224,314.0,220.5,324.5,226.5,66.1875,4.0,10.5,11.5,2.5
NGCT13_SLICE61_LAD,0,0,0,0,0.0,0.0,0.0,0.0,0.0,0.0,0.0,0.0,0.0
NGCT13_SLICE62_LAD,0,0,0,0,0.0,0.0,0.0,0.0,0.0,0.0,0.0,0.0,0.0
NGCT13_SLICE63_LAD,0,0,0,0,0.0,0.0,0.0,0.0,0.0,0.0,0.0,0.0,0.0
NGCT13_SLICE64_LAD,0,0,0,0,0.0,0.0,0.0,0.0,0.0,0.0,0.0,0.0,0.0
NGCT13_SLICE65_LAD,0,0,0,0,0.0,0.0,0.0,0.0,0.0,0.0,0.0,0.0,0.0
NGCT14_SLICE54_LAD,291,247,310,246,288.5,239.0,313.0,252.0,28.8125,2.5,8.0,3.0,6.0
NGCT14_SLICE55_LAD,297,244,310,245,292.0,236.0,317.0,249.5,39.5625,5.0,8.0,7.0,4.5
NGCT14_SLICE56_LAD,316,234,325,238,310.0,228.0,330.5,240.5,27.125,6.0,6.0,5.5,2.5
NGCT14_SLICE57_LAD,321,231,334,231,319.0,224.0,338.5,234.5,21.375,2.0,7.0,4.5,3.5
NGCT14_SLICE58_LAD,324,224,328,228,323.0,224.0,336.0,232.0,20.25,1.0,0.0,8.0,4.0
NGCT14_SLICE59_LAD,340,226,343,221,334.0,218.5,346.5,227.0,35.125,6.0,7.5,3.5,6.0
NGCT15_SLICE36_LAD,0,0,0,0,0.0,0.0,0.0,0.0,0.0,0.0,0.0,0.0,0.0
NGCT15_SLICE37_LAD,329,241,340,248,324.5,238.5,342.0,253.5,15.1875,4.5,2.5,2.0,5.5
NGCT15_SLICE38_LAD,309,233,329,248,304.5,228.5,331.0,253.5,18.6875,4.5,4.5,2.0,5.5
NGCT15_SLICE39_LAD,308,236,332,249,305.0,232.5,332.5,251.5,6.9375,3.0,3.5,0.5,2.5
NGCT15_SLICE40_LAD,315,226,326,231,310.0,226.0,329.5,234.0,11.5625,5.0,0.0,3.5,3.0
NGCT15_SLICE41_LAD,334,205,334,208,329.0,202.0,336.0,209.0,9.75,5.0,3.0,2.0,1.0
NGCT1_SLICE52_LAD,0,0,0,0,0.0,0.0,0.0,0.0,0.0,0.0,0.0,0.0,0.0
NGCT1_SLICE53_LAD,0,0,0,0,0.0,0.0,0.0,0.0,0.0,0.0,0.0,0.0,0.0
NGCT1_SLICE54_LAD,0,0,0,0,0.0,0.0,0.0,0.0,0.0,0.0,0.0,0.0,0.0
NGCT1_SLICE55_LAD,0,0,0,0,0.0,0.0,0.0,0.0,0.0,0.0,0.0,0.0,0.0
NGCT1_SLICE56_LAD,0,0,0,0,0.0,0.0,0.0,0.0,0.0,0.0,0.0,0.0,0.0
NGCT1_SLICE57_LAD,0,0,0,0,0.0,0.0,0.0,0.0,0.0,0.0,0.0,0.0,0.0
NGCT1_SLICE58_LAD,0,0,0,0,0.0,0.0,0.0,0.0,0.0,0.0,0.0,0.0,0.0
NGCT1_SLICE59_LAD,0,0,0,0,0.0,0.0,0.0,0.0,0.0,0.0,0.0,0.0,0.0
NGCT1_SLICE60_LAD,0,0,0,0,0.0,0.0,0.0,0.0,0.0,0.0,0.0,0.0,0.0
NGCT1_SLICE61_LAD,264,194,279,205,260.5,194.5,281.0,208.5,7.1875,3.5,0.5,2.0,3.5
NGCT1_SLICE62_LAD,271,189,278,199,265.5,186.0,284.0,203.5,23.875,5.5,3.0,6.0,4.5
NGCT1_SLICE63_LAD,268,171,283,200,267.5,171.5,288.5,203.0,9.9375,0.5,0.5,5.5,3.0
NGCT1_SLICE64_LAD,282,177,287,189,277.0,172.0,292.0,190.0,19.0,5.0,5.0,5.0,1.0
NGCT1_SLICE65_LAD,276,168,286,188,274.0,168.0,291.5,190.0,9.5625,2.0,0.0,5.5,2.0
NGCT1_SLICE66_LAD,283,164,290,180,279.0,164.0,293.5,180.5,7.125,4.0,0.0,3.5,0.5
NGCT1_SLICE67_LAD,289,165,291,171,284.0,159.5,294.0,174.5,19.125,5.0,5.5,3.0,3.5
NGCT1_SLICE68_LAD,291,158,296,165,286.0,154.0,300.0,169.5,19.3125,5.0,4.0,4.0,4.5
NGCT1_SLICE69_LAD,291,157,296,163,286.5,155.5,299.0,165.0,8.875,4.5,1.5,3.0,2.0
NGCT1_SLICE70_LAD,294,152,294,158,289.5,152.0,300.5,162.5,20.6875,4.5,0.0,6.5,4.5
NGCT1_SLICE71_LAD,288,149,300,154,285.0,147.5,301.5,156.5,4.9375,3.0,1.5,1.5,2.5
NGCT1_SLICE72_LAD,290,150,297,151,287.0,146.0,300.0,156.5,16.0625,3.0,4.0,3.0,5.5
NGCT1_SLICE73_LAD,283,140,295,147,279.5,137.5,297.0,151.0,9.625,3.5,2.5,2.0,4.0
NGCT1_SLICE74_LAD,281,140,291,146,280.5,136.0,294.0,150.0,10.3125,0.5,4.0,3.0,4.0
NGCT1_SLICE75_LAD,286,140,289,141,282.0,139.0,293.0,146.0,14.5,4.0,1.0,4.0,5.0
NGCT1_SLICE76_LAD,286,136,290,141,282.0,136.5,292.5,145.5,10.6875,4.0,0.5,2.5,4.5
NGCT1_SLICE77_LAD,285,138,286,142,282.5,137.0,291.5,143.5,9.9375,2.5,1.0,5.5,1.5
NGCT1_SLICE78_LAD,288,139,288,138,285.5,137.0,292.5,143.0,13.875,2.5,2.0,4.5,5.0
NGCT1_SLICE79_LAD,289,133,292,142,285.0,133.5,295.0,143.5,6.875,4.0,0.5,3.0,1.5
NGCT1_SLICE80_LAD,290,138,296,136,286.0,133.5,297.0,141.0,15.5625,4.0,4.5,1.0,5.0
NGCT1_SLICE81_LAD,287,133,291,137,282.5,132.5,294.5,140.0,10.4375,4.5,0.5,3.5,3.0
NGCT1_SLICE82_LAD,285,135,292,137,283.0,132.5,292.5,140.5,5.6875,2.0,2.5,0.5,3.5
NGCT1_SLICE83_LAD,285,139,294,135,282.0,136.5,295.5,141.0,13.375,3.0,2.5,1.5,6.0
NGCT1_SLICE84_LAD,287,136,289,140,284.0,135.0,292.5,142.0,6.5625,3.0,1.0,3.5,2.0
NGCT1_SLICE85_LAD,286,140,293,144,283.0,137.5,293.5,146.0,4.875,3.0,2.5,0.5,2.0
NGCT1_SLICE86_LAD,286,140,292,144,281.5,137.0,295.5,147.5,13.4375,4.5,3.0,3.5,3.5
NGCT3_SLICE40_LAD,0,0,0,0,0.0,0.0,0.0,0.0,0.0,0.0,0.0,0.0,0.0
NGCT3_SLICE41_LAD,0,0,0,0,0.0,0.0,0.0,0.0,0.0,0.0,0.0,0.0,0.0
NGCT3_SLICE42_LAD,0,0,0,0,0.0,0.0,0.0,0.0,0.0,0.0,0.0,0.0,0.0
NGCT3_SLICE43_LAD,0,0,0,0,0.0,0.0,0.0,0.0,0.0,0.0,0.0,0.0,0.0
NGCT3_SLICE44_LAD,0,0,0,0,0.0,0.0,0.0,0.0,0.0,0.0,0.0,0.0,0.0
NGCT3_SLICE45_LAD,0,0,0,0,0.0,0.0,0.0,0.0,0.0,0.0,0.0,0.0,0.0
NGCT4_SLICE71_LAD,0,0,0,0,0.0,0.0,0.0,0.0,0.0,0.0,0.0,0.0,0.0
NGCT4_SLICE72_LAD,0,0,0,0,0.0,0.0,0.0,0.0,0.0,0.0,0.0,0.0,0.0
NGCT4_SLICE73_LAD,0,0,0,0,0.0,0.0,0.0,0.0,0.0,0.0,0.0,0.0,0.0
NGCT4_SLICE74_LAD,0,0,0,0,0.0,0.0,0.0,0.0,0.0,0.0,0.0,0.0,0.0
NGCT4_SLICE75_LAD,295,235,303,240,294.5,235.0,308.0,243.5,9.375,0.5,0.0,5.0,3.5
NGCT4_SLICE76_LAD,298,221,314,236,297.0,218.5,317.5,241.0,11.125,1.0,2.5,3.5,5.0
NGCT5_SLICE50_LAD,0,0,0,0,0.0,0.0,0.0,0.0,0.0,0.0,0.0,0.0,0.0
NGCT5_SLICE51_LAD,307,277,322,280,306.5,274.0,327.0,281.5,9.125,0.5,3.0,5.0,1.5
NGCT5_SLICE52_LAD,326,272,335,277,324.0,269.0,335.5,278.0,3.5625,2.0,3.0,0.5,1.0
NGCT5_SLICE53_LAD,329,257,332,264,326.0,255.5,335.5,268.0,9.875,3.0,1.5,3.5,4.0
NGCT5_SLICE54_LAD,329,250,344,266,325.5,249.0,346.0,269.5,7.375,3.5,1.0,2.0,3.5
NGCT5_SLICE55_LAD,338,243,346,253,336.0,241.0,349.5,253.5,5.125,2.0,2.0,3.5,0.5
NGCT6_SLICE45_LAD,283,230,298,242,282.0,229.5,301.0,246.0,6.5625,1.0,0.5,3.0,4.0
NGCT6_SLICE46_LAD,290,222,299,230,287.0,220.0,301.5,232.5,6.375,3.0,2.0,2.5,2.5
NGCT6_SLICE47_LAD,305,199,322,212,303.5,197.0,323.5,214.5,3.6875,1.5,2.0,1.5,2.5
NGCT6_SLICE48_LAD,311,193,324,204,308.5,191.5,326.0,208.0,7.125,2.5,1.5,2.0,4.0
NGCT6_SLICE49_LAD,317,175,326,199,313.5,174.5,326.5,200.0,3.4375,3.5,0.5,0.5,1.0
NGCT6_SLICE50_LAD,317,171,321,181,316.5,171.0,323.5,185.0,5.625,0.5,0.0,2.5,4.0
NGCT7_SLICE83_LAD,0,0,0,0,0.0,0.0,0.0,0.0,0.0,0.0,0.0,0.0,0.0
NGCT7_SLICE84_LAD,0,0,0,0,0.0,0.0,0.0,0.0,0.0,0.0,0.0,0.0,0.0
NGCT7_SLICE85_LAD,292,241,305,252,289.5,240.5,306.5,253.5,2.75,2.5,0.5,1.5,1.5
NGCT7_SLICE86_LAD,292,232,311,252,288.5,231.5,311.5,253.0,3.4375,3.5,0.5,0.5,1.0
NGCT7_SLICE87_LAD,295,227,310,250,294.5,224.0,313.0,251.5,5.125,0.5,3.0,3.0,1.5
NGCT7_SLICE88_LAD,297,224,314,244,296.0,222.0,317.5,245.5,4.875,1.0,2.0,3.5,1.5
NGCT9_SLICE69_LAD,0,0,0,0,0.0,0.0,0.0,0.0,0.0,0.0,0.0,0.0,0.0
NGCT9_SLICE70_LAD,0,0,0,0,0.0,0.0,0.0,0.0,0.0,0.0,0.0,0.0,0.0
NGCT9_SLICE71_LAD,295,258,302,270,292.5,257.0,305.0,271.5,4.625,2.5,1.0,3.0,1.5
NGCT9_SLICE72_LAD,295,246,316,262,293.5,246.0,318.0,265.0,3.8125,1.5,0.0,2.0,3.0
NGCT9_SLICE73_LAD,297,246,316,259,295.5,244.5,320.5,263.0,10.1875,1.5,1.5,4.5,4.0
NGCT9_SLICE74_LAD,295,239,329,259,294.5,236.5,329.5,261.0,2.6875,0.5,2.5,0.5,2.0
NGCT10_SLICE73_LAD,0,0,0,0,0.0,0.0,0.0,0.0,0.0,0.0,0.0,0.0,0.0
NGCT10_SLICE74_LAD,0,0,0,0,0.0,0.0,0.0,0.0,0.0,0.0,0.0,0.0,0.0
NGCT10_SLICE75_LAD,0,0,0,0,0.0,0.0,0.0,0.0,0.0,0.0,0.0,0.0,0.0
NGCT10_SLICE76_LAD,284,233,304,241,282.0,233.0,306.5,244.0,4.8125,2.0,0.0,2.5,3.0
NGCT10_SLICE77_LAD,301,227,305,233,299.0,227.0,309.0,233.5,5.0625,2.0,0.0,4.0,0.5
NGCT10_SLICE78_LAD,305,220,310,231,302.5,219.5,313.0,233.5,5.4375,2.5,0.5,3.0,2.5
NGCT10_SLICE79_LAD,304,217,314,227,302.5,214.5,316.0,229.0,4.125,1.5,2.5,2.0,2.0
NGCT10_SLICE80_LAD,309,216,314,222,306.0,214.0,317.5,226.0,10.3125,3.0,2.0,3.5,4.0
NGCT10_SLICE81_LAD,308,209,317,226,305.0,209.5,319.0,227.0,3.5625,3.0,0.5,2.0,1.0
NGCT10_SLICE82_LAD,311,212,320,217,310.5,209.0,323.5,220.0,7.625,0.5,3.0,3.5,3.0
NGCT10_SLICE83_LAD,315,202,326,214,314.0,200.5,327.0,217.5,4.125,1.0,1.5,1.0,3.5
NGCT10_SLICE84_LAD,314,203,326,214,312.0,200.5,328.0,218.0,7.5625,2.0,2.5,2.0,4.0
NGCT10_SLICE85_LAD,314,190,318,194,313.0,187.5,320.0,196.5,4.375,1.0,2.5,2.0,2.5
NGCT10_SLICE86_LAD,311,183,318,190,311.0,183.5,320.0,192.5,2.625,0.0,0.5,2.0,2.5
NGCT10_SLICE87_LAD,314,184,318,189,311.5,181.0,319.5,190.5,4.9375,2.5,3.0,1.5,1.5
NGCT10_SLICE88_LAD,311,182,317,185,310.5,180.5,320.0,188.0,5.125,0.5,1.5,3.0,3.0
NGCT12_SLICE55_LAD,0,0,0,0,0.0,0.0,0.0,0.0,0.0,0.0,0.0,0.0,0.0
NGCT12_SLICE56_LAD,0,0,0,0,0.0,0.0,0.0,0.0,0.0,0.0,0.0,0.0,0.0
NGCT12_SLICE57_LAD,304,236,337,246,300.5,234.5,337.5,249.5,6.75,3.5,1.5,0.5,3.5
NGCT12_SLICE58_LAD,323,228,344,239,320.5,228.5,345.5,242.0,4.4375,2.5,0.5,1.5,3.0
NGCT12_SLICE59_LAD,321,225,337,238,319.5,224.0,339.0,240.0,2.8125,1.5,1.0,2.0,2.0
NGCT12_SLICE60_LAD,0,0,0,0,0.0,0.0,0.0,0.0,0.0,0.0,0.0,0.0,0.0
NGCT18_SLICE48_LAD,0,0,0,0,0.0,0.0,0.0,0.0,0.0,0.0,0.0,0.0,0.0
NGCT18_SLICE49_LAD,0,0,0,0,0.0,0.0,0.0,0.0,0.0,0.0,0.0,0.0,0.0
NGCT18_SLICE50_LAD,0,0,0,0,0.0,0.0,0.0,0.0,0.0,0.0,0.0,0.0,0.0
NGCT18_SLICE51_LAD,0,0,0,0,0.0,0.0,0.0,0.0,0.0,0.0,0.0,0.0,0.0
NGCT18_SLICE52_LAD,312,235,324,248,310.0,233.5,324.5,251.0,3.875,2.0,1.5,0.5,3.0
NGCT18_SLICE53_LAD,0,0,0,0,0.0,0.0,0.0,0.0,0.0,0.0,0.0,0.0,0.0
NGCT19_SLICE68_LAD,288,207,314,228,286.0,206.0,315.5,232.0,5.8125,2.0,1.0,1.5,4.0
NGCT19_SLICE69_LAD,288,210,307,227,288.0,210.0,310.5,229.5,4.625,0.0,0.0,3.5,2.5
NGCT19_SLICE70_LAD,296,201,321,221,293.5,201.0,323.0,224.5,5.625,2.5,0.0,2.0,3.5
NGCT19_SLICE71_LAD,306,196,322,215,306.0,195.0,325.5,216.5,3.875,0.0,1.0,3.5,1.5
NGCT19_SLICE72_LAD,308,184,327,210,308.5,182.0,329.5,214.0,6.625,0.5,2.0,2.5,4.0
NGCT19_SLICE73_LAD,312,185,329,207,311.0,182.5,330.5,207.5,2.4375,1.0,2.5,1.5,0.5
NGCT19_SLICE74_LAD,315,190,329,200,315.5,187.5,331.5,201.5,3.75,0.5,2.5,2.5,1.5
NGCT19_SLICE75_LAD,322,173,327,183,320.5,172.0,329.0,184.5,2.375,1.5,1.0,2.0,1.5
NGCT19_SLICE76_LAD,321,173,328,180,320.0,172.0,331.5,181.0,3.8125,1.0,1.0,3.5,1.0
NGCT19_SLICE77_LAD,322,173,331,179,321.5,172.0,333.5,179.5,1.9375,0.5,1.0,2.5,0.5
NGCT19_SLICE78_LAD,326,171,337,177,323.5,171.0,339.0,179.0,3.5625,2.5,0.0,2.0,2.0
NGCT19_SLICE79_LAD,330,166,336,175,328.0,163.5,340.0,177.5,8.125,2.0,2.5,4.0,2.5
NGCT19_SLICE80_LAD,332,165,338,172,329.5,165.5,339.0,173.0,2.125,2.5,0.5,1.0,1.0
NGCT19_SLICE81_LAD,332,161,335,170,331.0,161.0,336.5,171.5,1.375,1.0,0.0,1.5,1.5
NGCT19_SLICE82_LAD,329,159,338,168,329.0,157.5,339.5,172.0,5.125,0.0,1.5,1.5,4.0
NGCT22_SLICE63_LAD,0,0,0,0,0.0,0.0,0.0,0.0,0.0,0.0,0.0,0.0,0.0
NGCT22_SLICE64_LAD,336,243,332,231,322.5,229.5,347.5,239.0,167.1875,13.5,13.5,15.5,8.0
NGCT22_SLICE65_LAD,359,250,335,221,340.0,228.0,354.0,235.5,354.0625,19.0,22.0,19.0,14.5
NGCT22_SLICE66_LAD,343,227,352,227,342.0,223.5,356.0,234.5,21.375,1.0,3.5,4.0,7.5
NGCT22_SLICE67_LAD,357,218,356,215,348.5,214.0,359.0,232.0,96.5625,8.5,4.0,3.0,17.0
NGCT22_SLICE68_LAD,356,222,348,207,352.0,214.0,362.5,222.0,128.8125,4.0,8.0,14.5,15.0
NGCT23_SLICE64_LAD,0,0,0,0,0.0,0.0,0.0,0.0,0.0,0.0,0.0,0.0,0.0
NGCT23_SLICE65_LAD,0,0,0,0,0.0,0.0,0.0,0.0,0.0,0.0,0.0,0.0,0.0
NGCT23_SLICE66_LAD,0,0,0,0,0.0,0.0,0.0,0.0,0.0,0.0,0.0,0.0,0.0
NGCT23_SLICE67_LAD,311,254,317,257,306.0,251.0,320.0,257.5,10.8125,5.0,3.0,3.0,0.5
NGCT23_SLICE68_LAD,308,254,327,248,306.0,249.0,328.0,259.5,40.5625,2.0,5.0,1.0,11.5
NGCT23_SLICE69_LAD,299,245,330,251,298.5,245.0,337.0,259.0,28.3125,0.5,0.0,7.0,8.0
NGCT23_SLICE70_LAD,326,244,348,247,318.0,237.0,349.5,258.0,59.0625,8.0,7.0,1.5,11.0
NGCT23_SLICE71_LAD,330,231,354,246,321.0,231.0,359.5,255.5,50.375,9.0,0.0,5.5,9.5
NGCT23_SLICE72_LAD,338,241,352,244,332.5,232.0,360.0,252.0,59.8125,5.5,9.0,8.0,8.0
NGCT23_SLICE73_LAD,351,226,363,243,343.0,225.0,367.0,249.0,29.25,8.0,1.0,4.0,6.0
NGCT23_SLICE74_LAD,365,220,363,232,356.5,220.0,370.0,235.0,32.5625,8.5,0.0,7.0,3.0
NGCT23_SLICE75_LAD,361,216,367,232,359.5,212.5,374.0,233.0,16.125,1.5,3.5,7.0,1.0
NGCT23_SLICE76_LAD,369,212,377,214,365.5,206.0,379.0,222.0,29.0625,3.5,6.0,2.0,8.0
NGCT23_SLICE77_LAD,373,211,375,214,368.5,204.0,380.5,218.5,29.9375,4.5,7.0,5.5,4.5
NGCT23_SLICE78_LAD,373,202,380,210,370.0,202.0,382.0,216.0,12.25,3.0,0.0,2.0,6.0
NGCT23_SLICE79_LAD,372,201,372,215,370.0,198.0,380.5,216.0,21.5625,2.0,3.0,8.5,1.0
NGCT26_SLICE50_LAD,0,0,0,0,0.0,0.0,0.0,0.0,0.0,0.0,0.0,0.0,0.0
NGCT26_SLICE51_LAD,0,0,0,0,0.0,0.0,0.0,0.0,0.0,0.0,0.0,0.0,0.0
NGCT26_SLICE52_LAD,280,220,285,225,279.0,218.0,292.0,226.0,13.75,1.0,2.0,7.0,1.0
NGCT26_SLICE53_LAD,277,206,285,212,274.0,201.5,292.0,220.0,35.5625,3.0,4.5,7.0,8.0
NGCT26_SLICE54_LAD,278,193,295,214,276.5,191.5,298.5,218.0,8.1875,1.5,1.5,3.5,4.0
NGCT26_SLICE55_LAD,284,182,300,201,284.0,179.5,305.0,206.0,14.0625,0.0,2.5,5.0,5.0
NGCT26_SLICE56_LAD,291,181,304,197,285.5,176.0,306.0,200.0,17.0625,5.5,5.0,2.0,3.0
NGCT26_SLICE57_LAD,290,175,300,190,287.0,169.0,306.0,194.0,24.25,3.0,6.0,6.0,4.0
NGCT26_SLICE58_LAD,301,171,311,176,296.0,166.5,312.5,181.5,19.4375,5.0,4.5,1.5,5.5
NGCT26_SLICE59_LAD,309,160,317,167,306.0,158.5,323.0,169.0,12.8125,3.0,1.5,6.0,2.0
NGCT26_SLICE60_LAD,315,160,322,163,309.0,157.0,327.0,164.0,17.75,6.0,3.0,5.0,1.0
NGCT26_SLICE61_LAD,0,0,0,0,0.0,0.0,0.0,0.0,0.0,0.0,0.0,0.0,0.0
NGCT26_SLICE62_LAD,0,0,0,0,0.0,0.0,0.0,0.0,0.0,0.0,0.0,0.0,0.0
NGCT26_SLICE63_LAD,306,148,318,157,304.0,143.5,318.5,158.5,6.6875,2.0,4.5,0.5,1.5
NGCT26_SLICE64_LAD,310,142,312,151,305.5,141.0,318.0,152.5,14.875,4.5,1.0,6.0,1.5
NGCT26_SLICE65_LAD,0,0,0,0,0.0,0.0,0.0,0.0,0.0,0.0,0.0,0.0,0.0
NGCT27_SLICE77_LAD,0,0,0,0,0.0,0.0,0.0,0.0,0.0,0.0,0.0,0.0,0.0
NGCT27_SLICE78_LAD,0,0,0,0,0.0,0.0,0.0,0.0,0.0,0.0,0.0,0.0,0.0
NGCT27_SLICE79_LAD,0,0,0,0,0.0,0.0,0.0,0.0,0.0,0.0,0.0,0.0,0.0
NGCT27_SLICE80_LAD,0,0,0,0,0.0,0.0,0.0,0.0,0.0,0.0,0.0,0.0,0.0
NGCT27_SLICE81_LAD,0,0,0,0,0.0,0.0,0.0,0.0,0.0,0.0,0.0,0.0,0.0
NGCT27_SLICE82_LAD,0,0,0,0,0.0,0.0,0.0,0.0,0.0,0.0,0.0,0.0,0.0
NGCT27_SLICE83_LAD,330,220,342,228,330.0,217.0,342.5,231.5,5.375,0.0,3.0,0.5,3.5
NGCT27_SLICE84_LAD,326,224,329,226,322.0,223.0,329.5,230.0,8.3125,4.0,1.0,0.5,4.0
NGCT27_SLICE85_LAD,330,210,337,221,328.0,208.0,341.0,227.0,15.0,2.0,2.0,4.0,6.0
NGCT27_SLICE86_LAD,329,207,339,220,328.0,207.0,340.5,224.5,5.875,1.0,0.0,1.5,4.5
NGCT27_SLICE87_LAD,335,204,337,213,333.0,202.5,341.0,215.0,6.5625,2.0,1.5,4.0,2.0
NGCT27_SLICE88_LAD,335,208,348,216,331.5,206.0,351.5,216.5,7.1875,3.5,2.0,3.5,0.5
NGCT27_SLICE89_LAD,335,199,339,204,335.0,199.5,345.0,207.5,12.125,0.0,0.5,6.0,3.5
NGCT27_SLICE90_LAD,339,200,342,200,335.0,199.0,347.0,206.0,19.5,4.0,1.0,5.0,6.0
NGCT27_SLICE91_LAD,338,200,346,203,333.0,198.0,346.5,207.0,11.3125,5.0,2.0,0.5,4.0
NGCT27_SLICE92_LAD,340,199,342,196,337.5,198.0,345.5,201.5,12.4375,2.5,1.0,3.5,5.5
NGCT28_SLICE50_LAD,0,0,0,0,0.0,0.0,0.0,0.0,0.0,0.0,0.0,0.0,0.0
NGCT28_SLICE51_LAD,0,0,0,0,0.0,0.0,0.0,0.0,0.0,0.0,0.0,0.0,0.0
NGCT28_SLICE52_LAD,0,0,0,0,0.0,0.0,0.0,0.0,0.0,0.0,0.0,0.0,0.0
NGCT28_SLICE53_LAD,290,232,290,235,288.5,231.0,295.0,235.5,7.125,1.5,1.0,5.0,0.5
NGCT28_SLICE54_LAD,293,229,291,232,288.0,229.5,296.5,237.0,20.125,5.0,0.5,5.5,5.0
NGCT28_SLICE55_LAD,0,0,0,0,0.0,0.0,0.0,0.0,0.0,0.0,0.0,0.0,0.0
NGCT28_SLICE56_LAD,307,234,316,237,307.0,231.0,318.5,241.5,8.875,0.0,3.0,2.5,4.5
NGCT28_SLICE57_LAD,308,222,323,233,307.5,222.0,327.0,235.0,5.0625,0.5,0.0,4.0,2.0
NGCT28_SLICE58_LAD,316,222,330,232,314.5,218.5,331.5,233.0,4.4375,1.5,3.5,1.5,1.0
NGCT28_SLICE59_LAD,321,214,337,224,319.5,210.0,338.5,229.0,11.375,1.5,4.0,1.5,5.0
NGCT28_SLICE60_LAD,332,208,341,216,329.0,205.0,342.5,217.5,5.625,3.0,3.0,1.5,1.5
NGCT28_SLICE61_LAD,335,203,340,210,334.0,201.0,344.0,215.5,12.8125,1.0,2.0,4.0,5.5
NGCT28_SLICE62_LAD,338,200,344,209,336.0,198.5,346.5,212.5,6.1875,2.0,1.5,2.5,3.5
NGCT28_SLICE63_LAD,338,199,344,204,338.0,195.5,346.0,209.0,10.3125,0.0,3.5,2.0,5.0
NGCT28_SLICE64_LAD,347,191,351,198,346.0,191.0,352.5,199.0,1.0625,1.0,0.0,1.5,1.0
NGCT28_SLICE65_LAD,0,0,0,0,0.0,0.0,0.0,0.0,0.0,0.0,0.0,0.0,0.0
NGCT29_SLICE55_LAD,0,0,0,0,0.0,0.0,0.0,0.0,0.0,0.0,0.0,0.0,0.0
NGCT29_SLICE56_LAD,0,0,0,0,0.0,0.0,0.0,0.0,0.0,0.0,0.0,0.0,0.0
NGCT29_SLICE57_LAD,313,229,320,232,312.0,225.5,324.0,235.5,10.375,1.0,3.5,4.0,3.5
NGCT29_SLICE58_LAD,318,223,326,228,314.5,220.5,329.0,233.0,13.125,3.5,2.5,3.0,5.0
NGCT29_SLICE59_LAD,323,223,333,228,320.0,220.5,336.0,229.5,6.625,3.0,2.5,3.0,1.5
NGCT29_SLICE60_LAD,334,208,341,215,330.5,207.0,343.0,219.0,8.3125,3.5,1.0,2.0,4.0
NGCT32_SLICE59_LAD,320,192,342,217,317.0,189.5,345.0,221.0,10.0625,3.0,2.5,3.0,4.0
NGCT32_SLICE60_LAD,321,187,345,214,318.0,187.0,346.0,218.0,6.5,3.0,0.0,1.0,4.0
NGCT32_SLICE61_LAD,322,188,343,216,320.0,185.0,348.0,218.5,11.0625,2.0,3.0,5.0,2.5
NGCT32_SLICE62_LAD,340,187,345,193,337.0,184.0,348.5,197.0,11.5625,3.0,3.0,3.5,4.0
NGCT32_SLICE63_LAD,333,185,342,190,330.0,184.0,345.5,191.5,6.125,3.0,1.0,3.5,1.5
NGCT32_SLICE64_LAD,350,185,353,188,346.5,183.0,355.5,190.0,6.625,3.5,2.0,2.5,2.0
NGCT33_SLICE51_LAD,0,0,0,0,0.0,0.0,0.0,0.0,0.0,0.0,0.0,0.0,0.0
NGCT33_SLICE52_LAD,321,200,350,215,319.0,198.0,352.0,216.0,3.25,2.0,2.0,2.0,1.0
NGCT33_SLICE53_LAD,339,201,350,208,335.5,200.0,351.5,210.0,4.875,3.5,1.0,1.5,2.0
NGCT33_SLICE54_LAD,0,0,0,0,0.0,0.0,0.0,0.0,0.0,0.0,0.0,0.0,0.0
NGCT33_SLICE55_LAD,0,0,0,0,0.0,0.0,0.0,0.0,0.0,0.0,0.0,0.0,0.0
NGCT33_SLICE56_LAD,362,177,362,185,359.0,174.0,365.5,186.0,7.8125,3.0,3.0,3.5,1.0
NGCT34_SLICE70_LAD,0,0,0,0,0.0,0.0,0.0,0.0,0.0,0.0,0.0,0.0,0.0
NGCT34_SLICE71_LAD,0,0,0,0,0.0,0.0,0.0,0.0,0.0,0.0,0.0,0.0,0.0
NGCT34_SLICE72_LAD,0,0,0,0,0.0,0.0,0.0,0.0,0.0,0.0,0.0,0.0,0.0
NGCT34_SLICE73_LAD,0,0,0,0,0.0,0.0,0.0,0.0,0.0,0.0,0.0,0.0,0.0
NGCT34_SLICE74_LAD,287,205,287,209,283.5,204.5,292.0,212.5,12.4375,3.5,0.5,5.0,3.5
NGCT34_SLICE75_LAD,279,205,293,213,277.0,202.0,295.0,215.0,5.25,2.0,3.0,2.0,2.0
NGCT34_SLICE76_LAD,281,201,295,213,279.0,199.5,298.0,215.0,4.8125,2.0,1.5,3.0,2.0
NGCT34_SLICE77_LAD,287,196,297,206,284.5,195.0,301.0,211.0,12.0625,2.5,1.0,4.0,5.0
NGCT34_SLICE78_LAD,289,196,301,207,287.5,193.0,305.0,209.5,8.375,1.5,3.0,4.0,2.5
NGCT34_SLICE79_LAD,298,188,304,201,295.0,185.0,308.5,202.0,9.8125,3.0,3.0,4.5,1.0
NGCT34_SLICE80_LAD,301,183,304,195,298.0,182.0,308.5,199.5,12.625,3.0,1.0,4.5,4.5
NGCT34_SLICE81_LAD,301,178,313,189,300.0,175.0,314.0,192.0,5.0,1.0,3.0,1.0,3.0
NGCT34_SLICE82_LAD,308,173,311,178,305.0,172.5,314.0,182.0,8.5625,3.0,0.5,3.0,4.0
NGCT34_SLICE83_LAD,303,169,316,175,302.0,168.0,318.0,179.0,5.5,1.0,1.0,2.0,4.0
NGCT34_SLICE84_LAD,309,161,315,171,306.0,160.5,315.5,173.5,3.9375,3.0,0.5,0.5,2.5
NGCT34_SLICE85_LAD,0,0,0,0,0.0,0.0,0.0,0.0,0.0,0.0,0.0,0.0,0.0
NGCT34_SLICE86_LAD,311,155,312,157,307.5,152.0,315.0,159.5,9.125,3.5,3.0,3.0,2.5
NGCT34_SLICE87_LAD,306,152,311,157,305.5,149.0,314.0,157.5,4.625,0.5,3.0,3.0,0.5
NGCT34_SLICE88_LAD,307,150,313,152,306.0,149.5,316.0,155.0,4.8125,1.0,0.5,3.0,3.0
NGCT34_SLICE89_LAD,303,144,311,151,303.0,144.5,315.0,153.0,5.0625,0.0,0.5,4.0,2.0
NGCT34_SLICE90_LAD,305,149,311,151,304.0,146.0,314.5,153.0,6.5625,1.0,3.0,3.5,2.0
NGCT34_SLICE91_LAD,0,0,0,0,0.0,0.0,0.0,0.0,0.0,0.0,0.0,0.0,0.0
NGCT34_SLICE92_LAD,0,0,0,0,0.0,0.0,0.0,0.0,0.0,0.0,0.0,0.0,0.0
NGCT34_SLICE93_LAD,0,0,0,0,0.0,0.0,0.0,0.0,0.0,0.0,0.0,0.0,0.0
NGCT34_SLICE94_LAD,0,0,0,0,0.0,0.0,0.0,0.0,0.0,0.0,0.0,0.0,0.0
NGCT34_SLICE95_LAD,0,0,0,0,0.0,0.0,0.0,0.0,0.0,0.0,0.0,0.0,0.0
NGCT35_SLICE60_LAD,0,0,0,0,0.0,0.0,0.0,0.0,0.0,0.0,0.0,0.0,0.0
NGCT35_SLICE61_LAD,0,0,0,0,0.0,0.0,0.0,0.0,0.0,0.0,0.0,0.0,0.0
NGCT35_SLICE62_LAD,280,192,303,209,277.5,190.0,305.5,210.0,4.375,2.5,2.0,2.5,1.0
NGCT35_SLICE63_LAD,287,192,296,203,285.0,192.0,300.0,203.5,5.0625,2.0,0.0,4.0,0.5
NGCT35_SLICE64_LAD,303,191,312,195,302.0,189.5,315.0,198.0,5.3125,1.0,1.5,3.0,3.0
NGCT35_SLICE65_LAD,317,178,325,182,316.5,175.5,325.5,184.0,2.6875,0.5,2.5,0.5,2.0
NGCT46_SLICE59_LAD,0,0,0,0,0.0,0.0,0.0,0.0,0.0,0.0,0.0,0.0,0.0
NGCT46_SLICE60_LAD,0,0,0,0,0.0,0.0,0.0,0.0,0.0,0.0,0.0,0.0,0.0
NGCT46_SLICE61_LAD,0,0,0,0,0.0,0.0,0.0,0.0,0.0,0.0,0.0,0.0,0.0
NGCT46_SLICE62_LAD,0,0,0,0,0.0,0.0,0.0,0.0,0.0,0.0,0.0,0.0,0.0
NGCT46_SLICE63_LAD,301,248,313,255,301.0,248.0,314.0,258.5,3.3125,0.0,0.0,1.0,3.5
NGCT46_SLICE64_LAD,0,0,0,0,0.0,0.0,0.0,0.0,0.0,0.0,0.0,0.0,0.0
NGCT46_SLICE65_LAD,0,0,0,0,0.0,0.0,0.0,0.0,0.0,0.0,0.0,0.0,0.0
NGCT46_SLICE66_LAD,309,245,316,251,306.5,244.0,318.0,252.5,3.375,2.5,1.0,2.0,1.5
NGCT46_SLICE67_LAD,311,224,328,240,308.5,224.5,331.0,240.5,3.9375,2.5,0.5,3.0,0.5
NGCT46_SLICE68_LAD,312,221,334,237,312.0,221.0,336.0,239.0,2.0,0.0,0.0,2.0,2.0
NGCT46_SLICE69_LAD,320,216,336,233,320.0,215.0,339.0,235.0,3.5,0.0,1.0,3.0,2.0
NGCT46_SLICE70_LAD,322,219,340,233,321.0,216.0,341.5,235.0,4.0625,1.0,3.0,1.5,2.0
NGCT46_SLICE71_LAD,337,206,342,210,336.0,203.0,343.5,210.5,3.125,1.0,3.0,1.5,0.5
NGCT46_SLICE72_LAD,335,195,342,202,334.0,193.0,342.5,203.0,1.5625,1.0,2.0,0.5,1.0
NGCT46_SLICE73_LAD,335,188,341,194,334.0,186.5,342.0,196.0,2.0625,1.0,1.5,1.0,2.0
NGCT46_SLICE74_LAD,334,183,339,191,333.0,181.0,340.0,191.5,1.5625,1.0,2.0,1.0,0.5
NGCT47_SLICE58_LAD,306,211,312,220,304.0,211.0,314.0,221.5,2.5625,2.0,0.0,2.0,1.5
NGCT47_SLICE59_LAD,312,204,319,215,309.5,201.5,322.0,216.0,5.625,2.5,2.5,3.0,1.0
NGCT47_SLICE60_LAD,318,196,322,204,316.0,195.5,323.0,205.0,1.5625,2.0,0.5,1.0,1.0
NGCT47_SLICE61_LAD,0,0,0,0,0.0,0.0,0.0,0.0,0.0,0.0,0.0,0.0,0.0
NGCT47_SLICE62_LAD,0,0,0,0,0.0,0.0,0.0,0.0,0.0,0.0,0.0,0.0,0.0
NGCT47_SLICE63_LAD,0,0,0,0,0.0,0.0,0.0,0.0,0.0,0.0,0.0,0.0,0.0
NGCT48_SLICE51_LAD,0,0,0,0,0.0,0.0,0.0,0.0,0.0,0.0,0.0,0.0,0.0
NGCT48_SLICE52_LAD,0,0,0,0,0.0,0.0,0.0,0.0,0.0,0.0,0.0,0.0,0.0
NGCT48_SLICE53_LAD,0,0,0,0,0.0,0.0,0.0,0.0,0.0,0.0,0.0,0.0,0.0
NGCT48_SLICE54_LAD,276,231,304,247,274.0,230.0,305.0,247.5,1.5625,2.0,1.0,1.0,0.5
NGCT48_SLICE55_LAD,277,224,312,243,275.0,224.0,312.5,245.0,2.0625,2.0,0.0,0.5,2.0
NGCT48_SLICE56_LAD,292,228,309,239,291.5,226.0,311.0,239.5,2.125,0.5,2.0,2.0,0.5
NGCT49_SLICE45_LAD,0,0,0,0,0.0,0.0,0.0,0.0,0.0,0.0,0.0,0.0,0.0
NGCT49_SLICE46_LAD,0,0,0,0,0.0,0.0,0.0,0.0,0.0,0.0,0.0,0.0,0.0
NGCT49_SLICE47_LAD,0,0,0,0,0.0,0.0,0.0,0.0,0.0,0.0,0.0,0.0,0.0
NGCT49_SLICE48_LAD,303,195,317,206,303.5,194.5,319.0,209.0,3.375,0.5,0.5,2.0,3.0
NGCT49_SLICE49_LAD,302,205,308,216,301.0,203.5,311.0,218.0,4.0625,1.0,1.5,3.0,2.0
NGCT49_SLICE50_LAD,0,0,0,0,0.0,0.0,0.0,0.0,0.0,0.0,0.0,0.0,0.0
NGCT51_SLICE58_LAD,0,0,0,0,0.0,0.0,0.0,0.0,0.0,0.0,0.0,0.0,0.0
NGCT51_SLICE59_LAD,0,0,0,0,0.0,0.0,0.0,0.0,0.0,0.0,0.0,0.0,0.0
NGCT51_SLICE60_LAD,0,0,0,0,0.0,0.0,0.0,0.0,0.0,0.0,0.0,0.0,0.0
NGCT51_SLICE61_LAD,0,0,0,0,0.0,0.0,0.0,0.0,0.0,0.0,0.0,0.0,0.0
NGCT51_SLICE62_LAD,0,0,0,0,0.0,0.0,0.0,0.0,0.0,0.0,0.0,0.0,0.0
NGCT51_SLICE63_LAD,304,214,315,229,302.5,212.0,318.5,231.0,5.625,1.5,2.0,3.5,2.0
NGCT52_SLICE74_LAD,0,0,0,0,0.0,0.0,0.0,0.0,0.0,0.0,0.0,0.0,0.0
NGCT52_SLICE75_LAD,322,221,334,229,321.5,218.5,337.0,232.0,6.125,0.5,2.5,3.0,3.0
NGCT52_SLICE76_LAD,317,223,330,236,317.0,222.0,333.0,236.5,2.5625,0.0,1.0,3.0,0.5
NGCT52_SLICE77_LAD,323,218,339,229,322.0,216.0,340.0,229.5,1.5625,1.0,2.0,1.0,0.5
NGCT52_SLICE78_LAD,0,0,0,0,0.0,0.0,0.0,0.0,0.0,0.0,0.0,0.0,0.0
NGCT52_SLICE79_LAD,331,214,343,223,328.5,212.0,345.5,226.0,6.375,2.5,2.0,2.5,3.0
NGCT53_SLICE53_LAD,337,214,361,230,336.0,212.0,363.0,232.5,3.8125,1.0,2.0,2.0,2.5
NGCT53_SLICE54_LAD,322,207,360,236,321.0,207.0,363.0,238.5,4.0625,1.0,0.0,3.0,2.5
NGCT53_SLICE55_LAD,326,205,364,233,323.0,204.0,367.5,234.5,6.125,3.0,1.0,3.5,1.5
NGCT53_SLICE56_LAD,350,199,366,217,349.5,199.0,366.5,219.0,1.125,0.5,0.0,0.5,2.0
NGCT53_SLICE57_LAD,0,0,0,0,0.0,0.0,0.0,0.0,0.0,0.0,0.0,0.0,0.0
NGCT54_SLICE79_LAD,0,0,0,0,0.0,0.0,0.0,0.0,0.0,0.0,0.0,0.0,0.0
NGCT54_SLICE80_LAD,0,0,0,0,0.0,0.0,0.0,0.0,0.0,0.0,0.0,0.0,0.0
NGCT54_SLICE81_LAD,320,254,337,263,318.0,252.0,340.0,265.0,5.25,2.0,2.0,3.0,2.0
NGCT54_SLICE82_LAD,318,250,340,260,317.0,249.0,342.0,263.5,4.5625,1.0,1.0,2.0,3.5
NGCT54_SLICE83_LAD,337,248,349,260,335.0,246.0,350.5,261.5,3.125,2.0,2.0,1.5,1.5
NGCT54_SLICE84_LAD,340,247,350,252,338.5,244.5,352.5,255.0,5.9375,1.5,2.5,2.5,3.0
NGCT55_SLICE78_LAD,0,0,0,0,0.0,0.0,0.0,0.0,0.0,0.0,0.0,0.0,0.0
NGCT55_SLICE79_LAD,0,0,0,0,0.0,0.0,0.0,0.0,0.0,0.0,0.0,0.0,0.0
NGCT55_SLICE80_LAD,278,218,286,224,277.0,217.5,287.5,225.0,1.125,1.0,0.5,1.5,1.0
NGCT55_SLICE81_LAD,278,216,286,224,277.0,215.5,287.0,225.5,1.125,1.0,0.5,1.0,1.5
NGCT55_SLICE82_LAD,281,215,290,224,281.0,215.0,291.5,225.0,0.8125,0.0,0.0,1.5,1.0
NGCT55_SLICE83_LAD,285,217,291,224,283.5,215.0,294.5,225.0,4.875,1.5,2.0,3.5,1.0
NGCT55_SLICE84_LAD,288,212,297,219,286.5,211.5,299.0,222.0,3.875,1.5,0.5,2.0,3.0
NGCT55_SLICE85_LAD,291,210,296,219,289.5,208.5,298.0,221.5,3.6875,1.5,1.5,2.0,2.5
NGCT55_SLICE86_LAD,293,208,300,215,293.0,207.0,303.0,217.0,3.5,0.0,1.0,3.0,2.0
NGCT55_SLICE87_LAD,296,204,304,211,296.0,203.5,304.5,212.0,0.375,0.0,0.5,0.5,1.0
NGCT55_SLICE88_LAD,298,201,304,205,296.0,200.0,305.0,208.0,3.75,2.0,1.0,1.0,3.0
NGCT55_SLICE89_LAD,304,196,306,203,302.0,195.0,309.5,205.0,5.3125,2.0,1.0,3.5,2.0
NGCT55_SLICE90_LAD,0,0,0,0,0.0,0.0,0.0,0.0,0.0,0.0,0.0,0.0,0.0
NGCT55_SLICE91_LAD,0,0,0,0,0.0,0.0,0.0,0.0,0.0,0.0,0.0,0.0,0.0
NGCT55_SLICE92_LAD,0,0,0,0,0.0,0.0,0.0,0.0,0.0,0.0,0.0,0.0,0.0
NGCT56_SLICE60_LAD,0,0,0,0,0.0,0.0,0.0,0.0,0.0,0.0,0.0,0.0,0.0
NGCT56_SLICE61_LAD,0,0,0,0,0.0,0.0,0.0,0.0,0.0,0.0,0.0,0.0,0.0
NGCT56_SLICE62_LAD,309,219,326,241,308.0,218.5,327.0,243.5,2.125,1.0,0.5,1.0,2.5
NGCT56_SLICE63_LAD,304,219,323,251,304.0,218.0,326.0,252.0,2.75,0.0,1.0,3.0,1.0
NGCT56_SLICE64_LAD,318,217,326,230,316.0,215.0,327.5,230.5,2.625,2.0,2.0,1.5,0.5
NGCT56_SLICE65_LAD,320,219,328,225,320.0,218.0,329.5,228.0,3.0625,0.0,1.0,1.5,3.0
NGCT57_SLICE50_LAD,0,0,0,0,0.0,0.0,0.0,0.0,0.0,0.0,0.0,0.0,0.0
NGCT57_SLICE51_LAD,0,0,0,0,0.0,0.0,0.0,0.0,0.0,0.0,0.0,0.0,0.0
NGCT57_SLICE52_LAD,0,0,0,0,0.0,0.0,0.0,0.0,0.0,0.0,0.0,0.0,0.0
NGCT57_SLICE53_LAD,300,199,320,212,299.0,197.0,322.0,213.0,2.5,1.0,2.0,2.0,1.0
NGCT57_SLICE54_LAD,331,192,342,201,330.0,190.5,345.0,203.5,4.625,1.0,1.5,3.0,2.5
NGCT57_SLICE55_LAD,331,188,349,200,330.5,186.0,352.0,201.0,3.5625,0.5,2.0,3.0,1.0
NGCT58_SLICE64_LAD,280,213,289,223,277.5,211.0,291.0,224.0,3.8125,2.5,2.0,2.0,1.0
NGCT58_SLICE65_LAD,285,204,300,220,283.0,203.0,301.0,221.0,1.75,2.0,1.0,1.0,1.0
NGCT58_SLICE66_LAD,286,200,299,212,285.5,200.0,302.0,214.5,3.875,0.5,0.0,3.0,2.5
NGCT58_SLICE67_LAD,290,195,306,210,288.5,193.0,309.5,211.0,4.875,1.5,2.0,3.5,1.0
NGCT58_SLICE68_LAD,296,194,310,203,295.0,191.5,311.5,205.0,3.375,1.0,2.5,1.5,2.0
NGCT58_SLICE69_LAD,305,180,315,195,305.0,180.0,317.0,196.5,1.5625,0.0,0.0,2.0,1.5
NGCT59_SLICE50_LAD,313,191,330,206,312.0,190.5,331.0,208.0,1.5625,1.0,0.5,1.0,2.0
NGCT59_SLICE51_LAD,312,184,334,204,311.0,182.0,335.0,206.5,3.0625,1.0,2.0,1.0,2.5
NGCT59_SLICE52_LAD,312,179,332,203,310.5,179.0,335.0,206.0,5.0625,1.5,0.0,3.0,3.0
NGCT59_SLICE53_LAD,318,179,333,192,317.0,177.5,335.5,192.5,2.4375,1.0,1.5,2.5,0.5
NGCT59_SLICE54_LAD,321,178,331,189,320.0,177.0,333.5,192.0,4.3125,1.0,1.0,2.5,3.0
NGCT59_SLICE55_LAD,0,0,0,0,0.0,0.0,0.0,0.0,0.0,0.0,0.0,0.0,0.0
NGCT62_SLICE78_LAD,0,0,0,0,0.0,0.0,0.0,0.0,0.0,0.0,0.0,0.0,0.0
NGCT62_SLICE79_LAD,0,0,0,0,0.0,0.0,0.0,0.0,0.0,0.0,0.0,0.0,0.0
NGCT62_SLICE80_LAD,322,182,327,192,320.5,181.0,329.5,194.0,3.375,1.5,1.0,2.5,2.0
NGCT62_SLICE81_LAD,324,168,332,188,324.0,168.0,333.0,189.5,0.8125,0.0,0.0,1.0,1.5
NGCT62_SLICE82_LAD,325,166,332,191,324.0,164.0,334.5,192.0,3.0625,1.0,2.0,2.5,1.0
NGCT62_SLICE83_LAD,326,163,332,184,325.0,161.0,335.0,186.0,4.5,1.0,2.0,3.0,2.0
NGCT62_SLICE84_LAD,327,164,335,179,327.0,163.0,337.5,179.5,1.875,0.0,1.0,2.5,0.5
NGCT62_SLICE85_LAD,329,153,340,171,328.0,153.0,341.0,174.5,3.5625,1.0,0.0,1.0,3.5
NGCT62_SLICE86_LAD,334,148,341,162,333.5,148.0,342.5,162.5,0.6875,0.5,0.0,1.5,0.5
NGCT62_SLICE87_LAD,332,145,336,154,331.5,144.0,338.5,154.5,1.9375,0.5,1.0,2.5,0.5
NGCT62_SLICE88_LAD,0,0,0,0,0.0,0.0,0.0,0.0,0.0,0.0,0.0,0.0,0.0
NGCT62_SLICE89_LAD,0,0,0,0,0.0,0.0,0.0,0.0,0.0,0.0,0.0,0.0,0.0
NGCT62_SLICE90_LAD,0,0,0,0,0.0,0.0,0.0,0.0,0.0,0.0,0.0,0.0,0.0
NGCT62_SLICE91_LAD,0,0,0,0,0.0,0.0,0.0,0.0,0.0,0.0,0.0,0.0,0.0
NGCT62_SLICE92_LAD,0,0,0,0,0.0,0.0,0.0,0.0,0.0,0.0,0.0,0.0,0.0
NGCT64_SLICE20_LAD,0,0,0,0,0.0,0.0,0.0,0.0,0.0,0.0,0.0,0.0,0.0
NGCT64_SLICE21_LAD,0,0,0,0,0.0,0.0,0.0,0.0,0.0,0.0,0.0,0.0,0.0
NGCT64_SLICE22_LAD,0,0,0,0,0.0,0.0,0.0,0.0,0.0,0.0,0.0,0.0,0.0
NGCT64_SLICE23_LAD,0,0,0,0,0.0,0.0,0.0,0.0,0.0,0.0,0.0,0.0,0.0
NGCT64_SLICE24_LAD,340,151,357,177,339.0,150.0,359.5,179.5,3.625,1.0,1.0,2.5,2.5
NGCT64_SLICE25_LAD,345,149,359,176,345.0,147.5,361.5,177.0,2.375,0.0,1.5,2.5,1.0
NGCT67_SLICE64_LAD,0,0,0,0,0.0,0.0,0.0,0.0,0.0,0.0,0.0,0.0,0.0
NGCT67_SLICE65_LAD,0,0,0,0,0.0,0.0,0.0,0.0,0.0,0.0,0.0,0.0,0.0
NGCT67_SLICE66_LAD,0,0,0,0,0.0,0.0,0.0,0.0,0.0,0.0,0.0,0.0,0.0
NGCT67_SLICE67_LAD,306,195,329,209,305.5,193.5,329.5,212.0,2.9375,0.5,1.5,0.5,3.0
NGCT67_SLICE68_LAD,307,185,337,210,306.5,185.5,339.0,211.0,1.375,0.5,0.5,2.0,1.0
NGCT67_SLICE69_LAD,315,186,336,208,315.0,185.0,338.5,209.0,2.0625,0.0,1.0,2.5,1.0
NGCT68_SLICE59_LAD,296,243,308,262,296.5,242.5,311.0,263.5,2.9375,0.5,0.5,3.0,1.5
NGCT68_SLICE60_LAD,306,241,312,252,305.0,239.5,313.0,253.0,1.3125,1.0,1.5,1.0,1.0
NGCT68_SLICE61_LAD,308,227,317,243,306.5,227.5,318.0,245.5,2.4375,1.5,0.5,1.0,2.5
NGCT68_SLICE62_LAD,311,221,321,236,311.0,220.5,322.5,238.0,1.625,0.0,0.5,1.5,2.0
NGCT68_SLICE63_LAD,307,217,318,230,307.0,217.0,319.0,231.0,0.5,0.0,0.0,1.0,1.0
NGCT68_SLICE64_LAD,310,212,316,221,308.0,212.0,318.0,224.0,4.25,2.0,0.0,2.0,3.0
NGCT69_SLICE70_LAD,0,0,0,0,0.0,0.0,0.0,0.0,0.0,0.0,0.0,0.0,0.0
NGCT69_SLICE71_LAD,0,0,0,0,0.0,0.0,0.0,0.0,0.0,0.0,0.0,0.0,0.0
NGCT69_SLICE72_LAD,0,0,0,0,0.0,0.0,0.0,0.0,0.0,0.0,0.0,0.0,0.0
NGCT69_SLICE73_LAD,0,0,0,0,0.0,0.0,0.0,0.0,0.0,0.0,0.0,0.0,0.0
NGCT69_SLICE74_LAD,310,196,323,217,309.5,195.0,324.0,218.5,1.125,0.5,1.0,1.0,1.5
NGCT74_SLICE81_LAD,0,0,0,0,0.0,0.0,0.0,0.0,0.0,0.0,0.0,0.0,0.0
NGCT74_SLICE82_LAD,0,0,0,0,0.0,0.0,0.0,0.0,0.0,0.0,0.0,0.0,0.0
NGCT74_SLICE83_LAD,0,0,0,0,0.0,0.0,0.0,0.0,0.0,0.0,0.0,0.0,0.0
NGCT74_SLICE84_LAD,0,0,0,0,0.0,0.0,0.0,0.0,0.0,0.0,0.0,0.0,0.0
NGCT74_SLICE85_LAD,283,210,291,213,282.5,208.5,292.0,215.5,2.4375,0.5,1.5,1.0,2.5
NGCT74_SLICE86_LAD,281,203,297,212,281.5,203.5,299.0,215.0,3.375,0.5,0.5,2.0,3.0
NGCT74_SLICE87_LAD,280,208,291,215,278.0,207.0,293.0,217.5,3.8125,2.0,1.0,2.0,2.5
NGCT74_SLICE88_LAD,281,207,290,212,281.0,207.5,291.0,214.5,1.875,0.0,0.5,1.0,2.5
NGCT74_SLICE89_LAD,297,205,303,212,295.5,205.0,304.0,214.0,1.8125,1.5,0.0,1.0,2.0
NGCT74_SLICE90_LAD,298,204,304,210,297.0,203.0,307.0,211.0,3.0,1.0,1.0,3.0,1.0
NGCT74_SLICE91_LAD,296,199,308,209,295.0,199.0,311.0,211.0,3.5,1.0,0.0,3.0,2.0
NGCT74_SLICE92_LAD,299,198,316,209,297.0,196.5,317.5,210.0,2.375,2.0,1.5,1.5,1.0
NGCT74_SLICE93_LAD,300,190,308,208,300.5,189.5,309.5,211.0,2.9375,0.5,0.5,1.5,3.0
NGCT74_SLICE94_LAD,308,190,316,210,306.0,188.5,319.0,213.0,6.0625,2.0,1.5,3.0,3.0
NGCT74_SLICE95_LAD,303,189,311,205,303.5,187.0,313.5,206.0,2.875,0.5,2.0,2.5,1.0
NGCT74_SLICE96_LAD,302,189,310,202,301.0,188.0,311.0,204.0,1.75,1.0,1.0,1.0,2.0
NGCT75_SLICE54_LAD,0,0,0,0,0.0,0.0,0.0,0.0,0.0,0.0,0.0,0.0,0.0
NGCT75_SLICE55_LAD,0,0,0,0,0.0,0.0,0.0,0.0,0.0,0.0,0.0,0.0,0.0
NGCT75_SLICE56_LAD,0,0,0,0,0.0,0.0,0.0,0.0,0.0,0.0,0.0,0.0,0.0
NGCT75_SLICE57_LAD,281,195,313,208,281.0,194.0,314.0,210.5,2.0625,0.0,1.0,1.0,2.5
NGCT75_SLICE58_LAD,272,192,317,215,272.0,191.0,319.0,217.0,2.25,0.0,1.0,2.0,2.0
NGCT75_SLICE59_LAD,307,187,322,196,306.5,186.0,323.0,197.0,0.8125,0.5,1.0,1.0,1.0
NGCT78_SLICE73_LAD,0,0,0,0,0.0,0.0,0.0,0.0,0.0,0.0,0.0,0.0,0.0
NGCT78_SLICE74_LAD,323,275,341,286,322.0,273.0,342.0,288.0,2.5,1.0,2.0,1.0,2.0
NGCT78_SLICE75_LAD,311,267,330,276,311.0,267.0,332.5,279.0,3.8125,0.0,0.0,2.5,3.0
NGCT78_SLICE76_LAD,302,251,342,282,302.0,251.0,343.0,282.5,0.3125,0.0,0.0,1.0,0.5
NGCT78_SLICE77_LAD,310,252,344,278,309.0,250.5,345.0,279.0,1.3125,1.0,1.5,1.0,1.0
NGCT78_SLICE78_LAD,310,247,348,276,309.0,246.0,350.0,279.0,3.75,1.0,1.0,2.0,3.0
NGCT78_SLICE79_LAD,319,241,352,271,319.0,240.0,354.0,273.0,2.25,0.0,1.0,2.0,2.0
NGCT78_SLICE80_LAD,335,234,358,266,334.0,233.5,358.5,267.0,0.625,1.0,0.5,0.5,1.0
NGCT78_SLICE81_LAD,347,228,359,248,345.5,228.0,361.5,250.0,3.125,1.5,0.0,2.5,2.0
NGCT78_SLICE82_LAD,350,229,360,240,349.5,227.0,360.5,242.0,2.125,0.5,2.0,0.5,2.0
NGCT78_SLICE83_LAD,353,225,360,237,353.0,224.0,363.0,238.5,3.0625,0.0,1.0,3.0,1.5
NGCT78_SLICE84_LAD,358,224,363,233,356.5,224.0,365.0,235.0,2.5625,1.5,0.0,2.0,2.0
NGCT78_SLICE85_LAD,358,221,366,230,356.0,220.0,368.0,231.0,2.5,2.0,1.0,2.0,1.0
NGCT78_SLICE86_LAD,357,223,369,229,355.5,221.0,370.0,230.0,2.0625,1.5,2.0,1.0,1.0
NGCT78_SLICE87_LAD,358,221,366,227,358.5,221.0,368.5,228.5,2.1875,0.5,0.0,2.5,1.5
NGCT79_SLICE55_LAD,301,193,322,212,301.0,193.0,324.0,215.0,3.25,0.0,0.0,2.0,3.0
NGCT79_SLICE56_LAD,304,183,321,203,303.0,183.5,322.5,205.5,2.4375,1.0,0.5,1.5,2.5
NGCT79_SLICE57_LAD,300,184,321,204,300.0,183.0,323.0,206.0,2.25,0.0,1.0,2.0,2.0
NGCT79_SLICE58_LAD,305,186,334,205,305.0,186.0,337.0,206.0,2.5,0.0,0.0,3.0,1.0
NGCT79_SLICE59_LAD,325,200,337,206,323.5,200.0,338.0,208.5,2.375,1.5,0.0,1.0,2.5
NGCT79_SLICE60_LAD,314,204,341,217,314.0,204.0,342.0,219.0,1.25,0.0,0.0,1.0,2.0
NGCT80_SLICE66_LAD,0,0,0,0,0.0,0.0,0.0,0.0,0.0,0.0,0.0,0.0,0.0
NGCT80_SLICE67_LAD,0,0,0,0,0.0,0.0,0.0,0.0,0.0,0.0,0.0,0.0,0.0
NGCT80_SLICE68_LAD,305,212,314,227,304.5,212.0,316.0,229.5,2.625,0.5,0.0,2.0,2.5
NGCT80_SLICE69_LAD,305,211,315,226,303.0,211.0,316.5,227.0,1.8125,2.0,0.0,1.5,1.0
NGCT80_SLICE70_LAD,324,211,330,221,323.0,211.0,332.0,223.0,2.25,1.0,0.0,2.0,2.0
NGCT80_SLICE71_LAD,324,208,337,215,322.5,208.5,339.5,217.0,3.1875,1.5,0.5,2.5,2.0
NGCT82_SLICE51_LAD,302,250,326,256,301.5,249.0,326.5,257.5,0.9375,0.5,1.0,0.5,1.5
NGCT82_SLICE52_LAD,311,248,335,257,310.0,248.0,336.0,258.0,0.75,1.0,0.0,1.0,1.0
NGCT82_SLICE53_LAD,333,236,348,246,332.0,235.5,350.0,248.0,2.3125,1.0,0.5,2.0,2.0
NGCT82_SLICE54_LAD,341,226,354,245,341.0,225.0,356.5,246.0,2.0625,0.0,1.0,2.5,1.0
NGCT82_SLICE55_LAD,347,222,356,234,346.0,222.0,358.0,235.0,1.5,1.0,0.0,2.0,1.0
NGCT82_SLICE56_LAD,359,208,372,226,359.0,207.0,375.0,228.5,4.0625,0.0,1.0,3.0,2.5
NGCT85_SLICE74_LAD,0,0,0,0,0.0,0.0,0.0,0.0,0.0,0.0,0.0,0.0,0.0
NGCT85_SLICE75_LAD,284,251,309,258,282.5,251.5,310.5,260.0,2.1875,1.5,0.5,1.5,2.0
NGCT85_SLICE76_LAD,287,248,315,258,287.5,246.5,317.0,260.5,3.1875,0.5,1.5,2.0,2.5
NGCT85_SLICE77_LAD,294,244,315,258,293.0,244.0,316.0,259.0,0.75,1.0,0.0,1.0,1.0
NGCT85_SLICE78_LAD,307,238,323,251,305.5,238.0,325.5,252.0,2.375,1.5,0.0,2.5,1.0
NGCT85_SLICE79_LAD,314,238,324,244,313.0,237.0,325.5,245.0,1.3125,1.0,1.0,1.5,1.0
NGCT86_SLICE52_LAD,0,0,0,0,0.0,0.0,0.0,0.0,0.0,0.0,0.0,0.0,0.0
NGCT86_SLICE53_LAD,0,0,0,0,0.0,0.0,0.0,0.0,0.0,0.0,0.0,0.0,0.0
NGCT86_SLICE54_LAD,0,0,0,0,0.0,0.0,0.0,0.0,0.0,0.0,0.0,0.0,0.0
NGCT86_SLICE55_LAD,298,196,327,209,297.0,196.0,329.0,211.5,2.8125,1.0,0.0,2.0,2.5
NGCT86_SLICE56_LAD,317,193,337,204,315.5,192.0,338.5,204.5,1.4375,1.5,1.0,1.5,0.5
NGCT86_SLICE57_LAD,315,191,337,202,315.0,191.0,338.0,205.0,2.5,0.0,0.0,1.0,3.0
NGCT87_SLICE56_LAD,291,249,298,271,291.0,248.5,300.5,272.0,1.875,0.0,0.5,2.5,1.0
NGCT87_SLICE57_LAD,294,245,300,265,294.0,244.5,302.0,266.5,1.625,0.0,0.5,2.0,1.5
NGCT87_SLICE58_LAD,0,0,0,0,0.0,0.0,0.0,0.0,0.0,0.0,0.0,0.0,0.0
NGCT87_SLICE59_LAD,0,0,0,0,0.0,0.0,0.0,0.0,0.0,0.0,0.0,0.0,0.0
NGCT87_SLICE60_LAD,0,0,0,0,0.0,0.0,0.0,0.0,0.0,0.0,0.0,0.0,0.0
NGCT87_SLICE61_LAD,297,231,304,246,296.0,231.0,305.5,247.0,1.0625,1.0,0.0,1.5,1.0
NGCT87_SLICE62_LAD,299,230,307,246,298.5,230.0,309.5,246.5,1.6875,0.5,0.0,2.5,0.5
NGCT87_SLICE63_LAD,309,221,317,238,309.0,220.5,319.0,239.0,1.3125,0.0,0.5,2.0,1.0
NGCT87_SLICE64_LAD,302,203,315,230,302.0,203.0,316.5,233.0,2.8125,0.0,0.0,1.5,3.0
NGCT87_SLICE65_LAD,303,199,310,207,303.0,199.0,312.0,208.0,1.25,0.0,0.0,2.0,1.0
NGCT87_SLICE66_LAD,304,198,311,204,303.5,196.0,312.5,206.0,2.625,0.5,2.0,1.5,2.0
NGCT87_SLICE67_LAD,304,193,310,204,303.0,192.5,312.0,205.0,1.5625,1.0,0.5,2.0,1.0
NGCT87_SLICE68_LAD,303,182,310,195,303.0,182.5,312.0,197.0,2.0625,0.0,0.5,2.0,2.0
NGCT87_SLICE69_LAD,305,181,313,189,304.5,180.5,314.0,190.5,0.9375,0.5,0.5,1.0,1.5
NGCT87_SLICE70_LAD,305,178,314,183,304.0,177.0,315.0,186.0,3.0,1.0,1.0,1.0,3.0
NGCT87_SLICE71_LAD,302,176,310,183,300.0,175.0,311.5,184.0,2.0625,2.0,1.0,1.5,1.0
NGCT89_SLICE84_LAD,0,0,0,0,0.0,0.0,0.0,0.0,0.0,0.0,0.0,0.0,0.0
NGCT89_SLICE85_LAD,0,0,0,0,0.0,0.0,0.0,0.0,0.0,0.0,0.0,0.0,0.0
NGCT89_SLICE86_LAD,0,0,0,0,0.0,0.0,0.0,0.0,0.0,0.0,0.0,0.0,0.0
NGCT89_SLICE87_LAD,319,197,328,207,319.0,196.0,329.0,208.0,0.75,0.0,1.0,1.0,1.0
NGCT89_SLICE88_LAD,322,196,330,206,321.0,195.5,331.0,207.5,1.125,1.0,0.5,1.0,1.5
NGCT89_SLICE89_LAD,310,174,334,197,310.0,174.0,335.0,198.5,0.8125,0.0,0.0,1.0,1.5
NGCT89_SLICE90_LAD,311,175,334,201,310.5,175.0,336.0,204.0,3.3125,0.5,0.0,2.0,3.0
NGCT89_SLICE91_LAD,314,175,341,200,313.0,175.0,342.0,203.0,2.75,1.0,0.0,1.0,3.0
NGCT89_SLICE92_LAD,326,163,350,192,325.0,162.5,352.5,194.0,2.875,1.0,0.5,2.5,2.0
NGCT89_SLICE93_LAD,337,155,346,169,337.0,153.5,348.5,171.0,3.125,0.0,1.5,2.5,2.0
NGCT89_SLICE94_LAD,344,150,350,158,343.0,148.0,351.5,160.0,2.8125,1.0,2.0,1.5,2.0
NGCT89_SLICE95_LAD,343,148,352,155,342.5,146.5,353.5,157.0,2.1875,0.5,1.5,1.5,2.0
NGCT89_SLICE96_LAD,344,141,355,149,344.0,139.5,357.0,150.5,2.125,0.0,1.5,2.0,1.5
NGCT89_SLICE97_LAD,349,138,355,148,348.0,138.0,356.5,149.0,1.0625,1.0,0.0,1.5,1.0
NGCT89_SLICE98_LAD,348,136,356,145,348.0,135.0,358.0,146.0,1.5,0.0,1.0,2.0,1.0
NGCT91_SLICE66_LAD,0,0,0,0,0.0,0.0,0.0,0.0,0.0,0.0,0.0,0.0,0.0
NGCT91_SLICE67_LAD,269,212,279,221,268.0,211.0,281.0,223.0,2.5,1.0,1.0,2.0,2.0
NGCT91_SLICE68_LAD,271,213,281,220,270.0,212.0,283.0,222.0,2.5,1.0,1.0,2.0,2.0
NGCT91_SLICE69_LAD,276,208,288,217,275.5,206.5,289.5,218.5,1.75,0.5,1.5,1.5,1.5
NGCT91_SLICE70_LAD,280,202,297,214,280.5,201.5,298.0,215.0,0.625,0.5,0.5,1.0,1.0
NGCT91_SLICE71_LAD,286,197,296,211,286.0,196.5,298.0,212.5,1.625,0.0,0.5,2.0,1.5
NGCT92_SLICE39_LAD,0,0,0,0,0.0,0.0,0.0,0.0,0.0,0.0,0.0,0.0,0.0
NGCT92_SLICE40_LAD,0,0,0,0,0.0,0.0,0.0,0.0,0.0,0.0,0.0,0.0,0.0
NGCT92_SLICE41_LAD,306,209,319,229,306.0,208.0,320.0,231.5,2.0625,0.0,1.0,1.0,2.5
NGCT92_SLICE42_LAD,308,213,318,228,307.0,211.0,320.0,229.0,2.5,1.0,2.0,2.0,1.0
NGCT92_SLICE43_LAD,308,196,318,202,307.0,196.0,320.5,203.0,2.0625,1.0,0.0,2.5,1.0
NGCT92_SLICE44_LAD,309,187,317,197,309.0,187.0,318.0,199.0,1.25,0.0,0.0,1.0,2.0
NGCT93_SLICE60_LAD,0,0,0,0,0.0,0.0,0.0,0.0,0.0,0.0,0.0,0.0,0.0
NGCT93_SLICE61_LAD,0,0,0,0,0.0,0.0,0.0,0.0,0.0,0.0,0.0,0.0,0.0
NGCT93_SLICE62_LAD,278,243,303,248,277.5,242.0,305.0,250.0,2.3125,0.5,1.0,2.0,2.0
NGCT93_SLICE63_LAD,287,230,312,246,287.0,230.0,314.0,247.5,1.5625,0.0,0.0,2.0,1.5
NGCT93_SLICE64_LAD,281,234,301,252,281.0,234.5,302.0,254.0,1.3125,0.0,0.5,1.0,2.0
NGCT93_SLICE65_LAD,289,237,298,249,288.0,236.0,298.5,250.5,1.125,1.0,1.0,0.5,1.5
NGCT94_SLICE60_LAD,0,0,0,0,0.0,0.0,0.0,0.0,0.0,0.0,0.0,0.0,0.0
NGCT94_SLICE61_LAD,285,216,301,229,285.0,216.0,301.5,231.0,1.0625,0.0,0.0,0.5,2.0
NGCT94_SLICE62_LAD,280,216,300,231,280.0,215.5,301.5,232.0,0.875,0.0,0.5,1.5,1.0
NGCT94_SLICE63_LAD,280,216,290,233,279.0,216.5,292.0,235.0,2.3125,1.0,0.5,2.0,2.0
NGCT94_SLICE64_LAD,0,0,0,0,0.0,0.0,0.0,0.0,0.0,0.0,0.0,0.0,0.0
NGCT94_SLICE65_LAD,0,0,0,0,0.0,0.0,0.0,0.0,0.0,0.0,0.0,0.0,0.0
NGCT96_SLICE77_LAD,0,0,0,0,0.0,0.0,0.0,0.0,0.0,0.0,0.0,0.0,0.0
NGCT96_SLICE78_LAD,0,0,0,0,0.0,0.0,0.0,0.0,0.0,0.0,0.0,0.0,0.0
NGCT96_SLICE79_LAD,0,0,0,0,0.0,0.0,0.0,0.0,0.0,0.0,0.0,0.0,0.0
NGCT96_SLICE80_LAD,294,220,313,225,293.0,218.5,314.0,226.5,1.625,1.0,1.5,1.0,1.5
NGCT96_SLICE81_LAD,299,216,317,226,299.0,215.5,318.0,227.0,0.5625,0.0,0.5,1.0,1.0
NGCT96_SLICE82_LAD,310,216,322,223,308.5,216.0,323.5,225.0,2.125,1.5,0.0,1.5,2.0
NGCT97_SLICE60_LAD,0,0,0,0,0.0,0.0,0.0,0.0,0.0,0.0,0.0,0.0,0.0
NGCT97_SLICE61_LAD,304,210,334,226,304.0,209.0,334.5,227.5,0.875,0.0,1.0,0.5,1.5
NGCT97_SLICE62_LAD,322,204,343,220,322.0,203.0,344.0,221.0,0.75,0.0,1.0,1.0,1.0
NGCT97_SLICE63_LAD,323,209,334,219,323.5,209.0,336.0,219.5,1.125,0.5,0.0,2.0,0.5
NGCT97_SLICE64_LAD,0,0,0,0,0.0,0.0,0.0,0.0,0.0,0.0,0.0,0.0,0.0
NGCT97_SLICE65_LAD,0,0,0,0,0.0,0.0,0.0,0.0,0.0,0.0,0.0,0.0,0.0
NGCT22_SLICE63_LAD,0,0,0,0,0.0,0.0,0.0,0.0,0.0,0.0,0.0,0.0,0.0
NGCT22_SLICE64_LAD,337,234,326,222,322.5,229.5,347.5,239.0,245.4375,14.5,4.5,21.5,17.0
NGCT22_SLICE65_LAD,361,245,346,234,340.0,228.0,354.0,235.5,199.0625,21.0,17.0,8.0,1.5
NGCT22_SLICE66_LAD,351,237,354,219,342.0,223.5,356.0,234.5,126.875,9.0,13.5,2.0,15.5
NGCT22_SLICE67_LAD,364,215,341,222,348.5,214.0,359.0,232.0,166.3125,15.5,1.0,18.0,10.0
NGCT22_SLICE68_LAD,366,229,360,218,352.0,214.0,362.5,222.0,110.8125,14.0,15.0,2.5,4.0
NGCT23_SLICE64_LAD,0,0,0,0,0.0,0.0,0.0,0.0,0.0,0.0,0.0,0.0,0.0
NGCT23_SLICE65_LAD,0,0,0,0,0.0,0.0,0.0,0.0,0.0,0.0,0.0,0.0,0.0
NGCT23_SLICE66_LAD,0,0,0,0,0.0,0.0,0.0,0.0,0.0,0.0,0.0,0.0,0.0
NGCT23_SLICE67_LAD,311,260,319,249,306.0,251.0,320.0,257.5,44.8125,5.0,9.0,1.0,8.5
NGCT23_SLICE68_LAD,312,249,327,250,306.0,249.0,328.0,259.5,31.8125,6.0,0.0,1.0,9.5
NGCT23_SLICE69_LAD,309,252,331,249,298.5,245.0,337.0,259.0,73.8125,10.5,7.0,6.0,10.0
NGCT23_SLICE70_LAD,327,241,338,248,318.0,237.0,349.5,258.0,82.3125,9.0,4.0,11.5,10.0
NGCT23_SLICE71_LAD,331,239,350,251,321.0,231.0,359.5,255.5,68.625,10.0,8.0,9.5,4.5
NGCT23_SLICE72_LAD,340,233,355,244,332.5,232.0,360.0,252.0,36.5625,7.5,1.0,5.0,8.0
NGCT23_SLICE73_LAD,350,229,359,244,343.0,225.0,367.0,249.0,38.5,7.0,4.0,8.0,5.0
NGCT23_SLICE74_LAD,360,229,368,232,356.5,220.0,370.0,235.0,26.5625,3.5,9.0,2.0,3.0
NGCT23_SLICE75_LAD,363,215,366,230,359.5,212.5,374.0,233.0,22.875,3.5,2.5,8.0,3.0
NGCT23_SLICE76_LAD,374,214,375,220,365.5,206.0,379.0,222.0,39.0625,8.5,8.0,4.0,2.0
NGCT23_SLICE77_LAD,371,205,372,213,368.5,204.0,380.5,218.5,27.4375,2.5,1.0,8.5,5.5
NGCT23_SLICE78_LAD,373,209,379,212,370.0,202.0,382.0,216.0,20.75,3.0,7.0,3.0,4.0
NGCT23_SLICE79_LAD,372,199,380,211,370.0,198.0,380.5,216.0,7.5625,2.0,1.0,0.5,5.0
NGCT26_SLICE50_LAD,0,0,0,0,0.0,0.0,0.0,0.0,0.0,0.0,0.0,0.0,0.0
NGCT26_SLICE51_LAD,0,0,0,0,0.0,0.0,0.0,0.0,0.0,0.0,0.0,0.0,0.0
NGCT26_SLICE52_LAD,282,219,286,218,279.0,218.0,292.0,226.0,27.5,3.0,1.0,6.0,8.0
NGCT26_SLICE53_LAD,276,208,286,217,274.0,201.5,292.0,220.0,22.8125,2.0,6.5,6.0,3.0
NGCT26_SLICE54_LAD,281,192,298,214,276.5,191.5,298.5,218.0,9.1875,4.5,0.5,0.5,4.0
NGCT26_SLICE55_LAD,284,183,299,200,284.0,179.5,305.0,206.0,21.0625,0.0,3.5,6.0,6.0
NGCT26_SLICE56_LAD,286,183,300,195,285.5,176.0,306.0,200.0,27.5625,0.5,7.0,6.0,5.0
NGCT26_SLICE57_LAD,294,169,304,193,287.0,169.0,306.0,194.0,13.5,7.0,0.0,2.0,1.0
NGCT26_SLICE58_LAD,301,167,311,177,296.0,166.5,312.5,181.5,11.9375,5.0,0.5,1.5,4.5
NGCT26_SLICE59_LAD,311,161,317,163,306.0,158.5,323.0,169.0,25.8125,5.0,2.5,6.0,6.0
NGCT26_SLICE60_LAD,310,159,323,158,309.0,157.0,327.0,164.0,14.25,1.0,2.0,4.0,6.0
NGCT26_SLICE61_LAD,0,0,0,0,0.0,0.0,0.0,0.0,0.0,0.0,0.0,0.0,0.0
NGCT26_SLICE62_LAD,0,0,0,0,0.0,0.0,0.0,0.0,0.0,0.0,0.0,0.0,0.0
NGCT26_SLICE63_LAD,305,148,316,158,304.0,143.5,318.5,158.5,6.9375,1.0,4.5,2.5,0.5
NGCT26_SLICE64_LAD,306,146,311,149,305.5,141.0,318.0,152.5,21.625,0.5,5.0,7.0,3.5
NGCT26_SLICE65_LAD,0,0,0,0,0.0,0.0,0.0,0.0,0.0,0.0,0.0,0.0,0.0
NGCT27_SLICE77_LAD,0,0,0,0,0.0,0.0,0.0,0.0,0.0,0.0,0.0,0.0,0.0
NGCT27_SLICE78_LAD,0,0,0,0,0.0,0.0,0.0,0.0,0.0,0.0,0.0,0.0,0.0
NGCT27_SLICE79_LAD,0,0,0,0,0.0,0.0,0.0,0.0,0.0,0.0,0.0,0.0,0.0
NGCT27_SLICE80_LAD,0,0,0,0,0.0,0.0,0.0,0.0,0.0,0.0,0.0,0.0,0.0
NGCT27_SLICE81_LAD,0,0,0,0,0.0,0.0,0.0,0.0,0.0,0.0,0.0,0.0,0.0
NGCT27_SLICE82_LAD,0,0,0,0,0.0,0.0,0.0,0.0,0.0,0.0,0.0,0.0,0.0
NGCT27_SLICE83_LAD,335,220,336,231,330.0,217.0,342.5,231.5,19.125,5.0,3.0,6.5,0.5
NGCT27_SLICE84_LAD,323,225,324,229,322.0,223.0,329.5,230.0,9.0625,1.0,2.0,5.5,1.0
NGCT27_SLICE85_LAD,329,212,335,221,328.0,208.0,341.0,227.0,22.25,1.0,4.0,6.0,6.0
NGCT27_SLICE86_LAD,329,207,339,219,328.0,207.0,340.5,224.5,8.375,1.0,0.0,1.5,5.5
NGCT27_SLICE87_LAD,335,205,339,209,333.0,202.5,341.0,215.0,12.5625,2.0,2.5,2.0,6.0
NGCT27_SLICE88_LAD,335,209,348,215,331.5,206.0,351.5,216.5,8.9375,3.5,3.0,3.5,1.5
NGCT27_SLICE89_LAD,335,200,342,203,335.0,199.5,345.0,207.5,7.375,0.0,0.5,3.0,4.5
NGCT27_SLICE90_LAD,338,199,343,204,335.0,199.0,347.0,206.0,7.25,3.0,0.0,4.0,2.0
NGCT27_SLICE91_LAD,335,198,341,203,333.0,198.0,346.5,207.0,12.5625,2.0,0.0,5.5,4.0
NGCT27_SLICE92_LAD,337,198,340,196,337.5,198.0,345.5,201.5,15.1875,0.5,0.0,5.5,5.5
NGCT28_SLICE50_LAD,0,0,0,0,0.0,0.0,0.0,0.0,0.0,0.0,0.0,0.0,0.0
NGCT28_SLICE51_LAD,0,0,0,0,0.0,0.0,0.0,0.0,0.0,0.0,0.0,0.0,0.0
NGCT28_SLICE52_LAD,0,0,0,0,0.0,0.0,0.0,0.0,0.0,0.0,0.0,0.0,0.0
NGCT28_SLICE53_LAD,290,236,292,232,288.5,231.0,295.0,235.5,12.125,1.5,5.0,3.0,3.5
NGCT28_SLICE54_LAD,288,230,293,234,288.0,229.5,296.5,237.0,5.375,0.0,0.5,3.5,3.0
NGCT28_SLICE55_LAD,0,0,0,0,0.0,0.0,0.0,0.0,0.0,0.0,0.0,0.0,0.0
NGCT28_SLICE56_LAD,308,233,313,240,307.0,231.0,318.5,241.5,9.375,1.0,2.0,5.5,1.5
NGCT28_SLICE57_LAD,308,223,325,233,307.5,222.0,327.0,235.0,2.3125,0.5,1.0,2.0,2.0
NGCT28_SLICE58_LAD,317,218,327,228,314.5,218.5,331.5,233.0,12.9375,2.5,0.5,4.5,5.0
NGCT28_SLICE59_LAD,319,211,334,224,319.5,210.0,338.5,229.0,11.625,0.5,1.0,4.5,5.0
NGCT28_SLICE60_LAD,331,205,341,217,329.0,205.0,342.5,217.5,1.625,2.0,0.0,1.5,0.5
NGCT28_SLICE61_LAD,334,201,341,213,334.0,201.0,344.0,215.5,3.8125,0.0,0.0,3.0,2.5
NGCT28_SLICE62_LAD,338,200,342,211,336.0,198.5,346.5,212.5,7.1875,2.0,1.5,4.5,1.5
NGCT28_SLICE63_LAD,338,198,345,208,338.0,195.5,346.0,209.0,2.0625,0.0,2.5,1.0,1.0
NGCT28_SLICE64_LAD,346,194,350,195,346.0,191.0,352.5,199.0,7.8125,0.0,3.0,2.5,4.0
NGCT28_SLICE65_LAD,0,0,0,0,0.0,0.0,0.0,0.0,0.0,0.0,0.0,0.0,0.0
NGCT29_SLICE55_LAD,0,0,0,0,0.0,0.0,0.0,0.0,0.0,0.0,0.0,0.0,0.0
NGCT29_SLICE56_LAD,0,0,0,0,0.0,0.0,0.0,0.0,0.0,0.0,0.0,0.0,0.0
NGCT29_SLICE57_LAD,312,228,322,231,312.0,225.5,324.0,235.5,7.625,0.0,2.5,2.0,4.5
NGCT29_SLICE58_LAD,316,223,325,232,314.5,220.5,329.0,233.0,6.375,1.5,2.5,4.0,1.0
NGCT29_SLICE59_LAD,322,223,332,227,320.0,220.5,336.0,229.5,8.125,2.0,2.5,4.0,2.5
NGCT29_SLICE60_LAD,333,209,340,217,330.5,207.0,343.0,219.0,5.8125,2.5,2.0,3.0,2.0
NGCT32_SLICE59_LAD,318,191,342,220,317.0,189.5,345.0,221.0,3.3125,1.0,1.5,3.0,1.0
NGCT32_SLICE60_LAD,318,189,342,216,318.0,187.0,346.0,218.0,6.0,0.0,2.0,4.0,2.0
NGCT32_SLICE61_LAD,320,185,347,217,320.0,185.0,348.0,218.5,0.8125,0.0,0.0,1.0,1.5
NGCT32_SLICE62_LAD,338,186,348,193,337.0,184.0,348.5,197.0,5.3125,1.0,2.0,0.5,4.0
NGCT32_SLICE63_LAD,331,186,343,190,330.0,184.0,345.5,191.5,3.375,1.0,2.0,2.5,1.5
NGCT32_SLICE64_LAD,349,185,355,187,346.5,183.0,355.5,190.0,4.875,2.5,2.0,0.5,3.0
NGCT33_SLICE51_LAD,0,0,0,0,0.0,0.0,0.0,0.0,0.0,0.0,0.0,0.0,0.0
NGCT33_SLICE52_LAD,322,199,348,214,319.0,198.0,352.0,216.0,7.5,3.0,1.0,4.0,2.0
NGCT33_SLICE53_LAD,338,202,348,207,335.5,200.0,351.5,210.0,7.875,2.5,2.0,3.5,3.0
NGCT33_SLICE54_LAD,0,0,0,0,0.0,0.0,0.0,0.0,0.0,0.0,0.0,0.0,0.0
NGCT33_SLICE55_LAD,0,0,0,0,0.0,0.0,0.0,0.0,0.0,0.0,0.0,0.0,0.0
NGCT33_SLICE56_LAD,361,175,362,182,359.0,174.0,365.5,186.0,8.3125,2.0,1.0,3.5,4.0
NGCT34_SLICE70_LAD,0,0,0,0,0.0,0.0,0.0,0.0,0.0,0.0,0.0,0.0,0.0
NGCT34_SLICE71_LAD,0,0,0,0,0.0,0.0,0.0,0.0,0.0,0.0,0.0,0.0,0.0
NGCT34_SLICE72_LAD,0,0,0,0,0.0,0.0,0.0,0.0,0.0,0.0,0.0,0.0,0.0
NGCT34_SLICE73_LAD,0,0,0,0,0.0,0.0,0.0,0.0,0.0,0.0,0.0,0.0,0.0
NGCT34_SLICE74_LAD,285,207,290,209,283.5,204.5,292.0,212.5,6.1875,1.5,2.5,2.0,3.5
NGCT34_SLICE75_LAD,278,202,291,213,277.0,202.0,295.0,215.0,5.25,1.0,0.0,4.0,2.0
NGCT34_SLICE76_LAD,279,199,295,211,279.0,199.5,298.0,215.0,6.3125,0.0,0.5,3.0,4.0
NGCT34_SLICE77_LAD,286,195,300,208,284.5,195.0,301.0,211.0,3.0625,1.5,0.0,1.0,3.0
NGCT34_SLICE78_LAD,290,194,304,206,287.5,193.0,305.0,209.5,5.125,2.5,1.0,1.0,3.5
NGCT34_SLICE79_LAD,296,187,308,201,295.0,185.0,308.5,202.0,1.5625,1.0,2.0,0.5,1.0
NGCT34_SLICE80_LAD,301,183,306,196,298.0,182.0,308.5,199.5,7.125,3.0,1.0,2.5,3.5
NGCT34_SLICE81_LAD,301,175,311,190,300.0,175.0,314.0,192.0,3.5,1.0,0.0,3.0,2.0
NGCT34_SLICE82_LAD,305,173,313,181,305.0,172.5,314.0,182.0,0.5625,0.0,0.5,1.0,1.0
NGCT34_SLICE83_LAD,303,171,314,177,302.0,168.0,318.0,179.0,7.5,1.0,3.0,4.0,2.0
NGCT34_SLICE84_LAD,307,163,314,172,306.0,160.5,315.5,173.5,2.9375,1.0,2.5,1.5,1.5
NGCT34_SLICE85_LAD,0,0,0,0,0.0,0.0,0.0,0.0,0.0,0.0,0.0,0.0,0.0
NGCT34_SLICE86_LAD,308,152,314,156,307.5,152.0,315.0,159.5,3.375,0.5,0.0,1.0,3.5
NGCT34_SLICE87_LAD,308,152,311,154,305.5,149.0,314.0,157.5,9.125,2.5,3.0,3.0,3.5
NGCT34_SLICE88_LAD,306,152,314,154,306.0,149.5,316.0,155.0,2.8125,0.0,2.5,2.0,1.0
NGCT34_SLICE89_LAD,305,146,312,152,303.0,144.5,315.0,153.0,4.0625,2.0,1.5,3.0,1.0
NGCT34_SLICE90_LAD,304,147,312,151,304.0,146.0,314.5,153.0,2.8125,0.0,1.0,2.5,2.0
NGCT34_SLICE91_LAD,0,0,0,0,0.0,0.0,0.0,0.0,0.0,0.0,0.0,0.0,0.0
NGCT34_SLICE92_LAD,0,0,0,0,0.0,0.0,0.0,0.0,0.0,0.0,0.0,0.0,0.0
NGCT34_SLICE93_LAD,0,0,0,0,0.0,0.0,0.0,0.0,0.0,0.0,0.0,0.0,0.0
NGCT34_SLICE94_LAD,0,0,0,0,0.0,0.0,0.0,0.0,0.0,0.0,0.0,0.0,0.0
NGCT34_SLICE95_LAD,0,0,0,0,0.0,0.0,0.0,0.0,0.0,0.0,0.0,0.0,0.0
NGCT35_SLICE60_LAD,0,0,0,0,0.0,0.0,0.0,0.0,0.0,0.0,0.0,0.0,0.0
NGCT35_SLICE61_LAD,0,0,0,0,0.0,0.0,0.0,0.0,0.0,0.0,0.0,0.0,0.0
NGCT35_SLICE62_LAD,278,190,304,208,277.5,190.0,305.5,210.0,1.625,0.5,0.0,1.5,2.0
NGCT35_SLICE63_LAD,286,194,298,202,285.0,192.0,300.0,203.5,2.8125,1.0,2.0,2.0,1.5
NGCT35_SLICE64_LAD,304,189,314,195,302.0,189.5,315.0,198.0,3.5625,2.0,0.5,1.0,3.0
NGCT35_SLICE65_LAD,320,178,322,183,316.5,175.5,325.5,184.0,7.9375,3.5,2.5,3.5,1.0
NGCT46_SLICE59_LAD,0,0,0,0,0.0,0.0,0.0,0.0,0.0,0.0,0.0,0.0,0.0
NGCT46_SLICE60_LAD,0,0,0,0,0.0,0.0,0.0,0.0,0.0,0.0,0.0,0.0,0.0
NGCT46_SLICE61_LAD,0,0,0,0,0.0,0.0,0.0,0.0,0.0,0.0,0.0,0.0,0.0
NGCT46_SLICE62_LAD,0,0,0,0,0.0,0.0,0.0,0.0,0.0,0.0,0.0,0.0,0.0
NGCT46_SLICE63_LAD,302,248,310,257,301.0,248.0,314.0,258.5,4.8125,1.0,0.0,4.0,1.5
NGCT46_SLICE64_LAD,0,0,0,0,0.0,0.0,0.0,0.0,0.0,0.0,0.0,0.0,0.0
NGCT46_SLICE65_LAD,0,0,0,0,0.0,0.0,0.0,0.0,0.0,0.0,0.0,0.0,0.0
NGCT46_SLICE66_LAD,307,245,315,251,306.5,244.0,318.0,252.5,3.125,0.5,1.0,3.0,1.5
NGCT46_SLICE67_LAD,308,225,329,239,308.5,224.5,331.0,240.5,1.6875,0.5,0.5,2.0,1.5
NGCT46_SLICE68_LAD,313,223,334,236,312.0,221.0,336.0,239.0,4.5,1.0,2.0,2.0,3.0
NGCT46_SLICE69_LAD,320,215,337,233,320.0,215.0,339.0,235.0,2.0,0.0,0.0,2.0,2.0
NGCT46_SLICE70_LAD,322,219,338,231,321.0,216.0,341.5,235.0,9.5625,1.0,3.0,3.5,4.0
NGCT46_SLICE71_LAD,336,204,343,210,336.0,203.0,343.5,210.5,0.375,0.0,1.0,0.5,0.5
NGCT46_SLICE72_LAD,334,196,340,202,334.0,193.0,342.5,203.0,4.0625,0.0,3.0,2.5,1.0
NGCT46_SLICE73_LAD,337,187,340,194,334.0,186.5,342.0,196.0,4.3125,3.0,0.5,2.0,2.0
NGCT46_SLICE74_LAD,335,183,338,191,333.0,181.0,340.0,191.5,3.0625,2.0,2.0,2.0,0.5
NGCT47_SLICE58_LAD,305,213,313,218,304.0,211.0,314.0,221.5,4.5625,1.0,2.0,1.0,3.5
NGCT47_SLICE59_LAD,311,202,318,215,309.5,201.5,322.0,216.0,4.875,1.5,0.5,4.0,1.0
NGCT47_SLICE60_LAD,317,198,321,201,316.0,195.5,323.0,205.0,6.8125,1.0,2.5,2.0,4.0
NGCT47_SLICE61_LAD,0,0,0,0,0.0,0.0,0.0,0.0,0.0,0.0,0.0,0.0,0.0
NGCT47_SLICE62_LAD,0,0,0,0,0.0,0.0,0.0,0.0,0.0,0.0,0.0,0.0,0.0
NGCT47_SLICE63_LAD,0,0,0,0,0.0,0.0,0.0,0.0,0.0,0.0,0.0,0.0,0.0
NGCT48_SLICE51_LAD,0,0,0,0,0.0,0.0,0.0,0.0,0.0,0.0,0.0,0.0,0.0
NGCT48_SLICE52_LAD,0,0,0,0,0.0,0.0,0.0,0.0,0.0,0.0,0.0,0.0,0.0
NGCT48_SLICE53_LAD,0,0,0,0,0.0,0.0,0.0,0.0,0.0,0.0,0.0,0.0,0.0
NGCT48_SLICE54_LAD,275,231,303,245,274.0,230.0,305.0,247.5,3.0625,1.0,1.0,2.0,2.5
NGCT48_SLICE55_LAD,277,227,309,244,275.0,224.0,312.5,245.0,6.5625,2.0,3.0,3.5,1.0
NGCT48_SLICE56_LAD,293,227,310,236,291.5,226.0,311.0,239.5,4.125,1.5,1.0,1.0,3.5
NGCT49_SLICE45_LAD,0,0,0,0,0.0,0.0,0.0,0.0,0.0,0.0,0.0,0.0,0.0
NGCT49_SLICE46_LAD,0,0,0,0,0.0,0.0,0.0,0.0,0.0,0.0,0.0,0.0,0.0
NGCT49_SLICE47_LAD,0,0,0,0,0.0,0.0,0.0,0.0,0.0,0.0,0.0,0.0,0.0
NGCT49_SLICE48_LAD,306,194,318,206,303.5,194.5,319.0,209.0,4.125,2.5,0.5,1.0,3.0
NGCT49_SLICE49_LAD,304,204,310,215,301.0,203.5,311.0,218.0,4.8125,3.0,0.5,1.0,3.0
NGCT49_SLICE50_LAD,0,0,0,0,0.0,0.0,0.0,0.0,0.0,0.0,0.0,0.0,0.0
NGCT51_SLICE58_LAD,0,0,0,0,0.0,0.0,0.0,0.0,0.0,0.0,0.0,0.0,0.0
NGCT51_SLICE59_LAD,0,0,0,0,0.0,0.0,0.0,0.0,0.0,0.0,0.0,0.0,0.0
NGCT51_SLICE60_LAD,0,0,0,0,0.0,0.0,0.0,0.0,0.0,0.0,0.0,0.0,0.0
NGCT51_SLICE61_LAD,0,0,0,0,0.0,0.0,0.0,0.0,0.0,0.0,0.0,0.0,0.0
NGCT51_SLICE62_LAD,0,0,0,0,0.0,0.0,0.0,0.0,0.0,0.0,0.0,0.0,0.0
NGCT51_SLICE63_LAD,303,213,318,230,302.5,212.0,318.5,231.0,0.625,0.5,1.0,0.5,1.0
NGCT52_SLICE74_LAD,0,0,0,0,0.0,0.0,0.0,0.0,0.0,0.0,0.0,0.0,0.0
NGCT52_SLICE75_LAD,322,221,335,230,321.5,218.5,337.0,232.0,3.625,0.5,2.5,2.0,2.0
NGCT52_SLICE76_LAD,318,223,330,233,317.0,222.0,333.0,236.5,5.8125,1.0,1.0,3.0,3.5
NGCT52_SLICE77_LAD,322,217,339,229,322.0,216.0,340.0,229.5,0.5625,0.0,1.0,1.0,0.5
NGCT52_SLICE78_LAD,0,0,0,0,0.0,0.0,0.0,0.0,0.0,0.0,0.0,0.0,0.0
NGCT52_SLICE79_LAD,328,212,344,223,328.5,212.0,345.5,226.0,2.875,0.5,0.0,1.5,3.0
NGCT53_SLICE53_LAD,336,213,361,231,336.0,212.0,363.0,232.5,1.8125,0.0,1.0,2.0,1.5
NGCT53_SLICE54_LAD,322,208,362,237,321.0,207.0,363.0,238.5,1.3125,1.0,1.0,1.0,1.5
NGCT53_SLICE55_LAD,324,206,367,234,323.0,204.0,367.5,234.5,1.375,1.0,2.0,0.5,0.5
NGCT53_SLICE56_LAD,351,200,363,218,349.5,199.0,366.5,219.0,4.125,1.5,1.0,3.5,1.0
NGCT53_SLICE57_LAD,0,0,0,0,0.0,0.0,0.0,0.0,0.0,0.0,0.0,0.0,0.0
NGCT54_SLICE79_LAD,0,0,0,0,0.0,0.0,0.0,0.0,0.0,0.0,0.0,0.0,0.0
NGCT54_SLICE80_LAD,0,0,0,0,0.0,0.0,0.0,0.0,0.0,0.0,0.0,0.0,0.0
NGCT54_SLICE81_LAD,319,254,338,262,318.0,252.0,340.0,265.0,4.5,1.0,2.0,2.0,3.0
NGCT54_SLICE82_LAD,318,249,340,261,317.0,249.0,342.0,263.5,2.8125,1.0,0.0,2.0,2.5
NGCT54_SLICE83_LAD,337,247,348,259,335.0,246.0,350.5,261.5,4.375,2.0,1.0,2.5,2.5
NGCT54_SLICE84_LAD,338,246,349,252,338.5,244.5,352.5,255.0,5.9375,0.5,1.5,3.5,3.0
NGCT55_SLICE78_LAD,0,0,0,0,0.0,0.0,0.0,0.0,0.0,0.0,0.0,0.0,0.0
NGCT55_SLICE79_LAD,0,0,0,0,0.0,0.0,0.0,0.0,0.0,0.0,0.0,0.0,0.0
NGCT55_SLICE80_LAD,277,217,284,222,277.0,217.5,287.5,225.0,5.375,0.0,0.5,3.5,3.0
NGCT55_SLICE81_LAD,278,218,285,223,277.0,215.5,287.0,225.5,4.375,1.0,2.5,2.0,2.5
NGCT55_SLICE82_LAD,282,216,290,223,281.0,215.0,291.5,225.0,2.0625,1.0,1.0,1.5,2.0
NGCT55_SLICE83_LAD,285,215,293,224,283.5,215.0,294.5,225.0,1.375,1.5,0.0,1.5,1.0
NGCT55_SLICE84_LAD,287,212,297,220,286.5,211.5,299.0,222.0,2.125,0.5,0.5,2.0,2.0
NGCT55_SLICE85_LAD,289,211,296,220,289.5,208.5,298.0,221.5,3.1875,0.5,2.5,2.0,1.5
NGCT55_SLICE86_LAD,295,209,300,216,293.0,207.0,303.0,217.0,4.5,2.0,2.0,3.0,1.0
NGCT55_SLICE87_LAD,296,205,303,209,296.0,203.5,304.5,212.0,3.375,0.0,1.5,1.5,3.0
NGCT55_SLICE88_LAD,298,200,304,206,296.0,200.0,305.0,208.0,2.25,2.0,0.0,1.0,2.0
NGCT55_SLICE89_LAD,303,197,307,202,302.0,195.0,309.5,205.0,5.0625,1.0,2.0,2.5,3.0
NGCT55_SLICE90_LAD,0,0,0,0,0.0,0.0,0.0,0.0,0.0,0.0,0.0,0.0,0.0
NGCT55_SLICE91_LAD,0,0,0,0,0.0,0.0,0.0,0.0,0.0,0.0,0.0,0.0,0.0
NGCT55_SLICE92_LAD,0,0,0,0,0.0,0.0,0.0,0.0,0.0,0.0,0.0,0.0,0.0
NGCT56_SLICE60_LAD,0,0,0,0,0.0,0.0,0.0,0.0,0.0,0.0,0.0,0.0,0.0
NGCT56_SLICE61_LAD,0,0,0,0,0.0,0.0,0.0,0.0,0.0,0.0,0.0,0.0,0.0
NGCT56_SLICE62_LAD,309,219,326,242,308.0,218.5,327.0,243.5,1.125,1.0,0.5,1.0,1.5
NGCT56_SLICE63_LAD,306,218,324,249,304.0,218.0,326.0,252.0,4.25,2.0,0.0,2.0,3.0
NGCT56_SLICE64_LAD,316,215,325,228,316.0,215.0,327.5,230.5,3.125,0.0,0.0,2.5,2.5
NGCT56_SLICE65_LAD,322,218,327,227,320.0,218.0,329.5,228.0,2.8125,2.0,0.0,2.5,1.0
NGCT57_SLICE50_LAD,0,0,0,0,0.0,0.0,0.0,0.0,0.0,0.0,0.0,0.0,0.0
NGCT57_SLICE51_LAD,0,0,0,0,0.0,0.0,0.0,0.0,0.0,0.0,0.0,0.0,0.0
NGCT57_SLICE52_LAD,0,0,0,0,0.0,0.0,0.0,0.0,0.0,0.0,0.0,0.0,0.0
NGCT57_SLICE53_LAD,301,199,319,212,299.0,197.0,322.0,213.0,4.5,2.0,2.0,3.0,1.0
NGCT57_SLICE54_LAD,331,192,342,202,330.0,190.5,345.0,203.5,3.625,1.0,1.5,3.0,1.5
NGCT57_SLICE55_LAD,331,187,349,200,330.5,186.0,352.0,201.0,2.8125,0.5,1.0,3.0,1.0
NGCT58_SLICE64_LAD,278,213,288,223,277.5,211.0,291.0,224.0,3.5625,0.5,2.0,3.0,1.0
NGCT58_SLICE65_LAD,283,204,299,220,283.0,203.0,301.0,221.0,1.5,0.0,1.0,2.0,1.0
NGCT58_SLICE66_LAD,286,201,299,212,285.5,200.0,302.0,214.5,4.125,0.5,1.0,3.0,2.5
NGCT58_SLICE67_LAD,289,195,307,209,288.5,193.0,309.5,211.0,3.625,0.5,2.0,2.5,2.0
NGCT58_SLICE68_LAD,295,192,309,203,295.0,191.5,311.5,205.0,2.625,0.0,0.5,2.5,2.0
NGCT58_SLICE69_LAD,305,180,315,194,305.0,180.0,317.0,196.5,2.5625,0.0,0.0,2.0,2.5
NGCT59_SLICE50_LAD,313,192,329,205,312.0,190.5,331.0,208.0,4.0625,1.0,1.5,2.0,3.0
NGCT59_SLICE51_LAD,312,183,333,205,311.0,182.0,335.0,206.5,2.0625,1.0,1.0,2.0,1.5
NGCT59_SLICE52_LAD,311,180,332,204,310.5,179.0,335.0,206.0,3.5625,0.5,1.0,3.0,2.0
NGCT59_SLICE53_LAD,317,179,334,190,317.0,177.5,335.5,192.5,2.6875,0.0,1.5,1.5,2.5
NGCT59_SLICE54_LAD,320,177,333,189,320.0,177.0,333.5,192.0,2.3125,0.0,0.0,0.5,3.0
NGCT59_SLICE55_LAD,0,0,0,0,0.0,0.0,0.0,0.0,0.0,0.0,0.0,0.0,0.0
NGCT62_SLICE78_LAD,0,0,0,0,0.0,0.0,0.0,0.0,0.0,0.0,0.0,0.0,0.0
NGCT62_SLICE79_LAD,0,0,0,0,0.0,0.0,0.0,0.0,0.0,0.0,0.0,0.0,0.0
NGCT62_SLICE80_LAD,321,182,329,192,320.5,181.0,329.5,194.0,1.375,0.5,1.0,0.5,2.0
NGCT62_SLICE81_LAD,325,170,332,188,324.0,168.0,333.0,189.5,2.0625,1.0,2.0,1.0,1.5
NGCT62_SLICE82_LAD,325,166,334,191,324.0,164.0,334.5,192.0,1.5625,1.0,2.0,0.5,1.0
NGCT62_SLICE83_LAD,327,163,333,184,325.0,161.0,335.0,186.0,4.0,2.0,2.0,2.0,2.0
NGCT62_SLICE84_LAD,327,164,336,176,327.0,163.0,337.5,179.5,3.875,0.0,1.0,1.5,3.5
NGCT62_SLICE85_LAD,329,154,338,172,328.0,153.0,341.0,174.5,4.3125,1.0,1.0,3.0,2.5
NGCT62_SLICE86_LAD,335,149,341,160,333.5,148.0,342.5,162.5,2.9375,1.5,1.0,1.5,2.5
NGCT62_SLICE87_LAD,332,146,336,153,331.5,144.0,338.5,154.5,3.1875,0.5,2.0,2.5,1.5
NGCT62_SLICE88_LAD,0,0,0,0,0.0,0.0,0.0,0.0,0.0,0.0,0.0,0.0,0.0
NGCT62_SLICE89_LAD,0,0,0,0,0.0,0.0,0.0,0.0,0.0,0.0,0.0,0.0,0.0
NGCT62_SLICE90_LAD,0,0,0,0,0.0,0.0,0.0,0.0,0.0,0.0,0.0,0.0,0.0
NGCT62_SLICE91_LAD,0,0,0,0,0.0,0.0,0.0,0.0,0.0,0.0,0.0,0.0,0.0
NGCT62_SLICE92_LAD,0,0,0,0,0.0,0.0,0.0,0.0,0.0,0.0,0.0,0.0,0.0
NGCT64_SLICE20_LAD,0,0,0,0,0.0,0.0,0.0,0.0,0.0,0.0,0.0,0.0,0.0
NGCT64_SLICE21_LAD,0,0,0,0,0.0,0.0,0.0,0.0,0.0,0.0,0.0,0.0,0.0
NGCT64_SLICE22_LAD,0,0,0,0,0.0,0.0,0.0,0.0,0.0,0.0,0.0,0.0,0.0
NGCT64_SLICE23_LAD,0,0,0,0,0.0,0.0,0.0,0.0,0.0,0.0,0.0,0.0,0.0
NGCT64_SLICE24_LAD,339,150,357,177,339.0,150.0,359.5,179.5,3.125,0.0,0.0,2.5,2.5
NGCT64_SLICE25_LAD,345,148,360,175,345.0,147.5,361.5,177.0,1.625,0.0,0.5,1.5,2.0
NGCT67_SLICE64_LAD,0,0,0,0,0.0,0.0,0.0,0.0,0.0,0.0,0.0,0.0,0.0
NGCT67_SLICE65_LAD,0,0,0,0,0.0,0.0,0.0,0.0,0.0,0.0,0.0,0.0,0.0
NGCT67_SLICE66_LAD,0,0,0,0,0.0,0.0,0.0,0.0,0.0,0.0,0.0,0.0,0.0
NGCT67_SLICE67_LAD,305,194,328,210,305.5,193.5,329.5,212.0,1.6875,0.5,0.5,1.5,2.0
NGCT67_SLICE68_LAD,307,185,338,209,306.5,185.5,339.0,211.0,1.375,0.5,0.5,1.0,2.0
NGCT67_SLICE69_LAD,317,187,337,207,315.0,185.0,338.5,209.0,3.5625,2.0,2.0,1.5,2.0
NGCT68_SLICE59_LAD,297,244,310,262,296.5,242.5,311.0,263.5,1.4375,0.5,1.5,1.0,1.5
NGCT68_SLICE60_LAD,305,241,312,252,305.0,239.5,313.0,253.0,1.0625,0.0,1.5,1.0,1.0
NGCT68_SLICE61_LAD,308,227,316,243,306.5,227.5,318.0,245.5,3.1875,1.5,0.5,2.0,2.5
NGCT68_SLICE62_LAD,311,221,321,237,311.0,220.5,322.5,238.0,0.875,0.0,0.5,1.5,1.0
NGCT68_SLICE63_LAD,307,219,316,229,307.0,217.0,319.0,231.0,4.25,0.0,2.0,3.0,2.0
NGCT68_SLICE64_LAD,308,214,316,222,308.0,212.0,318.0,224.0,3.0,0.0,2.0,2.0,2.0
NGCT69_SLICE70_LAD,0,0,0,0,0.0,0.0,0.0,0.0,0.0,0.0,0.0,0.0,0.0
NGCT69_SLICE71_LAD,0,0,0,0,0.0,0.0,0.0,0.0,0.0,0.0,0.0,0.0,0.0
NGCT69_SLICE72_LAD,0,0,0,0,0.0,0.0,0.0,0.0,0.0,0.0,0.0,0.0,0.0
NGCT69_SLICE73_LAD,0,0,0,0,0.0,0.0,0.0,0.0,0.0,0.0,0.0,0.0,0.0
NGCT69_SLICE74_LAD,311,197,323,217,309.5,195.0,324.0,218.5,2.375,1.5,2.0,1.0,1.5
NGCT74_SLICE81_LAD,0,0,0,0,0.0,0.0,0.0,0.0,0.0,0.0,0.0,0.0,0.0
NGCT74_SLICE82_LAD,0,0,0,0,0.0,0.0,0.0,0.0,0.0,0.0,0.0,0.0,0.0
NGCT74_SLICE83_LAD,0,0,0,0,0.0,0.0,0.0,0.0,0.0,0.0,0.0,0.0,0.0
NGCT74_SLICE84_LAD,0,0,0,0,0.0,0.0,0.0,0.0,0.0,0.0,0.0,0.0,0.0
NGCT74_SLICE85_LAD,282,210,290,215,282.5,208.5,292.0,215.5,1.6875,0.5,1.5,2.0,0.5
NGCT74_SLICE86_LAD,282,205,297,213,281.5,203.5,299.0,215.0,2.625,0.5,1.5,2.0,2.0
NGCT74_SLICE87_LAD,279,208,292,215,278.0,207.0,293.0,217.5,2.3125,1.0,1.0,1.0,2.5
NGCT74_SLICE88_LAD,282,209,288,212,281.0,207.5,291.0,214.5,4.625,1.0,1.5,3.0,2.5
NGCT74_SLICE89_LAD,295,206,302,213,295.5,205.0,304.0,214.0,1.5625,0.5,1.0,2.0,1.0
NGCT74_SLICE90_LAD,298,203,306,210,297.0,203.0,307.0,211.0,0.75,1.0,0.0,1.0,1.0
NGCT74_SLICE91_LAD,295,199,309,209,295.0,199.0,311.0,211.0,2.0,0.0,0.0,2.0,2.0
NGCT74_SLICE92_LAD,297,198,316,209,297.0,196.5,317.5,210.0,1.375,0.0,1.5,1.5,1.0
NGCT74_SLICE93_LAD,300,191,308,208,300.5,189.5,309.5,211.0,3.4375,0.5,1.5,1.5,3.0
NGCT74_SLICE94_LAD,306,189,318,212,306.0,188.5,319.0,213.0,0.5625,0.0,0.5,1.0,1.0
NGCT74_SLICE95_LAD,305,187,313,203,303.5,187.0,313.5,206.0,2.875,1.5,0.0,0.5,3.0
NGCT74_SLICE96_LAD,302,188,310,202,301.0,188.0,311.0,204.0,1.5,1.0,0.0,1.0,2.0
NGCT75_SLICE54_LAD,0,0,0,0,0.0,0.0,0.0,0.0,0.0,0.0,0.0,0.0,0.0
NGCT75_SLICE55_LAD,0,0,0,0,0.0,0.0,0.0,0.0,0.0,0.0,0.0,0.0,0.0
NGCT75_SLICE56_LAD,0,0,0,0,0.0,0.0,0.0,0.0,0.0,0.0,0.0,0.0,0.0
NGCT75_SLICE57_LAD,281,194,313,209,281.0,194.0,314.0,210.5,0.8125,0.0,0.0,1.0,1.5
NGCT75_SLICE58_LAD,273,192,318,215,272.0,191.0,319.0,217.0,1.75,1.0,1.0,1.0,2.0
NGCT75_SLICE59_LAD,308,186,322,195,306.5,186.0,323.0,197.0,1.8125,1.5,0.0,1.0,2.0
NGCT78_SLICE73_LAD,0,0,0,0,0.0,0.0,0.0,0.0,0.0,0.0,0.0,0.0,0.0
NGCT78_SLICE74_LAD,322,275,340,287,322.0,273.0,342.0,288.0,2.25,0.0,2.0,2.0,1.0
NGCT78_SLICE75_LAD,311,268,332,277,311.0,267.0,332.5,279.0,1.3125,0.0,1.0,0.5,2.0
NGCT78_SLICE76_LAD,303,252,340,280,302.0,251.0,343.0,282.5,4.3125,1.0,1.0,3.0,2.5
NGCT78_SLICE77_LAD,310,252,344,277,309.0,250.5,345.0,279.0,2.0625,1.0,1.5,1.0,2.0
NGCT78_SLICE78_LAD,310,247,347,278,309.0,246.0,350.0,279.0,3.0,1.0,1.0,3.0,1.0
NGCT78_SLICE79_LAD,320,240,353,271,319.0,240.0,354.0,273.0,1.5,1.0,0.0,1.0,2.0
NGCT78_SLICE80_LAD,335,234,357,265,334.0,233.5,358.5,267.0,1.875,1.0,0.5,1.5,2.0
NGCT78_SLICE81_LAD,347,230,361,248,345.5,228.0,361.5,250.0,2.625,1.5,2.0,0.5,2.0
NGCT78_SLICE82_LAD,351,227,359,241,349.5,227.0,360.5,242.0,1.375,1.5,0.0,1.5,1.0
NGCT78_SLICE83_LAD,353,225,362,236,353.0,224.0,363.0,238.5,2.0625,0.0,1.0,1.0,2.5
NGCT78_SLICE84_LAD,358,225,364,233,356.5,224.0,365.0,235.0,2.0625,1.5,1.0,1.0,2.0
NGCT78_SLICE85_LAD,357,220,366,228,356.0,220.0,368.0,231.0,3.5,1.0,0.0,2.0,3.0
NGCT78_SLICE86_LAD,356,223,369,228,355.5,221.0,370.0,230.0,2.3125,0.5,2.0,1.0,2.0
NGCT78_SLICE87_LAD,360,222,368,226,358.5,221.0,368.5,228.5,2.4375,1.5,1.0,0.5,2.5
NGCT79_SLICE55_LAD,301,193,322,214,301.0,193.0,324.0,215.0,1.25,0.0,0.0,2.0,1.0
NGCT79_SLICE56_LAD,304,184,320,204,303.0,183.5,322.5,205.5,2.4375,1.0,0.5,2.5,1.5
NGCT79_SLICE57_LAD,300,184,322,204,300.0,183.0,323.0,206.0,1.5,0.0,1.0,1.0,2.0
NGCT79_SLICE58_LAD,305,186,336,205,305.0,186.0,337.0,206.0,0.5,0.0,0.0,1.0,1.0
NGCT79_SLICE59_LAD,325,200,337,206,323.5,200.0,338.0,208.5,2.375,1.5,0.0,1.0,2.5
NGCT79_SLICE60_LAD,316,205,340,218,314.0,204.0,342.0,219.0,2.5,2.0,1.0,2.0,1.0
NGCT80_SLICE66_LAD,0,0,0,0,0.0,0.0,0.0,0.0,0.0,0.0,0.0,0.0,0.0
NGCT80_SLICE67_LAD,0,0,0,0,0.0,0.0,0.0,0.0,0.0,0.0,0.0,0.0,0.0
NGCT80_SLICE68_LAD,305,212,314,227,304.5,212.0,316.0,229.5,2.625,0.5,0.0,2.0,2.5
NGCT80_SLICE69_LAD,304,212,316,225,303.0,211.0,316.5,227.0,1.5625,1.0,1.0,0.5,2.0
NGCT80_SLICE70_LAD,323,211,330,221,323.0,211.0,332.0,223.0,2.0,0.0,0.0,2.0,2.0
NGCT80_SLICE71_LAD,322,209,339,215,322.5,208.5,339.5,217.0,1.1875,0.5,0.5,0.5,2.0
NGCT82_SLICE51_LAD,303,250,325,257,301.5,249.0,326.5,257.5,1.4375,1.5,1.0,1.5,0.5
NGCT82_SLICE52_LAD,310,248,333,257,310.0,248.0,336.0,258.0,2.5,0.0,0.0,3.0,1.0
NGCT82_SLICE53_LAD,333,235,348,247,332.0,235.5,350.0,248.0,1.5625,1.0,0.5,2.0,1.0
NGCT82_SLICE54_LAD,343,225,354,244,341.0,225.0,356.5,246.0,3.5625,2.0,0.0,2.5,2.0
NGCT82_SLICE55_LAD,347,222,356,233,346.0,222.0,358.0,235.0,2.25,1.0,0.0,2.0,2.0
NGCT82_SLICE56_LAD,359,208,373,226,359.0,207.0,375.0,228.5,2.8125,0.0,1.0,2.0,2.5
NGCT85_SLICE74_LAD,0,0,0,0,0.0,0.0,0.0,0.0,0.0,0.0,0.0,0.0,0.0
NGCT85_SLICE75_LAD,282,251,308,259,282.5,251.5,310.5,260.0,1.9375,0.5,0.5,2.5,1.0
NGCT85_SLICE76_LAD,287,247,316,259,287.5,246.5,317.0,260.5,0.9375,0.5,0.5,1.0,1.5
NGCT85_SLICE77_LAD,294,244,315,258,293.0,244.0,316.0,259.0,0.75,1.0,0.0,1.0,1.0
NGCT85_SLICE78_LAD,306,239,324,251,305.5,238.0,325.5,252.0,1.125,0.5,1.0,1.5,1.0
NGCT85_SLICE79_LAD,314,238,325,244,313.0,237.0,325.5,245.0,0.8125,1.0,1.0,0.5,1.0
NGCT86_SLICE52_LAD,0,0,0,0,0.0,0.0,0.0,0.0,0.0,0.0,0.0,0.0,0.0
NGCT86_SLICE53_LAD,0,0,0,0,0.0,0.0,0.0,0.0,0.0,0.0,0.0,0.0,0.0
NGCT86_SLICE54_LAD,0,0,0,0,0.0,0.0,0.0,0.0,0.0,0.0,0.0,0.0,0.0
NGCT86_SLICE55_LAD,298,197,327,210,297.0,196.0,329.0,211.5,2.0625,1.0,1.0,2.0,1.5
NGCT86_SLICE56_LAD,315,193,338,204,315.5,192.0,338.5,204.5,0.4375,0.5,1.0,0.5,0.5
NGCT86_SLICE57_LAD,315,191,337,204,315.0,191.0,338.0,205.0,0.5,0.0,0.0,1.0,1.0
NGCT87_SLICE56_LAD,292,250,300,270,291.0,248.5,300.5,272.0,1.875,1.0,1.5,0.5,2.0
NGCT87_SLICE57_LAD,295,245,300,264,294.0,244.5,302.0,266.5,2.875,1.0,0.5,2.0,2.5
NGCT87_SLICE58_LAD,0,0,0,0,0.0,0.0,0.0,0.0,0.0,0.0,0.0,0.0,0.0
NGCT87_SLICE59_LAD,0,0,0,0,0.0,0.0,0.0,0.0,0.0,0.0,0.0,0.0,0.0
NGCT87_SLICE60_LAD,0,0,0,0,0.0,0.0,0.0,0.0,0.0,0.0,0.0,0.0,0.0
NGCT87_SLICE61_LAD,297,231,303,245,296.0,231.0,305.5,247.0,2.8125,1.0,0.0,2.5,2.0
NGCT87_SLICE62_LAD,298,230,307,246,298.5,230.0,309.5,246.5,1.6875,0.5,0.0,2.5,0.5
NGCT87_SLICE63_LAD,311,220,317,238,309.0,220.5,319.0,239.0,2.3125,2.0,0.5,2.0,1.0
NGCT87_SLICE64_LAD,303,203,314,232,302.0,203.0,316.5,233.0,2.0625,1.0,0.0,2.5,1.0
NGCT87_SLICE65_LAD,304,201,310,206,303.0,199.0,312.0,208.0,3.25,1.0,2.0,2.0,2.0
NGCT87_SLICE66_LAD,303,196,310,203,303.5,196.0,312.5,206.0,3.875,0.5,0.0,2.5,3.0
NGCT87_SLICE67_LAD,304,194,311,204,303.0,192.5,312.0,205.0,1.3125,1.0,1.5,1.0,1.0
NGCT87_SLICE68_LAD,303,184,310,196,303.0,182.5,312.0,197.0,1.8125,0.0,1.5,2.0,1.0
NGCT87_SLICE69_LAD,305,180,312,188,304.5,180.5,314.0,190.5,2.6875,0.5,0.5,2.0,2.5
NGCT87_SLICE70_LAD,305,177,314,185,304.0,177.0,315.0,186.0,0.75,1.0,0.0,1.0,1.0
NGCT87_SLICE71_LAD,300,176,311,182,300.0,175.0,311.5,184.0,1.3125,0.0,1.0,0.5,2.0
NGCT89_SLICE84_LAD,0,0,0,0,0.0,0.0,0.0,0.0,0.0,0.0,0.0,0.0,0.0
NGCT89_SLICE85_LAD,0,0,0,0,0.0,0.0,0.0,0.0,0.0,0.0,0.0,0.0,0.0
NGCT89_SLICE86_LAD,0,0,0,0,0.0,0.0,0.0,0.0,0.0,0.0,0.0,0.0,0.0
NGCT89_SLICE87_LAD,319,196,326,206,319.0,196.0,329.0,208.0,3.25,0.0,0.0,3.0,2.0
NGCT89_SLICE88_LAD,322,197,329,206,321.0,195.5,331.0,207.5,2.375,1.0,1.5,2.0,1.5
NGCT89_SLICE89_LAD,311,174,333,196,310.0,174.0,335.0,198.5,2.8125,1.0,0.0,2.0,2.5
NGCT89_SLICE90_LAD,311,175,335,202,310.5,175.0,336.0,204.0,1.3125,0.5,0.0,1.0,2.0
NGCT89_SLICE91_LAD,313,175,339,201,313.0,175.0,342.0,203.0,3.25,0.0,0.0,3.0,2.0
NGCT89_SLICE92_LAD,326,163,350,193,325.0,162.5,352.5,194.0,2.125,1.0,0.5,2.5,1.0
NGCT89_SLICE93_LAD,337,155,346,170,337.0,153.5,348.5,171.0,2.375,0.0,1.5,2.5,1.0
NGCT89_SLICE94_LAD,344,148,349,159,343.0,148.0,351.5,160.0,2.0625,1.0,0.0,2.5,1.0
NGCT89_SLICE95_LAD,342,146,351,155,342.5,146.5,353.5,157.0,2.6875,0.5,0.5,2.5,2.0
NGCT89_SLICE96_LAD,345,141,355,148,344.0,139.5,357.0,150.5,3.375,1.0,1.5,2.0,2.5
NGCT89_SLICE97_LAD,348,138,354,146,348.0,138.0,356.5,149.0,3.8125,0.0,0.0,2.5,3.0
NGCT89_SLICE98_LAD,348,135,357,145,348.0,135.0,358.0,146.0,0.5,0.0,0.0,1.0,1.0
NGCT91_SLICE66_LAD,0,0,0,0,0.0,0.0,0.0,0.0,0.0,0.0,0.0,0.0,0.0
NGCT91_SLICE67_LAD,269,211,279,221,268.0,211.0,281.0,223.0,2.25,1.0,0.0,2.0,2.0
NGCT91_SLICE68_LAD,270,212,282,221,270.0,212.0,283.0,222.0,0.5,0.0,0.0,1.0,1.0
NGCT91_SLICE69_LAD,277,207,289,217,275.5,206.5,289.5,218.5,1.25,1.5,0.5,0.5,1.5
NGCT91_SLICE70_LAD,280,201,297,214,280.5,201.5,298.0,215.0,0.625,0.5,0.5,1.0,1.0
NGCT91_SLICE71_LAD,286,196,297,211,286.0,196.5,298.0,212.5,0.875,0.0,0.5,1.0,1.5
NGCT92_SLICE39_LAD,0,0,0,0,0.0,0.0,0.0,0.0,0.0,0.0,0.0,0.0,0.0
NGCT92_SLICE40_LAD,0,0,0,0,0.0,0.0,0.0,0.0,0.0,0.0,0.0,0.0,0.0
NGCT92_SLICE41_LAD,307,209,318,230,306.0,208.0,320.0,231.5,2.0625,1.0,1.0,2.0,1.5
NGCT92_SLICE42_LAD,308,212,319,228,307.0,211.0,320.0,229.0,1.0,1.0,1.0,1.0,1.0
NGCT92_SLICE43_LAD,307,196,319,201,307.0,196.0,320.5,203.0,1.5625,0.0,0.0,1.5,2.0
NGCT92_SLICE44_LAD,310,188,316,198,309.0,187.0,318.0,199.0,1.75,1.0,1.0,2.0,1.0
NGCT93_SLICE60_LAD,0,0,0,0,0.0,0.0,0.0,0.0,0.0,0.0,0.0,0.0,0.0
NGCT93_SLICE61_LAD,0,0,0,0,0.0,0.0,0.0,0.0,0.0,0.0,0.0,0.0,0.0
NGCT93_SLICE62_LAD,278,242,304,248,277.5,242.0,305.0,250.0,1.3125,0.5,0.0,1.0,2.0
NGCT93_SLICE63_LAD,288,230,313,246,287.0,230.0,314.0,247.5,1.0625,1.0,0.0,1.0,1.5
NGCT93_SLICE64_LAD,281,235,300,252,281.0,234.5,302.0,254.0,2.0625,0.0,0.5,2.0,2.0
NGCT93_SLICE65_LAD,289,237,297,250,288.0,236.0,298.5,250.5,1.125,1.0,1.0,1.5,0.5
NGCT94_SLICE60_LAD,0,0,0,0,0.0,0.0,0.0,0.0,0.0,0.0,0.0,0.0,0.0
NGCT94_SLICE61_LAD,287,216,299,229,285.0,216.0,301.5,231.0,3.5625,2.0,0.0,2.5,2.0
NGCT94_SLICE62_LAD,281,215,299,231,280.0,215.5,301.5,232.0,2.125,1.0,0.5,2.5,1.0
NGCT94_SLICE63_LAD,279,217,291,233,279.0,216.5,292.0,235.0,1.3125,0.0,0.5,1.0,2.0
NGCT94_SLICE64_LAD,0,0,0,0,0.0,0.0,0.0,0.0,0.0,0.0,0.0,0.0,0.0
NGCT94_SLICE65_LAD,0,0,0,0,0.0,0.0,0.0,0.0,0.0,0.0,0.0,0.0,0.0
NGCT96_SLICE77_LAD,0,0,0,0,0.0,0.0,0.0,0.0,0.0,0.0,0.0,0.0,0.0
NGCT96_SLICE78_LAD,0,0,0,0,0.0,0.0,0.0,0.0,0.0,0.0,0.0,0.0,0.0
NGCT96_SLICE79_LAD,0,0,0,0,0.0,0.0,0.0,0.0,0.0,0.0,0.0,0.0,0.0
NGCT96_SLICE80_LAD,294,219,313,224,293.0,218.5,314.0,226.5,2.125,1.0,0.5,1.0,2.5
NGCT96_SLICE81_LAD,300,216,317,226,299.0,215.5,318.0,227.0,0.8125,1.0,0.5,1.0,1.0
NGCT96_SLICE82_LAD,308,216,323,223,308.5,216.0,323.5,225.0,1.125,0.5,0.0,0.5,2.0
NGCT97_SLICE60_LAD,0,0,0,0,0.0,0.0,0.0,0.0,0.0,0.0,0.0,0.0,0.0
NGCT97_SLICE61_LAD,304,209,333,225,304.0,209.0,334.5,227.5,2.125,0.0,0.0,1.5,2.5
NGCT97_SLICE62_LAD,323,204,343,218,322.0,203.0,344.0,221.0,3.0,1.0,1.0,1.0,3.0
NGCT97_SLICE63_LAD,323,209,335,218,323.5,209.0,336.0,219.5,0.875,0.5,0.0,1.0,1.5
NGCT97_SLICE64_LAD,0,0,0,0,0.0,0.0,0.0,0.0,0.0,0.0,0.0,0.0,0.0
NGCT97_SLICE65_LAD,0,0,0,0,0.0,0.0,0.0,0.0,0.0,0.0,0.0,0.0,0.0
