NGCT,13,49,0,0,0,0
NGCT,13,50,0,0,0,0
NGCT,13,51,0,0,0,0
NGCT,13,52,549,554,597,588
NGCT,13,53,559,558,617,585
NGCT,13,54,598,472,643,546
NGCT,13,55,616,479,643,511
NGCT,13,56,627,478,649,497
NGCT,13,57,622,447,645,464
NGCT,13,58,617,443,650,468
NGCT,13,59,617,441,644,457
NGCT,13,60,628,441,649,453
NGCT,13,61,0,0,0,0
NGCT,14,50,0,0,0,0
NGCT,14,51,0,0,0,0
NGCT,14,52,0,0,0,0
NGCT,14,53,0,0,0,0
NGCT,14,54,577,478,626,504
NGCT,14,55,584,472,634,499
NGCT,14,56,620,456,661,481
NGCT,14,57,638,448,677,469
NGCT,14,58,646,448,672,464
NGCT,14,59,668,437,693,454
NGCT,15,35,0,0,0,0
NGCT,15,36,0,0,0,0
NGCT,15,37,649,477,684,507
NGCT,15,38,609,457,662,507
NGCT,15,39,610,465,665,503
NGCT,15,40,620,452,659,468
NGCT,15,41,658,404,672,418
NGCT,15,42,663,379,689,398
NGCT,15,43,686,374,709,394
NGCT,15,44,677,359,700,374
NGCT,15,45,0,0,0,0
NGCT,15,46,0,0,0,0
NGCT,15,47,0,0,0,0
NGCT,1,110,0,0,0,0
NGCT,1,111,0,0,0,0
NGCT,1,112,0,0,0,0
NGCT,1,113,0,0,0,0
NGCT,1,114,0,0,0,0
NGCT,1,115,0,0,0,0
NGCT,1,116,0,0,0,0
NGCT,1,117,0,0,0,0
NGCT,1,118,0,0,0,0
NGCT,1,119,0,0,0,0
NGCT,1,120,0,0,0,0
NGCT,1,121,0,0,0,0
NGCT,1,122,0,0,0,0
NGCT,1,123,0,0,0,0
NGCT,1,124,0,0,0,0
NGCT,1,125,0,0,0,0
NGCT,1,126,0,0,0,0
NGCT,1,127,0,0,0,0
NGCT,1,128,0,0,0,0
NGCT,1,129,0,0,0,0
NGCT,1,130,0,0,0,0
NGCT,1,131,0,0,0,0
NGCT,1,132,0,0,0,0
NGCT,1,133,0,0,0,0
NGCT,1,134,0,0,0,0
NGCT,1,135,0,0,0,0
NGCT,1,136,0,0,0,0
NGCT,1,137,0,0,0,0
NGCT,1,138,0,0,0,0
NGCT,1,139,0,0,0,0
NGCT,3,45,0,0,0,0
NGCT,3,46,604,410,640,441
NGCT,3,47,602,375,656,429
NGCT,3,48,639,356,680,399
NGCT,3,49,628,386,674,426
NGCT,3,50,0,0,0,0
NGCT,3,51,0,0,0,0
NGCT,3,52,0,0,0,0
NGCT,3,53,0,0,0,0
NGCT,4,113,0,0,0,0
NGCT,4,114,0,0,0,0
NGCT,4,115,0,0,0,0
NGCT,4,116,0,0,0,0
NGCT,4,117,0,0,0,0
NGCT,4,118,0,0,0,0
NGCT,4,119,0,0,0,0
NGCT,4,120,0,0,0,0
NGCT,4,121,0,0,0,0
NGCT,4,122,0,0,0,0
NGCT,4,123,0,0,0,0
NGCT,4,124,0,0,0,0
NGCT,4,125,0,0,0,0
NGCT,5,48,0,0,0,0
NGCT,5,49,0,0,0,0
NGCT,5,50,0,0,0,0
NGCT,5,51,613,548,654,563
NGCT,5,52,648,538,671,556
NGCT,5,53,652,511,671,536
NGCT,5,54,651,498,692,539
NGCT,5,55,672,482,699,507
NGCT,5,56,683,458,709,476
NGCT,5,57,0,0,0,0
NGCT,5,58,698,430,718,445
NGCT,7,133,0,0,0,0
NGCT,7,134,0,0,0,0
NGCT,7,135,0,0,0,0
NGCT,7,136,0,0,0,0
NGCT,7,137,0,0,0,0
NGCT,7,138,0,0,0,0
NGCT,7,139,0,0,0,0
NGCT,7,140,0,0,0,0
NGCT,7,141,0,0,0,0
NGCT,7,142,0,0,0,0
NGCT,7,143,0,0,0,0
NGCT,7,144,0,0,0,0
NGCT,7,145,0,0,0,0
NGCT,7,146,0,0,0,0
NGCT,7,147,0,0,0,0
NGCT,7,148,0,0,0,0
NGCT,7,149,0,0,0,0
NGCT,7,150,0,0,0,0
NGCT,7,151,0,0,0,0
NGCT,9,128,0,0,0,0
NGCT,9,129,0,0,0,0
NGCT,9,130,0,0,0,0
NGCT,9,131,0,0,0,0
NGCT,9,132,0,0,0,0
NGCT,9,133,0,0,0,0
NGCT,9,134,0,0,0,0
NGCT,10,133,0,0,0,0
NGCT,10,134,0,0,0,0
NGCT,10,135,0,0,0,0
NGCT,10,136,0,0,0,0
NGCT,10,137,0,0,0,0
NGCT,10,138,0,0,0,0
NGCT,10,139,0,0,0,0
NGCT,10,140,0,0,0,0
NGCT,10,141,0,0,0,0
NGCT,10,142,0,0,0,0
NGCT,10,143,0,0,0,0
NGCT,10,144,0,0,0,0
NGCT,10,145,0,0,0,0
NGCT,10,146,0,0,0,0
NGCT,10,147,0,0,0,0
NGCT,10,148,0,0,0,0
NGCT,10,149,0,0,0,0
NGCT,10,150,0,0,0,0
NGCT,10,151,0,0,0,0
NGCT,10,152,0,0,0,0
NGCT,10,153,0,0,0,0
NGCT,10,154,0,0,0,0
NGCT,11,40,0,0,0,0
NGCT,11,41,0,0,0,0
NGCT,11,42,664,444,712,467
NGCT,11,43,678,446,702,464
NGCT,11,44,0,0,0,0
NGCT,11,45,0,0,0,0
NGCT,11,46,0,0,0,0
NGCT,11,47,0,0,0,0
NGCT,11,48,0,0,0,0
NGCT,11,49,0,0,0,0
NGCT,11,50,0,0,0,0
NGCT,11,51,0,0,0,0
NGCT,11,52,0,0,0,0
NGCT,11,53,0,0,0,0
NGCT,12,53,0,0,0,0
NGCT,12,54,0,0,0,0
NGCT,12,55,0,0,0,0
NGCT,12,56,0,0,0,0
NGCT,12,57,601,469,675,499
NGCT,12,58,641,457,691,484
NGCT,12,59,639,448,678,480
NGCT,12,60,0,0,0,0
NGCT,12,61,0,0,0,0
NGCT,12,62,0,0,0,0
NGCT,12,63,626,576,645,607
NGCT,17,28,610,454,661,498
NGCT,17,29,571,473,635,500
NGCT,17,30,0,0,0,0
NGCT,17,31,0,0,0,0
NGCT,17,32,0,0,0,0
NGCT,17,33,0,0,0,0
NGCT,17,34,0,0,0,0
NGCT,17,35,0,0,0,0
NGCT,17,36,0,0,0,0
NGCT,17,37,0,0,0,0
NGCT,17,38,0,0,0,0
NGCT,17,39,0,0,0,0
NGCT,17,40,0,0,0,0
NGCT,17,41,0,0,0,0
NGCT,17,42,0,0,0,0
NGCT,17,43,0,0,0,0
NGCT,18,49,0,0,0,0
NGCT,18,50,0,0,0,0
NGCT,18,51,0,0,0,0
NGCT,18,52,620,467,649,502
NGCT,18,53,0,0,0,0
NGCT,18,54,636,435,693,470
NGCT,18,55,661,419,701,454
NGCT,18,56,676,405,707,435
NGCT,18,57,688,403,705,425
NGCT,18,58,0,0,0,0
NGCT,18,59,0,0,0,0
NGCT,18,60,0,0,0,0
NGCT,18,61,0,0,0,0
NGCT,18,62,0,0,0,0
NGCT,19,66,0,0,0,0
NGCT,19,67,0,0,0,0
NGCT,19,68,572,412,631,464
NGCT,19,69,576,420,621,459
NGCT,19,70,587,402,646,449
NGCT,19,71,612,390,651,433
NGCT,19,72,617,364,659,428
NGCT,19,73,622,365,661,415
NGCT,19,74,631,375,663,403
NGCT,19,75,641,344,658,369
NGCT,19,76,640,344,663,362
NGCT,19,77,643,344,667,359
NGCT,19,78,647,342,678,358
NGCT,19,79,656,327,680,355
NGCT,19,80,659,331,678,346
NGCT,19,81,662,322,673,343
NGCT,19,82,658,315,679,344
NGCT,19,83,656,314,680,341
NGCT,22,64,645,459,695,478
NGCT,22,65,680,456,708,471
NGCT,22,66,684,447,712,469
NGCT,22,67,697,428,718,464
NGCT,22,68,704,428,725,444
NGCT,22,69,723,402,734,423
NGCT,22,70,723,388,736,407
NGCT,22,71,733,372,748,394
NGCT,22,72,0,0,0,0
NGCT,22,73,0,0,0,0
NGCT,22,74,0,0,0,0
NGCT,23,104,0,0,0,0
NGCT,23,105,0,0,0,0
NGCT,23,106,0,0,0,0
NGCT,23,107,0,0,0,0
NGCT,23,108,0,0,0,0
NGCT,23,109,0,0,0,0
NGCT,23,110,0,0,0,0
NGCT,23,111,0,0,0,0
NGCT,23,112,0,0,0,0
NGCT,23,113,0,0,0,0
NGCT,23,114,0,0,0,0
NGCT,27,110,0,0,0,0
NGCT,27,111,0,0,0,0
NGCT,27,112,0,0,0,0
NGCT,27,113,0,0,0,0
NGCT,27,114,0,0,0,0
NGCT,27,115,0,0,0,0
NGCT,27,116,0,0,0,0
NGCT,27,117,0,0,0,0
NGCT,27,118,0,0,0,0
NGCT,27,119,0,0,0,0
NGCT,27,120,0,0,0,0
NGCT,27,121,0,0,0,0
NGCT,27,122,0,0,0,0
NGCT,27,123,0,0,0,0
NGCT,27,124,0,0,0,0
NGCT,27,125,0,0,0,0
NGCT,27,126,0,0,0,0
NGCT,27,127,0,0,0,0
NGCT,27,128,0,0,0,0
NGCT,27,129,0,0,0,0
NGCT,27,130,0,0,0,0
NGCT,28,50,0,0,0,0
NGCT,28,51,0,0,0,0
NGCT,28,52,0,0,0,0
NGCT,28,53,577,462,590,471
NGCT,28,54,576,459,593,474
NGCT,28,55,0,0,0,0
NGCT,28,56,614,462,637,483
NGCT,28,57,615,444,654,470
NGCT,28,58,629,437,663,466
NGCT,28,59,639,420,677,458
NGCT,28,60,658,410,685,435
NGCT,28,61,668,402,688,431
NGCT,28,62,672,397,693,425
NGCT,28,63,676,391,692,418
NGCT,28,64,692,382,705,398
NGCT,29,50,0,0,0,0
NGCT,29,51,0,0,0,0
NGCT,29,52,0,0,0,0
NGCT,29,53,0,0,0,0
NGCT,29,54,0,0,0,0
NGCT,29,55,0,0,0,0
NGCT,29,56,0,0,0,0
NGCT,29,57,624,451,648,471
NGCT,29,58,629,441,658,466
NGCT,29,59,640,441,672,459
NGCT,29,60,661,414,686,438
NGCT,29,61,668,404,692,430
NGCT,29,62,674,396,694,420
NGCT,29,63,678,391,692,415
NGCT,29,64,0,0,0,0
NGCT,29,65,0,0,0,0
NGCT,29,66,0,0,0,0
NGCT,29,67,0,0,0,0
NGCT,32,40,0,0,0,0
NGCT,32,41,0,0,0,0
NGCT,32,42,0,0,0,0
NGCT,32,43,0,0,0,0
NGCT,32,44,0,0,0,0
NGCT,32,45,0,0,0,0
NGCT,32,46,0,0,0,0
NGCT,32,47,0,0,0,0
NGCT,32,48,0,0,0,0
NGCT,32,49,0,0,0,0
NGCT,32,50,0,0,0,0
NGCT,32,51,0,0,0,0
NGCT,32,52,0,0,0,0
NGCT,32,53,0,0,0,0
NGCT,32,54,0,0,0,0
NGCT,32,55,0,0,0,0
NGCT,32,56,0,0,0,0
NGCT,32,57,0,0,0,0
NGCT,32,58,0,0,0,0
NGCT,32,59,634,379,690,442
NGCT,32,60,636,374,692,436
NGCT,32,61,640,370,696,437
NGCT,32,62,674,368,697,394
NGCT,32,63,660,368,691,383
NGCT,32,64,693,366,711,380
NGCT,32,65,673,350,699,361
NGCT,34,62,0,0,0,0
NGCT,34,63,0,0,0,0
NGCT,34,64,0,0,0,0
NGCT,34,65,0,0,0,0
NGCT,34,66,0,0,0,0
NGCT,34,67,0,0,0,0
NGCT,34,68,0,0,0,0
NGCT,34,69,0,0,0,0
NGCT,34,70,0,0,0,0
NGCT,34,71,0,0,0,0
NGCT,34,72,0,0,0,0
NGCT,34,73,0,0,0,0
NGCT,34,74,567,409,584,425
NGCT,34,75,554,404,590,430
NGCT,34,76,558,399,596,430
NGCT,34,77,569,390,602,422
NGCT,34,78,575,386,610,419
NGCT,34,79,590,370,617,404
NGCT,34,80,596,364,617,399
NGCT,34,81,600,350,628,384
NGCT,34,82,610,345,628,364
NGCT,34,83,604,336,636,358
NGCT,34,84,612,321,631,347
NGCT,34,85,0,0,0,0
NGCT,34,86,615,304,630,319
NGCT,34,87,611,298,628,315
NGCT,34,88,612,299,632,310
NGCT,34,89,606,289,630,306
NGCT,34,90,608,292,629,306
NGCT,34,91,0,0,0,0
NGCT,34,92,0,0,0,0
NGCT,34,93,0,0,0,0
NGCT,34,94,0,0,0,0
NGCT,34,95,0,0,0,0
NGCT,34,96,0,0,0,0
NGCT,34,97,0,0,0,0
NGCT,34,98,0,0,0,0
NGCT,34,99,0,0,0,0
NGCT,35,57,0,0,0,0
NGCT,35,58,0,0,0,0
NGCT,35,59,0,0,0,0
NGCT,35,60,0,0,0,0
NGCT,35,61,0,0,0,0
NGCT,35,62,555,380,611,420
NGCT,35,63,570,384,600,407
NGCT,35,64,604,379,630,396
NGCT,35,65,633,351,651,368
NGCT,35,66,0,0,0,0
NGCT,35,67,0,0,0,0
NGCT,35,68,0,0,0,0
NGCT,35,69,0,0,0,0
NGCT,35,70,0,0,0,0
NGCT,35,71,0,0,0,0
NGCT,35,72,0,0,0,0
NGCT,35,73,0,0,0,0
NGCT,35,74,0,0,0,0
NGCT,35,75,0,0,0,0
NGCT,44,76,0,0,0,0
NGCT,44,77,0,0,0,0
NGCT,44,78,0,0,0,0
NGCT,44,79,0,0,0,0
NGCT,44,80,0,0,0,0
NGCT,44,81,0,0,0,0
NGCT,44,82,0,0,0,0
NGCT,44,83,0,0,0,0
NGCT,44,84,0,0,0,0
NGCT,44,85,0,0,0,0
NGCT,44,86,0,0,0,0
NGCT,44,87,0,0,0,0
NGCT,44,88,0,0,0,0
NGCT,44,89,0,0,0,0
NGCT,44,90,0,0,0,0
NGCT,44,91,0,0,0,0
NGCT,44,92,0,0,0,0
NGCT,44,93,0,0,0,0
NGCT,45,54,0,0,0,0
NGCT,45,55,0,0,0,0
NGCT,45,56,0,0,0,0
NGCT,45,57,0,0,0,0
NGCT,45,58,0,0,0,0
NGCT,45,59,0,0,0,0
NGCT,45,60,0,0,0,0
NGCT,45,61,0,0,0,0
NGCT,45,62,0,0,0,0
NGCT,45,63,0,0,0,0
NGCT,45,64,0,0,0,0
NGCT,45,65,0,0,0,0
NGCT,45,66,0,0,0,0
NGCT,45,67,0,0,0,0
NGCT,45,68,0,0,0,0
NGCT,45,69,0,0,0,0
NGCT,45,70,0,0,0,0
NGCT,45,71,0,0,0,0
NGCT,45,72,0,0,0,0
NGCT,45,73,0,0,0,0
NGCT,45,74,0,0,0,0
NGCT,45,75,0,0,0,0
NGCT,45,76,0,0,0,0
NGCT,45,77,0,0,0,0
NGCT,45,78,0,0,0,0
NGCT,45,79,0,0,0,0
NGCT,45,80,0,0,0,0
NGCT,45,81,0,0,0,0
NGCT,45,82,0,0,0,0
NGCT,45,83,0,0,0,0
NGCT,45,84,0,0,0,0
NGCT,45,85,0,0,0,0
NGCT,45,86,0,0,0,0
NGCT,45,87,0,0,0,0
NGCT,45,88,0,0,0,0
NGCT,45,89,0,0,0,0
NGCT,45,90,0,0,0,0
NGCT,45,91,0,0,0,0
NGCT,46,52,0,0,0,0
NGCT,46,53,0,0,0,0
NGCT,46,54,0,0,0,0
NGCT,46,55,0,0,0,0
NGCT,46,56,0,0,0,0
NGCT,46,57,0,0,0,0
NGCT,46,58,0,0,0,0
NGCT,46,59,0,0,0,0
NGCT,46,60,0,0,0,0
NGCT,46,61,0,0,0,0
NGCT,46,62,0,0,0,0
NGCT,46,63,602,496,628,517
NGCT,46,64,0,0,0,0
NGCT,46,65,0,0,0,0
NGCT,46,66,613,488,636,505
NGCT,46,67,617,449,662,481
NGCT,46,68,624,442,672,478
NGCT,46,69,640,430,678,470
NGCT,46,70,642,432,683,470
NGCT,46,71,672,406,687,421
NGCT,46,72,668,386,685,406
NGCT,46,73,668,373,684,392
NGCT,46,74,666,362,680,383
NGCT,46,75,0,0,0,0
NGCT,46,76,0,0,0,0
NGCT,47,57,0,0,0,0
NGCT,47,58,608,422,628,443
NGCT,47,59,619,403,644,432
NGCT,47,60,632,391,646,410
NGCT,47,61,0,0,0,0
NGCT,47,62,0,0,0,0
NGCT,47,63,0,0,0,0
NGCT,47,64,0,0,0,0
NGCT,47,65,0,0,0,0
NGCT,47,66,0,0,0,0
NGCT,47,67,0,0,0,0
NGCT,47,68,0,0,0,0
NGCT,47,69,0,0,0,0
NGCT,47,70,0,0,0,0
NGCT,47,71,0,0,0,0
NGCT,47,72,0,0,0,0
NGCT,47,73,0,0,0,0
NGCT,47,74,0,0,0,0
NGCT,47,75,0,0,0,0
NGCT,47,76,0,0,0,0
NGCT,47,77,0,0,0,0
NGCT,47,78,0,0,0,0
NGCT,47,79,0,0,0,0
NGCT,48,61,0,0,0,0
NGCT,48,62,0,0,0,0
NGCT,48,63,0,0,0,0
NGCT,48,64,0,0,0,0
NGCT,48,65,0,0,0,0
NGCT,48,66,0,0,0,0
NGCT,48,67,0,0,0,0
NGCT,48,68,0,0,0,0
NGCT,48,69,0,0,0,0
NGCT,48,70,0,0,0,0
NGCT,48,71,0,0,0,0
NGCT,48,72,0,0,0,0
NGCT,48,73,0,0,0,0
NGCT,48,74,0,0,0,0
NGCT,48,75,0,0,0,0
NGCT,49,37,0,0,0,0
NGCT,49,38,0,0,0,0
NGCT,49,39,0,0,0,0
NGCT,49,40,0,0,0,0
NGCT,49,41,0,0,0,0
NGCT,49,42,0,0,0,0
NGCT,49,43,0,0,0,0
NGCT,49,44,0,0,0,0
NGCT,49,45,0,0,0,0
NGCT,49,46,0,0,0,0
NGCT,49,47,0,0,0,0
NGCT,49,48,607,389,638,418
NGCT,49,49,602,407,622,436
NGCT,49,50,0,0,0,0
NGCT,49,51,0,0,0,0
NGCT,49,52,0,0,0,0
NGCT,49,53,0,0,0,0
NGCT,49,54,0,0,0,0
NGCT,49,55,0,0,0,0
NGCT,49,56,0,0,0,0
NGCT,51,81,0,0,0,0
NGCT,51,82,0,0,0,0
NGCT,51,83,0,0,0,0
NGCT,51,84,0,0,0,0
NGCT,51,85,0,0,0,0
NGCT,51,86,0,0,0,0
NGCT,51,87,0,0,0,0
NGCT,51,88,0,0,0,0
NGCT,51,89,0,0,0,0
NGCT,51,90,0,0,0,0
NGCT,51,91,0,0,0,0
NGCT,51,92,0,0,0,0
NGCT,51,93,0,0,0,0
NGCT,51,94,0,0,0,0
NGCT,51,95,0,0,0,0
NGCT,51,96,0,0,0,0
NGCT,52,64,0,0,0,0
NGCT,52,65,0,0,0,0
NGCT,52,66,0,0,0,0
NGCT,52,67,0,0,0,0
NGCT,52,68,0,0,0,0
NGCT,52,69,0,0,0,0
NGCT,52,70,0,0,0,0
NGCT,52,71,0,0,0,0
NGCT,52,72,0,0,0,0
NGCT,52,73,0,0,0,0
NGCT,52,74,0,0,0,0
NGCT,52,75,643,437,674,464
NGCT,52,76,634,444,666,473
NGCT,52,77,644,432,680,459
NGCT,52,78,0,0,0,0
NGCT,52,79,657,424,691,452
NGCT,52,80,668,416,694,443
NGCT,52,81,674,415,694,434
NGCT,52,82,680,406,698,423
NGCT,52,83,676,402,701,424
NGCT,52,84,0,0,0,0
NGCT,52,85,0,0,0,0
NGCT,52,86,0,0,0,0
NGCT,52,87,0,0,0,0
NGCT,52,88,0,0,0,0
NGCT,52,89,0,0,0,0
NGCT,52,90,0,0,0,0
NGCT,52,91,0,0,0,0
NGCT,52,92,0,0,0,0
NGCT,52,93,0,0,0,0
NGCT,52,94,0,0,0,0
NGCT,52,95,0,0,0,0
NGCT,53,56,699,398,733,438
NGCT,53,57,0,0,0,0
NGCT,53,58,0,0,0,0
NGCT,53,59,0,0,0,0
NGCT,53,6,0,0,0,0
NGCT,53,60,0,0,0,0
NGCT,53,61,0,0,0,0
NGCT,53,62,0,0,0,0
NGCT,53,63,0,0,0,0
NGCT,53,64,0,0,0,0
NGCT,53,65,0,0,0,0
NGCT,54,123,0,0,0,0
NGCT,54,124,0,0,0,0
NGCT,54,125,0,0,0,0
NGCT,54,126,0,0,0,0
NGCT,54,127,0,0,0,0
NGCT,54,128,0,0,0,0
NGCT,54,129,0,0,0,0
NGCT,54,130,0,0,0,0
NGCT,54,131,0,0,0,0
NGCT,54,132,0,0,0,0
NGCT,54,133,0,0,0,0
NGCT,54,134,0,0,0,0
NGCT,54,135,0,0,0,0
NGCT,54,136,0,0,0,0
NGCT,54,137,0,0,0,0
NGCT,54,138,0,0,0,0
NGCT,54,139,0,0,0,0
NGCT,54,140,0,0,0,0
NGCT,54,141,0,0,0,0
NGCT,54,142,0,0,0,0
NGCT,55,156,0,0,0,0
NGCT,55,157,0,0,0,0
NGCT,55,158,0,0,0,0
NGCT,55,159,0,0,0,0
NGCT,55,160,0,0,0,0
NGCT,55,161,0,0,0,0
NGCT,55,162,0,0,0,0
NGCT,55,163,0,0,0,0
NGCT,55,164,0,0,0,0
NGCT,55,165,0,0,0,0
NGCT,55,166,0,0,0,0
NGCT,55,167,0,0,0,0
NGCT,55,168,0,0,0,0
NGCT,55,169,0,0,0,0
NGCT,55,170,0,0,0,0
NGCT,55,171,0,0,0,0
NGCT,55,172,0,0,0,0
NGCT,55,173,0,0,0,0
NGCT,55,174,0,0,0,0
NGCT,55,175,0,0,0,0
NGCT,55,176,0,0,0,0
NGCT,55,1,0,0,0,0
NGCT,55,2,0,0,0,0
NGCT,55,3,0,0,0,0
NGCT,55,4,0,0,0,0
NGCT,55,5,0,0,0,0
NGCT,55,6,0,0,0,0
NGCT,55,7,0,0,0,0
NGCT,55,8,0,0,0,0
NGCT,55,9,0,0,0,0
NGCT,55,10,0,0,0,0
NGCT,55,11,0,0,0,0
NGCT,55,12,0,0,0,0
NGCT,55,13,0,0,0,0
NGCT,56,87,0,0,0,0
NGCT,56,88,0,0,0,0
NGCT,56,89,0,0,0,0
NGCT,56,90,0,0,0,0
NGCT,56,91,0,0,0,0
NGCT,56,92,0,0,0,0
NGCT,56,93,0,0,0,0
NGCT,56,94,0,0,0,0
NGCT,56,95,0,0,0,0
NGCT,56,96,0,0,0,0
NGCT,56,97,0,0,0,0
NGCT,56,98,0,0,0,0
NGCT,56,99,0,0,0,0
NGCT,56,100,0,0,0,0
NGCT,56,101,0,0,0,0
NGCT,56,102,0,0,0,0
NGCT,56,103,0,0,0,0
NGCT,56,104,0,0,0,0
NGCT,56,105,0,0,0,0
NGCT,58,54,0,0,0,0
NGCT,58,55,0,0,0,0
NGCT,58,56,0,0,0,0
NGCT,58,57,0,0,0,0
NGCT,58,58,0,0,0,0
NGCT,58,59,0,0,0,0
NGCT,58,60,0,0,0,0
NGCT,58,61,0,0,0,0
NGCT,58,62,0,0,0,0
NGCT,58,63,0,0,0,0
NGCT,58,64,555,422,582,448
NGCT,58,65,566,406,602,442
NGCT,58,66,571,400,604,429
NGCT,58,67,577,386,619,422
NGCT,58,68,590,383,623,410
NGCT,58,69,610,360,634,393
NGCT,58,70,617,353,640,373
NGCT,58,71,624,352,639,372
NGCT,58,72,619,346,642,368
NGCT,60,164,0,0,0,0
NGCT,60,165,0,0,0,0
NGCT,60,166,0,0,0,0
NGCT,60,167,0,0,0,0
NGCT,60,168,0,0,0,0
NGCT,60,169,0,0,0,0
NGCT,60,170,0,0,0,0
NGCT,60,171,0,0,0,0
NGCT,60,172,0,0,0,0
NGCT,60,173,0,0,0,0
NGCT,60,174,0,0,0,0
NGCT,60,175,0,0,0,0
NGCT,60,176,0,0,0,0
NGCT,62,156,0,0,0,0
NGCT,62,157,0,0,0,0
NGCT,62,158,0,0,0,0
NGCT,62,159,0,0,0,0
NGCT,62,160,0,0,0,0
NGCT,62,161,0,0,0,0
NGCT,62,162,0,0,0,0
NGCT,62,163,0,0,0,0
NGCT,62,164,0,0,0,0
NGCT,62,165,0,0,0,0
NGCT,62,166,0,0,0,0
NGCT,62,167,0,0,0,0
NGCT,62,168,0,0,0,0
NGCT,62,169,0,0,0,0
NGCT,62,170,0,0,0,0
NGCT,62,171,0,0,0,0
NGCT,62,172,0,0,0,0
NGCT,62,173,0,0,0,0
NGCT,62,174,0,0,0,0
NGCT,62,175,0,0,0,0
NGCT,62,176,0,0,0,0
NGCT,62,1,0,0,0,0
NGCT,62,2,0,0,0,0
NGCT,62,3,0,0,0,0
NGCT,62,4,0,0,0,0
NGCT,62,5,0,0,0,0
NGCT,62,6,0,0,0,0
NGCT,62,7,0,0,0,0
NGCT,62,8,0,0,0,0
NGCT,62,9,0,0,0,0
NGCT,62,10,0,0,0,0
NGCT,62,11,0,0,0,0
NGCT,62,12,0,0,0,0
NGCT,62,13,0,0,0,0
NGCT,62,14,0,0,0,0
NGCT,66,145,0,0,0,0
NGCT,66,146,0,0,0,0
NGCT,66,147,0,0,0,0
NGCT,66,148,0,0,0,0
NGCT,66,149,0,0,0,0
NGCT,66,150,0,0,0,0
NGCT,66,151,0,0,0,0
NGCT,66,152,0,0,0,0
NGCT,66,153,0,0,0,0
NGCT,66,154,0,0,0,0
NGCT,66,155,0,0,0,0
NGCT,66,156,0,0,0,0
NGCT,66,157,0,0,0,0
NGCT,66,158,0,0,0,0
NGCT,66,159,0,0,0,0
NGCT,66,160,0,0,0,0
NGCT,67,66,0,0,0,0
NGCT,67,67,611,387,659,424
NGCT,67,68,613,371,678,422
NGCT,67,69,630,370,677,418
NGCT,67,70,634,389,662,412
NGCT,67,71,0,0,0,0
NGCT,67,72,0,0,0,0
NGCT,67,73,0,0,0,0
NGCT,67,74,0,0,0,0
NGCT,67,75,0,0,0,0
NGCT,67,76,0,0,0,0
NGCT,67,77,0,0,0,0
NGCT,67,78,0,0,0,0
NGCT,67,79,0,0,0,0
NGCT,67,80,0,0,0,0
NGCT,67,81,0,0,0,0
NGCT,67,82,0,0,0,0
NGCT,67,83,0,0,0,0
NGCT,67,84,0,0,0,0
NGCT,67,85,0,0,0,0
NGCT,67,86,0,0,0,0
NGCT,68,53,0,0,0,0
NGCT,68,54,0,0,0,0
NGCT,68,55,0,0,0,0
NGCT,68,56,0,0,0,0
NGCT,68,57,0,0,0,0
NGCT,68,58,0,0,0,0
NGCT,68,59,593,485,622,527
NGCT,68,60,610,479,626,506
NGCT,68,61,613,455,636,491
NGCT,68,62,622,441,645,476
NGCT,68,63,614,434,638,462
NGCT,68,64,616,424,636,448
NGCT,68,65,0,0,0,0
NGCT,68,66,0,0,0,0
NGCT,68,67,0,0,0,0
NGCT,68,68,0,0,0,0
NGCT,68,69,0,0,0,0
NGCT,68,70,0,0,0,0
NGCT,68,71,0,0,0,0
NGCT,68,72,0,0,0,0
NGCT,68,73,0,0,0,0
NGCT,68,74,0,0,0,0
NGCT,68,75,0,0,0,0
NGCT,68,76,0,0,0,0
NGCT,68,77,0,0,0,0
NGCT,68,78,0,0,0,0
NGCT,68,79,0,0,0,0
NGCT,68,80,0,0,0,0
NGCT,68,81,0,0,0,0
NGCT,68,82,0,0,0,0
NGCT,69,143,0,0,0,0
NGCT,69,144,0,0,0,0
NGCT,69,145,0,0,0,0
NGCT,69,146,0,0,0,0
NGCT,69,147,0,0,0,0
NGCT,69,148,0,0,0,0
NGCT,69,149,0,0,0,0
NGCT,69,150,0,0,0,0
NGCT,69,151,0,0,0,0
NGCT,69,152,0,0,0,0
NGCT,69,153,0,0,0,0
NGCT,69,154,0,0,0,0
NGCT,69,155,0,0,0,0
NGCT,69,156,0,0,0,0
NGCT,69,157,0,0,0,0
NGCT,73,36,0,0,0,0
NGCT,73,37,0,0,0,0
NGCT,73,38,0,0,0,0
NGCT,73,39,0,0,0,0
NGCT,73,4,0,0,0,0
NGCT,73,40,0,0,0,0
NGCT,73,41,0,0,0,0
NGCT,73,42,0,0,0,0
NGCT,73,43,0,0,0,0
NGCT,74,136,0,0,0,0
NGCT,74,137,0,0,0,0
NGCT,74,138,0,0,0,0
NGCT,74,139,0,0,0,0
NGCT,74,140,0,0,0,0
NGCT,74,141,0,0,0,0
NGCT,74,142,0,0,0,0
NGCT,74,143,0,0,0,0
NGCT,74,144,0,0,0,0
NGCT,74,145,0,0,0,0
NGCT,74,146,0,0,0,0
NGCT,74,147,0,0,0,0
NGCT,74,148,0,0,0,0
NGCT,74,149,0,0,0,0
NGCT,74,150,0,0,0,0
NGCT,74,151,0,0,0,0
NGCT,74,152,0,0,0,0
NGCT,74,153,0,0,0,0
NGCT,74,154,0,0,0,0
NGCT,74,155,0,0,0,0
NGCT,74,156,0,0,0,0
NGCT,74,157,0,0,0,0
NGCT,74,158,0,0,0,0
NGCT,74,159,0,0,0,0
NGCT,74,160,0,0,0,0
NGCT,74,161,0,0,0,0
NGCT,74,162,0,0,0,0
NGCT,74,163,0,0,0,0
NGCT,74,164,0,0,0,0
NGCT,74,165,0,0,0,0
NGCT,74,1,0,0,0,0
NGCT,74,2,0,0,0,0
NGCT,74,3,0,0,0,0
NGCT,74,4,0,0,0,0
NGCT,74,5,0,0,0,0
NGCT,74,6,0,0,0,0
NGCT,74,7,0,0,0,0
NGCT,74,8,0,0,0,0
NGCT,74,9,0,0,0,0
NGCT,74,10,0,0,0,0
NGCT,74,11,0,0,0,0
NGCT,74,12,0,0,0,0
NGCT,74,13,0,0,0,0
NGCT,74,14,0,0,0,0
NGCT,74,15,0,0,0,0
NGCT,74,16,0,0,0,0
NGCT,74,17,0,0,0,0
NGCT,74,18,0,0,0,0
NGCT,74,19,0,0,0,0
NGCT,74,20,0,0,0,0
NGCT,74,21,0,0,0,0
NGCT,74,22,0,0,0,0
NGCT,75,45,0,0,0,0
NGCT,75,46,0,0,0,0
NGCT,75,47,0,0,0,0
NGCT,75,48,0,0,0,0
NGCT,75,49,0,0,0,0
NGCT,75,50,0,0,0,0
NGCT,75,51,0,0,0,0
NGCT,75,52,0,0,0,0
NGCT,75,53,0,0,0,0
NGCT,75,54,0,0,0,0
NGCT,75,55,0,0,0,0
NGCT,75,56,0,0,0,0
NGCT,75,57,562,388,628,421
NGCT,75,58,544,382,638,434
NGCT,75,59,613,372,646,394
NGCT,75,60,622,366,654,389
NGCT,75,61,636,353,662,382
NGCT,75,62,650,344,664,371
NGCT,75,63,0,0,0,0
NGCT,75,64,0,0,0,0
NGCT,75,65,0,0,0,0
NGCT,75,66,0,0,0,0
NGCT,75,67,0,0,0,0
NGCT,75,68,0,0,0,0
NGCT,75,69,0,0,0,0
NGCT,75,70,0,0,0,0
NGCT,75,71,0,0,0,0
NGCT,75,72,0,0,0,0
NGCT,75,73,0,0,0,0
NGCT,75,74,0,0,0,0
NGCT,76,41,0,0,0,0
NGCT,76,42,0,0,0,0
NGCT,76,43,0,0,0,0
NGCT,76,44,0,0,0,0
NGCT,76,45,0,0,0,0
NGCT,76,46,0,0,0,0
NGCT,76,47,0,0,0,0
NGCT,76,48,0,0,0,0
NGCT,76,49,0,0,0,0
NGCT,76,50,0,0,0,0
NGCT,76,51,0,0,0,0
NGCT,76,52,0,0,0,0
NGCT,76,53,0,0,0,0
NGCT,76,54,0,0,0,0
NGCT,76,55,0,0,0,0
NGCT,76,56,0,0,0,0
NGCT,76,57,0,0,0,0
NGCT,76,58,0,0,0,0
NGCT,76,59,0,0,0,0
NGCT,76,60,0,0,0,0
NGCT,76,61,0,0,0,0
NGCT,76,62,0,0,0,0
NGCT,76,63,0,0,0,0
NGCT,76,64,0,0,0,0
NGCT,76,65,0,0,0,0
NGCT,76,66,0,0,0,0
NGCT,76,67,0,0,0,0
NGCT,76,68,0,0,0,0
NGCT,76,69,0,0,0,0
NGCT,76,70,0,0,0,0
NGCT,76,71,0,0,0,0
NGCT,76,72,0,0,0,0
NGCT,76,73,0,0,0,0
NGCT,76,74,0,0,0,0
NGCT,78,145,0,0,0,0
NGCT,78,146,0,0,0,0
NGCT,78,147,0,0,0,0
NGCT,78,148,0,0,0,0
NGCT,78,149,0,0,0,0
NGCT,78,150,0,0,0,0
NGCT,78,151,0,0,0,0
NGCT,78,152,0,0,0,0
NGCT,78,153,0,0,0,0
NGCT,78,154,0,0,0,0
NGCT,78,155,0,0,0,0
NGCT,78,156,0,0,0,0
NGCT,78,157,0,0,0,0
NGCT,78,158,0,0,0,0
NGCT,78,159,0,0,0,0
NGCT,78,160,0,0,0,0
NGCT,78,161,0,0,0,0
NGCT,78,162,0,0,0,0
NGCT,78,163,0,0,0,0
NGCT,78,164,0,0,0,0
NGCT,78,165,0,0,0,0
NGCT,78,166,0,0,0,0
NGCT,78,167,0,0,0,0
NGCT,78,168,0,0,0,0
NGCT,78,169,0,0,0,0
NGCT,78,170,0,0,0,0
NGCT,78,171,0,0,0,0
NGCT,78,1,0,0,0,0
NGCT,78,2,0,0,0,0
NGCT,78,3,0,0,0,0
NGCT,78,4,0,0,0,0
NGCT,78,5,0,0,0,0
NGCT,78,6,0,0,0,0
NGCT,78,7,0,0,0,0
NGCT,78,8,0,0,0,0
NGCT,78,9,0,0,0,0
NGCT,78,10,0,0,0,0
NGCT,78,11,0,0,0,0
NGCT,78,12,0,0,0,0
NGCT,78,13,0,0,0,0
NGCT,78,14,0,0,0,0
NGCT,78,15,0,0,0,0
NGCT,78,16,0,0,0,0
NGCT,78,17,0,0,0,0
NGCT,78,18,0,0,0,0
NGCT,78,19,0,0,0,0
NGCT,79,49,0,0,0,0
NGCT,79,50,0,0,0,0
NGCT,79,51,0,0,0,0
NGCT,79,52,0,0,0,0
NGCT,79,53,0,0,0,0
NGCT,79,54,0,0,0,0
NGCT,79,55,602,386,648,430
NGCT,79,56,606,367,645,411
NGCT,79,57,600,366,646,412
NGCT,79,58,610,372,674,412
NGCT,79,59,647,400,676,417
NGCT,79,60,628,408,684,438
NGCT,79,61,644,414,690,430
NGCT,79,62,0,0,0,0
NGCT,79,63,0,0,0,0
NGCT,79,64,0,0,0,0
NGCT,79,65,0,0,0,0
NGCT,79,66,0,0,0,0
NGCT,79,67,0,0,0,0
NGCT,79,68,0,0,0,0
NGCT,79,69,0,0,0,0
NGCT,79,70,0,0,0,0
NGCT,79,71,0,0,0,0
NGCT,79,72,0,0,0,0
NGCT,79,73,0,0,0,0
NGCT,79,74,0,0,0,0
NGCT,79,75,0,0,0,0
NGCT,79,76,0,0,0,0
NGCT,79,77,0,0,0,0
NGCT,79,78,0,0,0,0
NGCT,79,79,0,0,0,0
NGCT,79,80,0,0,0,0
NGCT,79,81,0,0,0,0
NGCT,79,82,0,0,0,0
NGCT,79,83,0,0,0,0
NGCT,79,84,0,0,0,0
NGCT,79,85,0,0,0,0
NGCT,79,86,0,0,0,0
NGCT,79,87,0,0,0,0
NGCT,79,88,0,0,0,0
NGCT,80,103,0,0,0,0
NGCT,80,104,0,0,0,0
NGCT,80,105,0,0,0,0
NGCT,80,106,0,0,0,0
NGCT,80,107,0,0,0,0
NGCT,80,108,0,0,0,0
NGCT,80,109,0,0,0,0
NGCT,80,110,0,0,0,0
NGCT,80,111,0,0,0,0
NGCT,80,112,0,0,0,0
NGCT,80,113,0,0,0,0
NGCT,80,114,0,0,0,0
NGCT,80,115,0,0,0,0
NGCT,80,116,0,0,0,0
NGCT,80,117,0,0,0,0
NGCT,80,118,0,0,0,0
NGCT,80,119,0,0,0,0
NGCT,80,120,0,0,0,0
NGCT,80,121,0,0,0,0
NGCT,80,122,0,0,0,0
NGCT,80,123,0,0,0,0
NGCT,80,124,0,0,0,0
NGCT,80,125,0,0,0,0
NGCT,80,126,0,0,0,0
NGCT,80,127,0,0,0,0
NGCT,80,128,0,0,0,0
NGCT,80,129,0,0,0,0
NGCT,80,130,0,0,0,0
NGCT,80,131,0,0,0,0
NGCT,80,132,0,0,0,0
NGCT,80,133,0,0,0,0
NGCT,82,49,0,0,0,0
NGCT,82,50,0,0,0,0
NGCT,82,51,603,498,653,515
NGCT,82,52,620,496,672,516
NGCT,82,53,664,471,700,496
NGCT,82,54,682,450,713,492
NGCT,82,55,692,444,716,470
NGCT,82,56,718,414,750,457
NGCT,82,57,732,402,757,437
NGCT,82,58,734,401,756,430
NGCT,82,59,708,386,734,413
NGCT,82,60,0,0,0,0
NGCT,82,61,0,0,0,0
NGCT,82,62,0,0,0,0
NGCT,82,63,0,0,0,0
NGCT,82,64,0,0,0,0
NGCT,82,65,0,0,0,0
NGCT,82,66,0,0,0,0
NGCT,82,67,0,0,0,0
NGCT,82,68,0,0,0,0
NGCT,82,69,0,0,0,0
NGCT,82,70,0,0,0,0
NGCT,82,71,0,0,0,0
NGCT,82,72,0,0,0,0
NGCT,82,73,0,0,0,0
NGCT,82,74,0,0,0,0
NGCT,82,75,0,0,0,0
NGCT,82,76,0,0,0,0
NGCT,82,77,0,0,0,0
NGCT,82,78,0,0,0,0
NGCT,82,79,0,0,0,0
NGCT,82,80,0,0,0,0
NGCT,82,81,0,0,0,0
NGCT,82,82,0,0,0,0
NGCT,82,83,0,0,0,0
NGCT,82,84,0,0,0,0
NGCT,82,85,0,0,0,0
NGCT,82,86,0,0,0,0
NGCT,82,87,0,0,0,0
NGCT,85,117,0,0,0,0
NGCT,85,118,0,0,0,0
NGCT,85,119,0,0,0,0
NGCT,85,120,0,0,0,0
NGCT,85,121,0,0,0,0
NGCT,85,122,0,0,0,0
NGCT,85,123,0,0,0,0
NGCT,85,124,0,0,0,0
NGCT,85,125,0,0,0,0
NGCT,85,126,0,0,0,0
NGCT,85,127,0,0,0,0
NGCT,85,128,0,0,0,0
NGCT,85,129,0,0,0,0
NGCT,85,130,0,0,0,0
NGCT,85,131,0,0,0,0
NGCT,85,132,0,0,0,0
NGCT,85,133,0,0,0,0
NGCT,85,134,0,0,0,0
NGCT,85,136,0,0,0,0
NGCT,85,137,0,0,0,0
NGCT,85,139,0,0,0,0
NGCT,85,140,0,0,0,0
NGCT,85,141,0,0,0,0
NGCT,85,142,0,0,0,0
NGCT,85,144,0,0,0,0
NGCT,85,145,0,0,0,0
NGCT,85,146,0,0,0,0
NGCT,85,147,0,0,0,0
NGCT,85,148,0,0,0,0
NGCT,85,149,0,0,0,0
NGCT,85,150,0,0,0,0
NGCT,85,151,0,0,0,0
NGCT,85,152,0,0,0,0
NGCT,85,153,0,0,0,0
NGCT,85,154,0,0,0,0
NGCT,85,155,0,0,0,0
NGCT,85,156,0,0,0,0
NGCT,85,1,0,0,0,0
NGCT,85,2,0,0,0,0
NGCT,85,3,0,0,0,0
NGCT,85,4,0,0,0,0
NGCT,85,5,0,0,0,0
NGCT,85,6,0,0,0,0
NGCT,85,7,0,0,0,0
NGCT,85,8,0,0,0,0
NGCT,85,9,0,0,0,0
NGCT,86,57,630,382,676,410
NGCT,86,58,683,369,714,385
NGCT,86,59,706,355,728,372
NGCT,86,60,719,350,734,365
NGCT,86,61,720,340,736,354
NGCT,86,62,0,0,0,0
NGCT,86,63,0,0,0,0
NGCT,86,64,0,0,0,0
NGCT,86,65,0,0,0,0
NGCT,86,66,0,0,0,0
NGCT,86,67,0,0,0,0
NGCT,86,68,0,0,0,0
NGCT,86,69,0,0,0,0
NGCT,86,70,0,0,0,0
NGCT,86,71,0,0,0,0
NGCT,86,72,0,0,0,0
NGCT,86,73,0,0,0,0
NGCT,86,74,0,0,0,0
NGCT,86,75,0,0,0,0
NGCT,86,76,0,0,0,0
NGCT,86,77,0,0,0,0
NGCT,86,78,0,0,0,0
NGCT,86,79,0,0,0,0
NGCT,86,80,0,0,0,0
NGCT,86,81,0,0,0,0
NGCT,86,82,0,0,0,0
NGCT,86,83,0,0,0,0
NGCT,86,84,0,0,0,0
NGCT,86,85,0,0,0,0
NGCT,86,86,0,0,0,0
NGCT,86,87,0,0,0,0
NGCT,86,88,0,0,0,0
NGCT,86,89,0,0,0,0
NGCT,86,90,0,0,0,0
NGCT,86,91,0,0,0,0
NGCT,86,92,0,0,0,0
NGCT,86,93,0,0,0,0
NGCT,86,94,0,0,0,0
NGCT,87,44,0,0,0,0
NGCT,87,45,0,0,0,0
NGCT,87,46,0,0,0,0
NGCT,87,47,0,0,0,0
NGCT,87,48,0,0,0,0
NGCT,87,49,0,0,0,0
NGCT,87,50,0,0,0,0
NGCT,87,51,0,0,0,0
NGCT,87,52,0,0,0,0
NGCT,87,53,0,0,0,0
NGCT,87,54,0,0,0,0
NGCT,87,55,0,0,0,0
NGCT,87,56,582,497,601,544
NGCT,87,57,588,489,604,533
NGCT,87,58,0,0,0,0
NGCT,87,59,0,0,0,0
NGCT,87,60,0,0,0,0
NGCT,87,61,592,462,611,494
NGCT,87,62,597,460,619,493
NGCT,87,63,618,441,638,478
NGCT,87,64,604,406,633,466
NGCT,87,65,606,398,624,416
NGCT,87,66,607,392,625,412
NGCT,87,67,606,385,624,410
NGCT,87,68,606,365,624,394
NGCT,87,69,609,361,628,381
NGCT,87,70,608,354,630,372
NGCT,87,71,600,350,623,368
NGCT,87,72,598,348,622,366
NGCT,87,73,602,348,620,363
NGCT,87,74,0,0,0,0
NGCT,87,75,0,0,0,0
NGCT,87,76,0,0,0,0
NGCT,87,77,0,0,0,0
NGCT,87,78,0,0,0,0
NGCT,87,79,0,0,0,0
NGCT,89,167,0,0,0,0
NGCT,89,168,0,0,0,0
NGCT,89,169,0,0,0,0
NGCT,89,170,0,0,0,0
NGCT,89,171,0,0,0,0
NGCT,89,172,0,0,0,0
NGCT,89,173,0,0,0,0
NGCT,89,174,0,0,0,0
NGCT,89,175,0,0,0,0
NGCT,89,176,0,0,0,0
NGCT,89,177,0,0,0,0
NGCT,89,178,0,0,0,0
NGCT,89,179,0,0,0,0
NGCT,89,180,0,0,0,0
NGCT,89,181,0,0,0,0
NGCT,89,182,0,0,0,0
NGCT,89,1,0,0,0,0
NGCT,89,2,0,0,0,0
NGCT,89,3,0,0,0,0
NGCT,89,4,0,0,0,0
NGCT,89,5,0,0,0,0
NGCT,89,6,0,0,0,0
NGCT,89,7,0,0,0,0
NGCT,89,8,0,0,0,0
NGCT,89,9,0,0,0,0
NGCT,89,10,0,0,0,0
NGCT,89,11,0,0,0,0
NGCT,89,12,0,0,0,0
NGCT,89,13,0,0,0,0
NGCT,89,14,0,0,0,0
NGCT,89,15,0,0,0,0
NGCT,89,16,0,0,0,0
NGCT,89,17,0,0,0,0
NGCT,89,18,0,0,0,0
NGCT,89,19,0,0,0,0
NGCT,89,20,0,0,0,0
NGCT,89,21,0,0,0,0
NGCT,89,22,0,0,0,0
NGCT,89,23,0,0,0,0
NGCT,89,24,0,0,0,0
NGCT,89,25,0,0,0,0
NGCT,89,26,0,0,0,0
NGCT,89,27,0,0,0,0
NGCT,91,58,0,0,0,0
NGCT,91,59,0,0,0,0
NGCT,91,60,0,0,0,0
NGCT,91,61,0,0,0,0
NGCT,91,62,0,0,0,0
NGCT,91,63,0,0,0,0
NGCT,91,64,0,0,0,0
NGCT,91,65,0,0,0,0
NGCT,91,66,0,0,0,0
NGCT,91,67,536,422,562,446
NGCT,91,68,540,424,566,444
NGCT,91,69,551,413,579,437
NGCT,91,70,561,403,596,430
NGCT,91,71,572,393,596,425
NGCT,91,72,575,362,613,419
NGCT,91,73,596,355,615,376
NGCT,91,74,590,347,606,371
NGCT,91,75,594,327,628,349
NGCT,91,76,0,0,0,0
NGCT,92,39,0,0,0,0
NGCT,92,40,0,0,0,0
NGCT,92,41,612,416,640,463
NGCT,92,42,614,422,640,458
NGCT,92,43,614,392,641,406
NGCT,92,44,618,374,636,398
NGCT,92,45,615,372,636,393
NGCT,92,46,0,0,0,0
NGCT,92,47,0,0,0,0
NGCT,92,48,0,0,0,0
NGCT,92,49,0,0,0,0
NGCT,92,50,0,0,0,0
NGCT,92,51,0,0,0,0
NGCT,92,52,0,0,0,0
NGCT,92,53,0,0,0,0
NGCT,92,54,0,0,0,0
NGCT,92,55,0,0,0,0
NGCT,92,56,0,0,0,0
NGCT,92,57,0,0,0,0
NGCT,92,58,0,0,0,0
NGCT,92,59,0,0,0,0
NGCT,92,60,0,0,0,0
NGCT,92,61,0,0,0,0
NGCT,92,62,0,0,0,0
NGCT,92,63,0,0,0,0
NGCT,93,60,0,0,0,0
NGCT,93,61,0,0,0,0
NGCT,93,62,555,484,610,500
NGCT,93,63,574,460,628,495
NGCT,93,64,562,469,604,508
NGCT,93,65,576,472,597,501
NGCT,93,66,586,454,623,482
NGCT,93,67,0,0,0,0
NGCT,93,68,0,0,0,0
NGCT,93,69,0,0,0,0
NGCT,93,70,0,0,0,0
NGCT,93,71,0,0,0,0
NGCT,93,72,0,0,0,0
NGCT,93,73,0,0,0,0
NGCT,93,74,0,0,0,0
NGCT,93,75,0,0,0,0
NGCT,93,76,0,0,0,0
NGCT,93,77,0,0,0,0
NGCT,93,78,0,0,0,0
NGCT,93,79,0,0,0,0
NGCT,93,80,0,0,0,0
NGCT,93,81,0,0,0,0
NGCT,93,82,0,0,0,0
NGCT,93,83,0,0,0,0
NGCT,93,84,0,0,0,0
NGCT,93,85,0,0,0,0
NGCT,93,86,0,0,0,0
NGCT,93,87,0,0,0,0
NGCT,93,88,0,0,0,0
NGCT,93,89,0,0,0,0
NGCT,93,90,0,0,0,0
NGCT,93,91,0,0,0,0
NGCT,93,92,0,0,0,0
NGCT,93,93,0,0,0,0
NGCT,96,145,0,0,0,0
NGCT,96,146,0,0,0,0
NGCT,96,147,0,0,0,0
NGCT,96,148,0,0,0,0
NGCT,96,149,0,0,0,0
NGCT,96,150,0,0,0,0
NGCT,96,151,0,0,0,0
NGCT,96,152,0,0,0,0
NGCT,96,153,0,0,0,0
NGCT,96,154,0,0,0,0
NGCT,96,155,0,0,0,0
NGCT,96,156,0,0,0,0
NGCT,96,157,0,0,0,0
NGCT,96,158,0,0,0,0
NGCT,96,159,0,0,0,0
NGCT,96,161,0,0,0,0
NGCT,96,163,0,0,0,0
NGCT,96,164,0,0,0,0
NGCT,96,165,0,0,0,0
NGCT,96,166,0,0,0,0
NGCT,96,167,0,0,0,0
NGCT,96,168,0,0,0,0
NGCT,97,45,0,0,0,0
NGCT,97,46,0,0,0,0
NGCT,97,47,0,0,0,0
NGCT,97,48,0,0,0,0
NGCT,97,49,0,0,0,0
NGCT,97,50,0,0,0,0
NGCT,97,51,0,0,0,0
NGCT,97,52,0,0,0,0
NGCT,97,53,0,0,0,0
NGCT,97,54,0,0,0,0
NGCT,97,55,0,0,0,0
NGCT,97,56,0,0,0,0
NGCT,97,57,0,0,0,0
NGCT,97,58,0,0,0,0
NGCT,97,59,0,0,0,0
NGCT,97,60,0,0,0,0
NGCT,97,61,608,418,669,455
NGCT,97,62,644,406,688,442
NGCT,97,63,647,418,672,439
NGCT,97,64,0,0,0,0
NGCT,97,65,0,0,0,0
NGCT,97,66,0,0,0,0
NGCT,97,67,0,0,0,0
NGCT,97,68,0,0,0,0
NGCT,97,69,0,0,0,0
NGCT,97,70,0,0,0,0
NGCT,97,71,0,0,0,0
NGCT,97,72,0,0,0,0
NGCT,97,73,0,0,0,0
NGCT,97,74,0,0,0,0
NGCT,97,75,0,0,0,0
NGCT,97,76,0,0,0,0
NGCT,97,77,0,0,0,0
NGCT,97,78,0,0,0,0
NGCT,97,79,0,0,0,0
NGCT,97,80,0,0,0,0
NGCT,97,81,0,0,0,0
NGCT,97,82,0,0,0,0
NGCT,97,83,0,0,0,0
NGCT,97,84,0,0,0,0
NGCT,97,85,0,0,0,0
NGCT,97,86,0,0,0,0
NGCT,97,87,0,0,0,0
NGCT,97,88,0,0,0,0
NGCT,97,89,0,0,0,0
NGCT,97,90,0,0,0,0
NGCT,98,49,0,0,0,0
NGCT,98,50,0,0,0,0
NGCT,98,51,0,0,0,0
NGCT,98,52,0,0,0,0
NGCT,98,53,0,0,0,0
NGCT,98,54,0,0,0,0
NGCT,98,55,0,0,0,0
NGCT,98,56,0,0,0,0
NGCT,98,57,0,0,0,0
NGCT,98,58,0,0,0,0
NGCT,98,59,0,0,0,0
NGCT,98,60,0,0,0,0
NGCT,98,61,0,0,0,0
NGCT,98,63,0,0,0,0
NGCT,98,64,0,0,0,0
NGCT,98,65,0,0,0,0
NGCT,98,66,616,402,647,434
NGCT,98,67,0,0,0,0
NGCT,98,68,0,0,0,0
NGCT,98,69,0,0,0,0
NGCT,98,70,0,0,0,0
NGCT,98,71,0,0,0,0
NGCT,98,72,0,0,0,0
NGCT,98,73,0,0,0,0
NGCT,98,74,0,0,0,0
NGCT,98,75,0,0,0,0
NGCT,98,76,0,0,0,0
NGCT,98,77,0,0,0,0
NGCT,98,78,0,0,0,0
NGCT,98,79,0,0,0,0
NGCT,98,80,0,0,0,0
NGCT,98,81,0,0,0,0
NGCT,98,82,0,0,0,0
NGCT,6,46,562.666666666667,448.666666666667,600,493.333333333333
NGCT,6,47,563.333333333333,434,607.333333333333,477.333333333333
NGCT,6,48,574,394.666666666667,640.666666666667,463.333333333333
NGCT,6,49,604,351.333333333333,650,425.333333333333
NGCT,6,50,616,344.666666666667,652,408
NGCT,6,51,628,336.666666666667,650.666666666667,374.666666666667
NGCT,6,52,0,0,0,0
NGCT,6,53,0,0,0,0
NGCT,6,54,0,0,0,0
NGCT,6,55,0,0,0,0
NGCT,24,59,0,0,0,0
NGCT,24,60,0,0,0,0
NGCT,24,61,0,0,0,0
NGCT,24,62,0,0,0,0
NGCT,24,63,0,0,0,0
NGCT,24,64,0,0,0,0
NGCT,24,65,0,0,0,0
NGCT,24,66,0,0,0,0
NGCT,24,67,0,0,0,0
NGCT,24,68,0,0,0,0
NGCT,24,59,0,0,0,0
NGCT,24,60,0,0,0,0
NGCT,24,61,0,0,0,0
NGCT,24,62,0,0,0,0
NGCT,24,63,0,0,0,0
NGCT,24,64,0,0,0,0
NGCT,24,65,0,0,0,0
NGCT,24,66,0,0,0,0
NGCT,24,67,0,0,0,0
NGCT,24,68,0,0,0,0
NGCT,24,69,608,530,668,550.666666666667
NGCT,24,70,616.666666666667,512.666666666667,704,556
NGCT,24,71,625.333333333333,507.333333333333,712.666666666667,558
NGCT,24,72,656,512,722,558
NGCT,24,73,681.333333333333,514,724.666666666667,534.666666666667
NGCT,24,74,702,500,738.666666666667,534.666666666667
NGCT,24,75,715.333333333333,496.666666666667,740.666666666667,522.666666666667
NGCT,24,76,716.666666666667,496,742.666666666667,514.666666666667
NGCT,24,77,727.333333333333,484.666666666667,745.333333333333,508
NGCT,24,78,0,0,0,0
NGCT,26,51,0,0,0,0
NGCT,26,52,0,0,0,0
NGCT,26,53,0,0,0,0
NGCT,26,54,542.666666666667,413.333333333333,576.666666666667,445.333333333333
NGCT,26,55,546.666666666667,397.333333333333,588.666666666667,440.666666666667
NGCT,26,56,552.666666666667,374.666666666667,602,440
NGCT,26,57,563.333333333333,355.333333333333,636.666666666667,414.666666666667
NGCT,26,58,564.666666666667,344.666666666667,640.666666666667,404.666666666667
NGCT,26,59,576,333.333333333333,610.666666666667,392.666666666667
NGCT,26,60,590.666666666667,330,610,352
NGCT,26,61,589.333333333333,322.666666666667,608.666666666667,344.666666666667
NGCT,26,62,589.333333333333,318.666666666667,610,338
NGCT,26,63,591.333333333333,312.666666666667,610.666666666667,332
NGCT,26,64,598,296.666666666667,623.333333333333,326.666666666667
NGCT,26,65,601.333333333333,287.333333333333,630.666666666667,320
NGCT,26,66,614,280,635.333333333333,301.333333333333
NGCT,26,67,617.333333333333,277.333333333333,634.666666666667,294
NGCT,26,68,617.333333333333,274,636.666666666667,290.666666666667
NGCT,26,69,609.333333333333,270.666666666667,636.666666666667,288.666666666667
NGCT,26,70,614,267.333333333333,634,288
NGCT,26,71,613.333333333333,266,637.333333333333,286.666666666667
NGCT,26,72,617.333333333333,264,639.333333333333,284
NGCT,26,73,619.333333333333,264,636.666666666667,281.333333333333
NGCT,26,74,622.666666666667,262,639.333333333333,282
NGCT,26,75,624,268,640,282
NGCT,26,76,0,0,0,0
NGCT,26,77,0,0,0,0
NGCT,26,78,0,0,0,0
NGCT,26,79,0,0,0,0
NGCT,26,80,0,0,0,0
NGCT,30,58,0,0,0,0
NGCT,30,59,0,0,0,0
NGCT,30,60,0,0,0,0
NGCT,30,61,0,0,0,0
NGCT,30,62,0,0,0,0
NGCT,30,63,0,0,0,0
NGCT,30,64,0,0,0,0
NGCT,30,65,557.333333333333,476,590,497.333333333333
NGCT,30,66,553.333333333333,472.666666666667,589.333333333333,498
NGCT,30,67,564,462.666666666667,583.333333333333,479.333333333333
NGCT,30,68,566,455.333333333333,594.666666666667,481.333333333333
NGCT,30,69,575.333333333333,450.666666666667,603.333333333333,474.666666666667
NGCT,30,70,578.666666666667,444.666666666667,613.333333333333,471.333333333333
NGCT,30,71,584.666666666667,422,641.333333333333,473.333333333333
NGCT,30,72,592.666666666667,383.333333333333,650,468
NGCT,30,73,617.333333333333,371.333333333333,655.333333333333,442
NGCT,30,74,622.666666666667,364.666666666667,656.666666666667,434.666666666667
NGCT,30,75,634,357.333333333333,658.666666666667,385.333333333333
NGCT,30,76,636.666666666667,357.333333333333,662,383.333333333333
NGCT,30,77,638.666666666667,352,659.333333333333,382
NGCT,30,78,636.666666666667,349.333333333333,661.333333333333,374.666666666667
NGCT,30,79,640.666666666667,345.333333333333,664,364.666666666667
NGCT,30,80,641.333333333333,330.666666666667,666.666666666667,367.333333333333
NGCT,30,81,618.666666666667,316,656,340
NGCT,30,82,619.333333333333,314.666666666667,642,335.333333333333
NGCT,30,83,618,306,640.666666666667,329.333333333333
NGCT,30,84,620.666666666667,303.333333333333,644.666666666667,320
NGCT,30,85,629.333333333333,302.666666666667,656,325.333333333333
NGCT,30,86,0,0,0,0
NGCT,30,87,0,0,0,0
NGCT,31,63,628.666666666667,421.333333333333,662.666666666667,462.666666666667
NGCT,31,64,630.666666666667,416.666666666667,663.333333333333,459.333333333333
NGCT,31,65,640,421.333333333333,666,450.666666666667
NGCT,31,66,637.333333333333,397.333333333333,672,441.333333333333
NGCT,31,67,644,396,680,454
NGCT,31,68,644,403.333333333333,679.333333333333,458
NGCT,31,69,642.666666666667,417.333333333333,681.333333333333,462.666666666667
NGCT,31,70,661.333333333333,380,704.666666666667,422.666666666667
NGCT,31,71,666,369.333333333333,726,418.666666666667
NGCT,31,72,676.666666666667,367.333333333333,706,398
NGCT,31,73,690.666666666667,350,712.666666666667,371.333333333333
NGCT,31,74,712.666666666667,360,732.666666666667,383.333333333333
NGCT,31,75,710,336.666666666667,731.333333333333,366.666666666667
NGCT,31,76,708,308.666666666667,727.333333333333,330
NGCT,31,77,704,311.333333333333,724.666666666667,326.666666666667
NGCT,31,78,706.666666666667,306,723.333333333333,323.333333333333
NGCT,31,79,710.666666666667,301.333333333333,725.333333333333,318
NGCT,31,80,0,0,0,0
NGCT,31,81,0,0,0,0
NGCT,31,82,0,0,0,0
NGCT,33,52,0,0,0,0
NGCT,33,53,0,0,0,0
NGCT,33,54,626.666666666667,400,686.666666666667,439.333333333333
NGCT,33,55,614,397.333333333333,700.666666666667,445.333333333333
NGCT,33,56,640.666666666667,400,686.666666666667,435.333333333333
NGCT,33,57,658,407.333333333333,692.666666666667,438.666666666667
NGCT,33,58,0,0,0,0
NGCT,33,59,0,0,0,0
NGCT,33,60,0,0,0,0
NGCT,33,61,0,0,0,0
NGCT,33,62,0,0,0,0
NGCT,33,63,0,0,0,0
NGCT,33,64,0,0,0,0
NGCT,33,65,0,0,0,0
NGCT,33,66,0,0,0,0
NGCT,33,67,0,0,0,0
NGCT,33,68,0,0,0,0
NGCT,33,69,0,0,0,0
NGCT,33,70,0,0,0,0
NGCT,33,71,0,0,0,0
NGCT,37,55,0,0,0,0
NGCT,37,56,0,0,0,0
NGCT,37,57,0,0,0,0
NGCT,37,58,0,0,0,0
NGCT,37,59,0,0,0,0
NGCT,37,60,0,0,0,0
NGCT,37,61,0,0,0,0
NGCT,37,62,0,0,0,0
NGCT,37,63,561.333333333333,408.666666666667,596.666666666667,428.666666666667
NGCT,37,64,564,406.666666666667,594,427.333333333333
NGCT,37,65,585.333333333333,396,617.333333333333,415.333333333333
NGCT,37,66,585.333333333333,392.666666666667,624,415.333333333333
NGCT,37,67,573.333333333333,397.333333333333,623.333333333333,418
NGCT,37,68,580,400.666666666667,620.666666666667,416.666666666667
NGCT,37,69,608.666666666667,392.666666666667,645.333333333333,414
NGCT,37,70,606.666666666667,368.666666666667,653.333333333333,414.666666666667
NGCT,37,71,608,376,655.333333333333,414.666666666667
NGCT,37,72,625.333333333333,370,668.666666666667,408
NGCT,37,73,626,361.333333333333,676,418.666666666667
NGCT,37,74,624.666666666667,348,677.333333333333,422
NGCT,37,75,650.666666666667,342,681.333333333333,381.333333333333
NGCT,37,76,664.666666666667,336.666666666667,685.333333333333,363.333333333333
NGCT,37,77,665.333333333333,324,685.333333333333,349.333333333333
NGCT,37,78,674.666666666667,305.333333333333,694,322.666666666667
NGCT,37,79,684,300.666666666667,698,320.666666666667
NGCT,37,80,0,0,0,0
NGCT,37,81,0,0,0,0
NGCT,37,82,0,0,0,0
NGCT,37,83,0,0,0,0
NGCT,37,84,0,0,0,0
NGCT,38,56,0,0,0,0
NGCT,38,57,0,0,0,0
NGCT,38,58,619.333333333333,570.666666666667,651.333333333333,590.666666666667
NGCT,38,59,618.666666666667,561.333333333333,672,596.666666666667
NGCT,38,60,632.666666666667,556.666666666667,679.333333333333,596
NGCT,38,61,651.333333333333,546.666666666667,695.333333333333,590.666666666667
NGCT,38,62,663.333333333333,534,717.333333333333,576
NGCT,38,63,694,520,729.333333333333,550.666666666667
NGCT,38,64,702,516,739.333333333333,553.333333333333
NGCT,38,65,707.333333333333,512.666666666667,745.333333333333,538
NGCT,38,66,709.333333333333,500,736.666666666667,534
NGCT,38,67,730.666666666667,502.666666666667,750,532.666666666667
NGCT,38,68,0,0,0,0
NGCT,38,69,0,0,0,0
NGCT,38,70,0,0,0,0
NGCT,42,56,0,0,0,0
NGCT,42,57,0,0,0,0
NGCT,42,58,0,0,0,0
NGCT,42,59,0,0,0,0
NGCT,42,60,0,0,0,0
NGCT,42,61,568.666666666667,456.666666666667,620,481.333333333333
NGCT,42,62,582.666666666667,439.333333333333,626.666666666667,480
NGCT,42,63,605.333333333333,428,642,468.666666666667
NGCT,42,64,616.666666666667,418.666666666667,646,456.666666666667
NGCT,42,65,622,410,648,442.666666666667
NGCT,42,66,624,392,648,430
NGCT,42,67,627.333333333333,380,650.666666666667,416
NGCT,42,68,632,370.666666666667,654,402.666666666667
NGCT,42,69,641.333333333333,361.333333333333,659.333333333333,391.333333333333
NGCT,42,70,645.333333333333,356.666666666667,662.666666666667,381.333333333333
NGCT,43,41,0,0,0,0
NGCT,43,42,0,0,0,0
NGCT,43,43,0,0,0,0
NGCT,43,44,564,328,622,390
NGCT,43,45,562,319.333333333333,634.666666666667,396.666666666667
NGCT,43,46,553.333333333333,308,624,456.666666666667
NGCT,43,47,547.333333333333,306.666666666667,617.333333333333,465.333333333333
NGCT,43,48,548.666666666667,378.666666666667,581.333333333333,440.666666666667
NGCT,43,49,0,0,0,0
NGCT,43,50,0,0,0,0
NGCT,50,66,0,0,0,0
NGCT,50,67,0,0,0,0
NGCT,50,68,0,0,0,0
NGCT,50,69,0,0,0,0
NGCT,50,70,0,0,0,0
NGCT,50,71,610.666666666667,490.666666666667,641.333333333333,518
NGCT,50,72,624.666666666667,454.666666666667,684,509.333333333333
NGCT,50,73,638.666666666667,430,701.333333333333,502
NGCT,50,74,654.666666666667,412.666666666667,704,464.666666666667
NGCT,50,75,678.666666666667,404,713.333333333333,430.666666666667
NGCT,50,76,680.666666666667,399.333333333333,711.333333333333,423.333333333333
NGCT,50,77,686.666666666667,396.666666666667,704.666666666667,418
NGCT,50,78,686,393.333333333333,712,415.333333333333
NGCT,50,79,687.333333333333,390,714,416
NGCT,50,80,691.333333333333,385.333333333333,709.333333333333,406.666666666667
NGCT,50,81,0,0,0,0
NGCT,50,82,0,0,0,0
NGCT,50,83,0,0,0,0
NGCT,50,84,0,0,0,0
NGCT,50,85,0,0,0,0
NGCT,57,51,0,0,0,0
NGCT,57,52,0,0,0,0
NGCT,57,53,0,0,0,0
NGCT,57,54,586.666666666667,395.333333333333,646.666666666667,433.333333333333
NGCT,57,55,604,366.666666666667,700,422.666666666667
NGCT,57,56,614.666666666667,364,708.666666666667,418.666666666667
NGCT,57,57,690.666666666667,347.333333333333,732.666666666667,380.666666666667
NGCT,57,58,716,345.333333333333,738,372.666666666667
NGCT,57,59,724.666666666667,331.333333333333,750.666666666667,360.666666666667
NGCT,57,60,0,0,0,0
NGCT,57,61,0,0,0,0
NGCT,57,62,0,0,0,0
NGCT,57,63,0,0,0,0
NGCT,57,64,0,0,0,0
NGCT,57,65,0,0,0,0
NGCT,57,66,0,0,0,0
NGCT,57,67,0,0,0,0
NGCT,57,68,0,0,0,0
NGCT,57,69,0,0,0,0
NGCT,57,70,0,0,0,0
NGCT,59,51,583.333333333333,371.333333333333,665.333333333333,454.666666666667
NGCT,59,52,581.333333333333,360,672.666666666667,456
NGCT,59,53,596.666666666667,353.333333333333,674.666666666667,446
NGCT,59,54,615.333333333333,345.333333333333,670.666666666667,412.666666666667
NGCT,59,55,622.666666666667,346,672,402.666666666667
NGCT,59,56,639.333333333333,340.666666666667,672.666666666667,386.666666666667
NGCT,59,57,642.666666666667,332,670,364.666666666667
NGCT,59,58,644.666666666667,328,670,356
NGCT,59,59,0,0,0,0
NGCT,59,60,0,0,0,0
NGCT,59,61,0,0,0,0
NGCT,59,62,0,0,0,0
NGCT,59,63,0,0,0,0
NGCT,59,64,0,0,0,0
NGCT,59,65,0,0,0,0
NGCT,59,66,0,0,0,0
NGCT,59,67,0,0,0,0
NGCT,59,68,0,0,0,0
NGCT,59,69,0,0,0,0
NGCT,59,70,0,0,0,0
NGCT,63,46,0,0,0,0
NGCT,63,47,0,0,0,0
NGCT,63,48,0,0,0,0
NGCT,63,49,0,0,0,0
NGCT,63,50,602.666666666667,334,669.333333333333,473.333333333333
NGCT,63,51,604.666666666667,324.666666666667,680,474.666666666667
NGCT,63,52,604.666666666667,321.333333333333,682.666666666667,476.666666666667
NGCT,63,53,638,312.666666666667,684,359.333333333333
NGCT,63,54,659.333333333333,308,682,330.666666666667
NGCT,63,55,640.666666666667,292.666666666667,664.666666666667,308.666666666667
NGCT,63,56,644,290.666666666667,656.666666666667,307.333333333333
NGCT,63,57,0,0,0,0
NGCT,63,58,0,0,0,0
NGCT,63,59,0,0,0,0
NGCT,63,60,0,0,0,0
NGCT,63,61,0,0,0,0
NGCT,63,62,0,0,0,0
NGCT,63,63,0,0,0,0
NGCT,63,64,0,0,0,0
NGCT,63,65,0,0,0,0
NGCT,64,21,0,0,0,0
NGCT,64,22,0,0,0,0
NGCT,64,23,0,0,0,0
NGCT,64,24,0,0,0,0
NGCT,64,25,674.666666666667,298.666666666667,725.333333333333,364.666666666667
NGCT,64,26,614,292,725.333333333333,416.666666666667
NGCT,64,27,0,0,0,0
NGCT,64,28,0,0,0,0
NGCT,64,29,0,0,0,0
NGCT,64,30,0,0,0,0
NGCT,64,31,0,0,0,0
NGCT,64,32,0,0,0,0
NGCT,64,33,0,0,0,0
NGCT,64,34,0,0,0,0
NGCT,64,35,0,0,0,0
NGCT,64,36,0,0,0,0
NGCT,64,37,0,0,0,0
NGCT,64,38,0,0,0,0
NGCT,64,39,0,0,0,0
NGCT,64,40,0,0,0,0
NGCT,65,56,0,0,0,0
NGCT,65,57,0,0,0,0
NGCT,65,58,598,468,644.666666666667,498.666666666667
NGCT,65,59,597.333333333333,451.333333333333,682,501.333333333333
NGCT,65,60,596,422.666666666667,694,497.333333333333
NGCT,65,61,605.333333333333,428.666666666667,691.333333333333,491.333333333333
NGCT,65,62,662,418,683.333333333333,466.666666666667
NGCT,65,63,0,0,0,0
NGCT,65,64,0,0,0,0
NGCT,65,65,0,0,0,0
NGCT,65,66,0,0,0,0
NGCT,65,67,0,0,0,0
NGCT,65,68,0,0,0,0
NGCT,65,69,0,0,0,0
NGCT,65,70,0,0,0,0
NGCT,65,71,0,0,0,0
NGCT,65,72,0,0,0,0
NGCT,65,73,0,0,0,0
NGCT,65,74,0,0,0,0
NGCT,65,75,0,0,0,0
NGCT,70,61,0,0,0,0
NGCT,70,62,0,0,0,0
NGCT,70,63,0,0,0,0
NGCT,70,64,0,0,0,0
NGCT,70,65,603.333333333333,432.666666666667,679.333333333333,494
NGCT,70,66,602.666666666667,416.666666666667,698.666666666667,504
NGCT,70,67,589.333333333333,404,713.333333333333,514.666666666667
NGCT,70,68,604.666666666667,413.333333333333,667.333333333333,497.333333333333
NGCT,70,69,626.666666666667,422,658.666666666667,459.333333333333
NGCT,70,70,0,0,0,0
NGCT,70,71,0,0,0,0
NGCT,70,72,0,0,0,0
NGCT,70,73,0,0,0,0
NGCT,70,74,0,0,0,0
NGCT,70,75,0,0,0,0
NGCT,70,76,0,0,0,0
NGCT,70,77,0,0,0,0
NGCT,70,78,0,0,0,0
NGCT,70,79,0,0,0,0
NGCT,70,80,0,0,0,0
NGCT,71,74,612,367.333333333333,678,432
NGCT,71,75,597.333333333333,341.333333333333,685.333333333333,428.666666666667
NGCT,71,76,617.333333333333,308.666666666667,690,422
NGCT,71,77,672.666666666667,303.333333333333,693.333333333333,383.333333333333
NGCT,71,78,671.333333333333,291.333333333333,696,326
NGCT,71,79,673.333333333333,291.333333333333,697.333333333333,314.666666666667
NGCT,71,80,678,285.333333333333,699.333333333333,310.666666666667
NGCT,71,81,686,285.333333333333,700.666666666667,303.333333333333
NGCT,71,82,0,0,0,0
NGCT,71,83,0,0,0,0
NGCT,71,84,684.666666666667,272.666666666667,705.333333333333,292
NGCT,71,85,684.666666666667,271.333333333333,702,293.333333333333
NGCT,71,86,682,270.666666666667,702.666666666667,290.666666666667
NGCT,71,87,0,0,0,0
NGCT,71,88,0,0,0,0
NGCT,71,89,0,0,0,0
NGCT,71,90,0,0,0,0
NGCT,71,91,0,0,0,0
NGCT,71,92,0,0,0,0
NGCT,83,55,0,0,0,0
NGCT,83,56,0,0,0,0
NGCT,83,57,0,0,0,0
NGCT,83,58,0,0,0,0
NGCT,83,59,540,343.333333333333,634,442
NGCT,83,60,546.666666666667,330,643.333333333333,440
NGCT,83,61,547.333333333333,320,648,418
NGCT,83,62,547.333333333333,302,650.666666666667,414.666666666667
NGCT,83,63,612,297.333333333333,654.666666666667,346.666666666667
NGCT,83,64,618.666666666667,276.666666666667,646.666666666667,326
NGCT,83,65,614.666666666667,270,646,310.666666666667
NGCT,83,66,616,268.666666666667,650.666666666667,298
NGCT,83,67,614.666666666667,262,650,294.666666666667
NGCT,83,68,620,264,654,290
NGCT,83,69,626,260,664.666666666667,293.333333333333
NGCT,83,70,644,264,668,286.666666666667
NGCT,83,71,648,267.333333333333,667.333333333333,284.666666666667
NGCT,83,72,0,0,0,0
NGCT,83,73,0,0,0,0
NGCT,83,74,0,0,0,0
NGCT,83,75,0,0,0,0
NGCT,83,76,0,0,0,0
NGCT,83,77,0,0,0,0
NGCT,83,78,0,0,0,0
NGCT,83,79,0,0,0,0
NGCT,83,80,0,0,0,0
NGCT,83,81,0,0,0,0
NGCT,83,82,0,0,0,0
NGCT,83,83,0,0,0,0
NGCT,83,84,0,0,0,0
NGCT,84,61,0,0,0,0
NGCT,84,62,0,0,0,0
NGCT,84,63,0,0,0,0
NGCT,84,64,564.666666666667,330.666666666667,647.333333333333,441.333333333333
NGCT,84,65,545.333333333333,328,659.333333333333,442.666666666667
NGCT,84,66,548.666666666667,328,662.666666666667,445.333333333333
NGCT,84,67,634.666666666667,313.333333333333,675.333333333333,362.666666666667
NGCT,84,68,646,306,682.666666666667,347.333333333333
NGCT,84,69,651.333333333333,294.666666666667,684.666666666667,330
NGCT,84,70,671.333333333333,286,688,312.666666666667
NGCT,84,71,643.333333333333,266,690.666666666667,306
NGCT,84,72,642.666666666667,257.333333333333,688,290.666666666667
NGCT,84,73,645.333333333333,257.333333333333,691.333333333333,287.333333333333
NGCT,84,74,656,257.333333333333,688,274
NGCT,84,75,0,0,0,0
NGCT,84,76,0,0,0,0
NGCT,84,77,0,0,0,0
NGCT,84,78,0,0,0,0
NGCT,84,79,0,0,0,0
NGCT,84,80,0,0,0,0
NGCT,84,81,0,0,0,0
NGCT,84,82,0,0,0,0
NGCT,84,83,0,0,0,0
NGCT,84,84,0,0,0,0
NGCT,84,85,0,0,0,0
NGCT,84,86,0,0,0,0
NGCT,84,87,0,0,0,0
NGCT,84,88,0,0,0,0
NGCT,84,89,0,0,0,0
NGCT,84,90,0,0,0,0
NGCT,88,56,0,0,0,0
NGCT,88,57,0,0,0,0
NGCT,88,58,0,0,0,0
NGCT,88,59,550,427.333333333333,604,458.666666666667
NGCT,88,60,558.666666666667,398,644,452.666666666667
NGCT,88,61,568,366,662,444
NGCT,88,62,605.333333333333,358,666.666666666667,425.333333333333
NGCT,88,63,634,346,671.333333333333,401.333333333333
NGCT,88,64,650.666666666667,328.666666666667,674.666666666667,375.333333333333
NGCT,88,65,658,314,676.666666666667,351.333333333333
NGCT,88,66,654,304,675.333333333333,344
NGCT,88,67,658,295.333333333333,678.666666666667,322
NGCT,88,68,661.333333333333,294,678.666666666667,316.666666666667
NGCT,88,69,657.333333333333,290.666666666667,683.333333333333,314.666666666667
NGCT,88,70,669.333333333333,288,688.666666666667,307.333333333333
NGCT,88,71,668.666666666667,285.333333333333,692,305.333333333333
NGCT,88,72,673.333333333333,280,692.666666666667,305.333333333333
NGCT,88,73,673.333333333333,283.333333333333,698,298.666666666667
NGCT,88,74,0,0,0,0
NGCT,88,75,0,0,0,0
NGCT,90,41,0,0,0,0
NGCT,90,42,0,0,0,0
NGCT,90,43,0,0,0,0
NGCT,90,44,0,0,0,0
NGCT,90,45,588,422.666666666667,638,475.333333333333
NGCT,90,46,604,410,650,473.333333333333
NGCT,90,47,614.666666666667,400.666666666667,653.333333333333,454
NGCT,90,48,640,390.666666666667,671.333333333333,424.666666666667
NGCT,90,49,639.333333333333,367.333333333333,677.333333333333,415.333333333333
NGCT,90,50,661.333333333333,374.666666666667,676,400.666666666667
NGCT,90,51,0,0,0,0
NGCT,90,52,0,0,0,0
NGCT,90,53,0,0,0,0
NGCT,90,54,0,0,0,0
NGCT,90,55,0,0,0,0
NGCT,90,56,0,0,0,0
NGCT,90,57,0,0,0,0
NGCT,90,58,0,0,0,0
NGCT,90,59,0,0,0,0
NGCT,90,60,0,0,0,0
NGCT,94,61,0,0,0,0
NGCT,94,62,565.333333333333,350.666666666667,637.333333333333,474.666666666667
NGCT,94,63,560.666666666667,348.666666666667,634,472
NGCT,94,64,0,0,0,0
NGCT,94,65,0,0,0,0
NGCT,94,66,0,0,0,0
NGCT,94,67,0,0,0,0
NGCT,94,68,0,0,0,0
NGCT,94,69,0,0,0,0
NGCT,94,70,0,0,0,0
NGCT,94,71,0,0,0,0
NGCT,94,72,0,0,0,0
NGCT,94,73,0,0,0,0
NGCT,94,74,0,0,0,0
NGCT,94,75,0,0,0,0
NGCT,94,76,0,0,0,0
NGCT,94,77,0,0,0,0
NGCT,94,78,0,0,0,0
NGCT,94,79,0,0,0,0
NGCT,94,80,0,0,0,0
NGCT,95,62,0,0,0,0
NGCT,95,63,0,0,0,0
NGCT,95,64,0,0,0,0
NGCT,95,65,0,0,0,0
NGCT,95,66,597.333333333333,275.333333333333,717.333333333333,400.666666666667
NGCT,95,67,677.333333333333,267.333333333333,721.333333333333,319.333333333333
NGCT,95,68,695.333333333333,264.666666666667,726.666666666667,302.666666666667
NGCT,95,69,698,262.666666666667,731.333333333333,290
NGCT,95,70,713.333333333333,260.666666666667,733.333333333333,275.333333333333
NGCT,95,71,716,256.666666666667,733.333333333333,274
NGCT,95,72,0,0,0,0
NGCT,95,73,0,0,0,0
NGCT,95,74,0,0,0,0
NGCT,95,75,0,0,0,0
NGCT,95,76,0,0,0,0
NGCT,95,77,0,0,0,0
NGCT,95,78,0,0,0,0
NGCT,95,79,0,0,0,0
NGCT,95,80,0,0,0,0
NGCT,99,46,0,0,0,0
NGCT,99,47,0,0,0,0
NGCT,99,48,0,0,0,0
NGCT,99,49,588.666666666667,375.333333333333,637.333333333333,426
NGCT,99,50,586,371.333333333333,632.666666666667,426.666666666667
NGCT,99,51,576.666666666667,372,634,443.333333333333
NGCT,99,52,586,359.333333333333,643.333333333333,404.666666666667
NGCT,99,53,623.333333333333,358.666666666667,649.333333333333,380
NGCT,99,54,596,350.666666666667,638.666666666667,381.333333333333
NGCT,99,55,610,342.666666666667,644,370
NGCT,99,56,0,0,0,0
NGCT,99,57,584.666666666667,320.666666666667,620.666666666667,345.333333333333
NGCT,99,58,590,314,618.666666666667,339.333333333333
NGCT,99,59,592.666666666667,312.666666666667,614.666666666667,331.333333333333
NGCT,99,60,0,0,0,0
NGCT,99,61,0,0,0,0
NGCT,99,62,0,0,0,0
NGCT,99,63,0,0,0,0
NGCT,99,64,0,0,0,0
NGCT,99,65,0,0,0,0
