NGCT,13,50,502,473,524,488,0,0,0,0,0,0,0,0,514,553,538,574,13,50
NGCT,13,51,488,473,509,488,0,0,0,0,0,0,0,0,514,577,534,592,13,51
NGCT,13,52,486,471,505,486,549,554,597,588,0,0,0,0,522,583,547,596,13,52
NGCT,13,53,493,466,505,482,559,558,617,585,0,0,0,0,538,567,556,587,13,53
NGCT,13,54,489,457,502,466,598,472,643,546,582,549,633,581,583,585,637,629,13,54
NGCT,13,55,465,445,487,459,616,479,643,511,587,583,633,627,586,552,603,580,13,55
NGCT,13,56,0,0,0,0,627,478,649,497,595,605,646,645,584,563,616,604,13,56
NGCT,13,57,0,0,0,0,622,447,645,464,604,585,635,634,585,559,608,593,13,57
NGCT,13,58,0,0,0,0,617,443,650,468,609,583,637,638,590,565,606,584,13,58
NGCT,13,59,479,469,508,495,617,441,644,457,609,582,636,629,0,0,0,0,13,59
NGCT,13,60,490,479,512,503,628,441,649,453,0,0,0,0,0,0,0,0,13,60
NGCT,13,61,487,494,507,511,0,0,0,0,0,0,0,0,0,0,0,0,13,61
NGCT,13,62,0,0,0,0,0,0,0,0,0,0,0,0,0,0,0,0,13,62
NGCT,13,63,0,0,0,0,0,0,0,0,0,0,0,0,0,0,0,0,13,63
NGCT,13,64,0,0,0,0,0,0,0,0,0,0,0,0,0,0,0,0,13,64
NGCT,13,65,0,0,0,0,0,0,0,0,0,0,0,0,0,0,0,0,13,65
NGCT,13,66,0,0,0,0,0,0,0,0,0,0,0,0,0,0,0,0,13,66
NGCT,13,67,0,0,0,0,0,0,0,0,0,0,0,0,0,0,0,0,13,67
NGCT,13,68,0,0,0,0,0,0,0,0,0,0,0,0,0,0,0,0,13,68
NGCT,13,69,0,0,0,0,0,0,0,0,0,0,0,0,0,0,0,0,13,69
NGCT,14,54,462,396,484,410,577,478,626,504,0,0,0,0,537,502,576,515,14,55
NGCT,14,55,443,409,461,422,584,472,634,499,0,0,0,0,545,494,585,512,14,56
NGCT,14,56,446,400,472,417,620,456,661,481,595,502,626,520,596,472,620,499,14,57
NGCT,14,57,0,0,0,0,638,448,677,469,601,503,626,522,0,0,0,0,14,58
NGCT,14,58,0,0,0,0,646,448,672,464,0,0,0,0,0,0,0,0,14,59
NGCT,14,59,0,0,0,0,668,437,693,454,0,0,0,0,0,0,0,0,14,60
NGCT,14,60,0,0,0,0,676,419,707,447,0,0,0,0,0,0,0,0,14,61
NGCT,14,61,0,0,0,0,0,0,0,0,0,0,0,0,0,0,0,0,14,62
NGCT,14,62,0,0,0,0,0,0,0,0,0,0,0,0,0,0,0,0,14,63
NGCT,14,63,0,0,0,0,0,0,0,0,0,0,0,0,0,0,0,0,14,64
NGCT,15,36,527,432,546,453,0,0,0,0,0,0,0,0,592,522,626,536,15,37
NGCT,15,37,529,403,546,429,649,477,684,507,647,544,701,562,612,516,654,541,15,38
NGCT,15,38,516,404,548,430,609,457,662,507,662,538,728,559,607,516,644,542,15,39
NGCT,15,39,514,412,537,430,610,465,665,503,674,512,752,554,636,528,666,548,15,40
NGCT,15,40,518,402,538,415,620,452,659,468,686,505,774,551,634,516,653,536,15,41
NGCT,15,41,523,387,541,402,658,404,672,418,702,481,794,541,641,537,661,557,15,42
NGCT,15,42,508,355,535,375,663,379,689,398,739,458,801,523,0,0,0,0,15,43
NGCT,15,43,507,349,527,367,686,374,709,394,757,440,809,511,0,0,0,0,15,44
NGCT,15,44,498,357,516,376,677,359,700,374,774,418,816,480,0,0,0,0,15,45
NGCT,15,45,476,348,502,362,0,0,0,0,781,406,821,459,0,0,0,0,15,46
NGCT,1,52,0,0,0,0,0,0,0,0,0,0,0,0,0,0,0,0,1,1
NGCT,1,53,0,0,0,0,0,0,0,0,0,0,0,0,0,0,0,0,1,2
NGCT,1,54,0,0,0,0,0,0,0,0,0,0,0,0,0,0,0,0,1,3
NGCT,1,55,0,0,0,0,0,0,0,0,0,0,0,0,0,0,0,0,1,4
NGCT,1,56,0,0,0,0,0,0,0,0,0,0,0,0,0,0,0,0,1,5
NGCT,1,57,0,0,0,0,0,0,0,0,0,0,0,0,0,0,0,0,1,6
NGCT,1,58,0,0,0,0,0,0,0,0,0,0,0,0,0,0,0,0,1,7
NGCT,1,59,457,316,473,334,0,0,0,0,0,0,0,0,463,429,503,449,1,8
NGCT,1,60,456,319,472,340,0,0,0,0,0,0,0,0,467,427,501,446,1,9
NGCT,1,61,454,314,470,334,521,389,562,417,0,0,0,0,468,418,504,445,1,10
NGCT,1,62,446,307,463,332,531,372,568,407,531,410,560,437,504,400,529,426,1,11
NGCT,1,63,439,318,458,333,535,343,577,406,535,406,599,492,506,401,533,426,1,12
NGCT,1,64,449,304,467,341,554,344,584,380,535,419,600,491,520,394,549,421,1,13
NGCT,1,65,454,327,468,344,548,336,583,380,541,428,568,467,0,0,0,0,1,14
NGCT,1,66,446,318,470,345,558,328,587,361,0,0,0,0,0,0,0,0,1,15
NGCT,1,67,460,331,480,350,568,319,588,349,0,0,0,0,0,0,0,0,1,16
NGCT,1,68,460,335,475,350,572,308,600,339,0,0,0,0,0,0,0,0,1,17
NGCT,1,69,423,331,464,350,573,311,598,330,0,0,0,0,0,0,0,0,1,18
NGCT,1,70,436,338,453,357,579,304,601,325,0,0,0,0,0,0,0,0,1,19
NGCT,1,71,427,346,455,361,570,295,603,313,0,0,0,0,0,0,0,0,1,20
NGCT,1,72,418,355,445,375,574,292,600,313,0,0,0,0,0,0,0,0,1,21
NGCT,1,73,417,351,450,372,559,275,594,302,0,0,0,0,0,0,0,0,1,22
NGCT,1,74,419,349,453,372,561,272,588,300,0,0,0,0,0,0,0,0,1,23
NGCT,1,75,398,361,416,380,564,278,586,292,0,0,0,0,0,0,0,0,1,24
NGCT,1,76,397,359,415,375,564,273,585,291,0,0,0,0,0,0,0,0,1,25
NGCT,1,77,379,350,396,365,565,274,583,287,0,0,0,0,0,0,0,0,1,26
NGCT,1,78,379,353,392,366,571,274,585,286,0,0,0,0,0,0,0,0,1,27
NGCT,1,79,368,357,381,382,570,267,590,287,0,0,0,0,0,0,0,0,1,28
NGCT,1,80,368,359,383,380,572,267,594,282,0,0,0,0,0,0,0,0,1,29
NGCT,1,81,364,362,387,384,565,265,589,280,0,0,0,0,0,0,0,0,1,30
NGCT,1,82,361,372,384,391,566,265,585,281,0,0,0,0,0,0,0,0,1,31
NGCT,1,83,362,372,381,401,564,273,591,282,0,0,0,0,0,0,0,0,1,32
NGCT,1,84,366,382,380,407,568,270,585,284,0,0,0,0,0,0,0,0,1,33
NGCT,1,85,366,379,380,411,566,275,587,292,0,0,0,0,0,0,0,0,1,34
NGCT,1,86,361,393,380,421,563,274,591,295,0,0,0,0,0,0,0,0,1,35
NGCT,1,87,366,386,381,416,575,273,588,290,0,0,0,0,0,0,0,0,1,36
NGCT,1,88,365,394,383,419,569,273,587,294,0,0,0,0,0,0,0,0,1,37
NGCT,1,89,0,0,0,0,0,0,0,0,0,0,0,0,0,0,0,0,1,38
NGCT,1,90,0,0,0,0,0,0,0,0,0,0,0,0,0,0,0,0,1,39
NGCT,3,40,0,0,0,0,0,0,0,0,0,0,0,0,0,0,0,0,3,40
NGCT,3,41,0,0,0,0,0,0,0,0,0,0,0,0,0,0,0,0,3,41
NGCT,3,42,0,0,0,0,0,0,0,0,0,0,0,0,0,0,0,0,3,42
NGCT,3,43,0,0,0,0,0,0,0,0,0,0,0,0,0,0,0,0,3,43
NGCT,3,44,0,0,0,0,0,0,0,0,0,0,0,0,0,0,0,0,3,44
NGCT,3,45,521,348,535,361,0,0,0,0,0,0,0,0,0,0,0,0,3,45
NGCT,3,46,518,346,538,358,604,410,640,441,578,447,609,468,558,424,604,454,3,46
NGCT,3,47,519,354,533,365,602,375,656,429,0,0,0,0,561,426,633,447,3,47
NGCT,3,48,497,343,516,354,639,356,680,399,0,0,0,0,596,404,632,433,3,48
NGCT,3,49,481,343,509,369,628,386,674,426,594,430,643,462,0,0,0,0,3,49
NGCT,4,71,256,256,256,256,0,0,0,0,0,0,0,0,0,0,0,0,4,25
NGCT,4,72,256,256,256,256,0,0,0,0,0,0,0,0,0,0,0,0,4,26
NGCT,4,73,256,256,256,256,0,0,0,0,0,0,0,0,0,0,0,0,4,27
NGCT,4,74,505,398,520,407,0,0,0,0,0,0,0,0,0,0,0,0,4,28
NGCT,4,75,504,394,518,409,589,470,616,487,609,480,644,505,557,491,579,506,4,29
NGCT,4,76,496,398,517,413,594,437,635,482,619,481,652,501,554,484,585,505,4,30
NGCT,4,77,502,409,520,421,610,418,642,462,607,482,635,508,550,489,604,513,4,31
NGCT,4,78,510,417,517,427,0,0,0,0,0,0,0,0,0,0,0,0,4,32
NGCT,4,79,489,411,506,425,0,0,0,0,0,0,0,0,0,0,0,0,4,33
NGCT,4,80,0,0,0,0,0,0,0,0,0,0,0,0,0,0,0,0,4,34
NGCT,5,50,576,433,600,448,0,0,0,0,0,0,0,0,0,0,0,0,5,50
NGCT,5,51,582,431,591,449,613,548,654,563,584,536,608,572,0,0,0,0,5,51
NGCT,5,52,575,427,590,442,648,538,671,556,623,545,644,565,0,0,0,0,5,52
NGCT,5,53,565,425,581,439,652,511,671,536,598,557,625,575,0,0,0,0,5,53
NGCT,5,54,563,427,582,449,651,498,692,539,625,550,659,571,0,0,0,0,5,54
NGCT,5,55,556,431,578,443,672,482,699,507,620,558,654,578,0,0,0,0,5,55
NGCT,5,56,529,432,554,447,683,458,709,476,0,0,0,0,0,0,0,0,5,56
NGCT,5,57,538,427,552,451,0,0,0,0,0,0,0,0,0,0,0,0,5,57
NGCT,5,58,549,437,559,454,698,430,718,445,0,0,0,0,0,0,0,0,5,58
NGCT,5,59,0,0,0,0,0,0,0,0,0,0,0,0,0,0,0,0,5,59
NGCT,6,45,520,354,541,365,564,459,602,492,0,0,0,0,0,0,0,0,6,45
NGCT,6,46,521,345,538,362,574,440,603,465,560,478,577,490,0,0,0,0,6,46
NGCT,6,47,519,344,537,357,607,394,647,429,0,0,0,0,0,0,0,0,6,47
NGCT,6,48,499,333,527,356,617,383,652,416,0,0,0,0,0,0,0,0,6,48
NGCT,6,49,501,334,522,356,627,349,653,400,0,0,0,0,0,0,0,0,6,49
NGCT,6,50,478,335,503,357,633,342,647,370,0,0,0,0,0,0,0,0,6,50
NGCT,6,51,484,347,507,359,0,0,0,0,0,0,0,0,0,0,0,0,6,51
NGCT,6,52,484,362,502,380,0,0,0,0,0,0,0,0,0,0,0,0,6,52
NGCT,6,53,485,363,507,378,0,0,0,0,0,0,0,0,0,0,0,0,6,53
NGCT,6,54,0,0,0,0,0,0,0,0,0,0,0,0,0,0,0,0,6,54
NGCT,7,83,0,0,0,0,0,0,0,0,0,0,0,0,0,0,0,0,7,20
NGCT,7,84,0,0,0,0,0,0,0,0,0,0,0,0,0,0,0,0,7,21
NGCT,7,85,0,0,0,0,579,481,613,507,558,513,585,529,0,0,0,0,7,22
NGCT,7,86,0,0,0,0,577,463,623,506,562,505,580,522,0,0,0,0,7,23
NGCT,7,87,0,0,0,0,589,448,626,503,568,512,594,529,0,0,0,0,7,24
NGCT,7,88,595,443,629,495,592,444,635,491,0,0,0,0,0,0,0,0,7,25
NGCT,7,89,0,0,0,0,0,0,0,0,0,0,0,0,0,0,0,0,7,26
NGCT,7,90,0,0,0,0,0,0,0,0,0,0,0,0,0,0,0,0,7,27
NGCT,7,91,0,0,0,0,0,0,0,0,0,0,0,0,0,0,0,0,7,28
NGCT,7,92,0,0,0,0,0,0,0,0,0,0,0,0,0,0,0,0,7,29
NGCT,9,69,0,0,0,0,0,0,0,0,0,0,0,0,0,0,0,0,9,12
NGCT,9,70,0,0,0,0,0,0,0,0,0,0,0,0,0,0,0,0,9,13
NGCT,9,71,536,398,551,420,585,514,610,543,0,0,0,0,530,515,574,551,9,14
NGCT,9,72,532,396,557,418,587,492,636,530,0,0,0,0,552,514,575,533,9,15
NGCT,9,73,534,398,547,419,591,489,641,526,0,0,0,0,560,506,593,525,9,16
NGCT,9,74,0,0,0,0,589,473,659,522,0,0,0,0,563,507,591,532,9,17
NGCT,9,75,0,0,0,0,609,477,665,514,0,0,0,0,563,510,611,531,9,18
NGCT,9,76,0,0,0,0,629,447,683,498,0,0,0,0,595,519,614,534,9,19
NGCT,9,77,0,0,0,0,636,432,691,492,0,0,0,0,0,0,0,0,9,20
NGCT,9,78,0,0,0,0,0,0,0,0,0,0,0,0,0,0,0,0,9,21
NGCT,10,73,518,386,533,407,0,0,0,0,0,0,0,0,0,0,0,0,10,10
NGCT,10,74,513,383,531,396,0,0,0,0,0,0,0,0,524,494,547,508,10,11
NGCT,10,75,509,381,529,396,0,0,0,0,0,0,0,0,532,485,557,504,10,12
NGCT,10,76,491,374,517,390,564,466,613,488,0,0,0,0,532,485,556,506,10,13
NGCT,10,77,484,373,512,398,598,454,618,467,581,479,600,495,554,467,576,493,10,14
NGCT,10,78,493,378,511,395,605,439,626,467,0,0,0,0,583,481,602,492,10,15
NGCT,10,79,490,365,510,397,605,429,632,458,583,472,606,492,0,0,0,0,10,16
NGCT,10,80,485,379,515,401,612,428,635,452,588,491,615,517,0,0,0,0,10,17
NGCT,10,81,478,387,503,406,610,419,638,454,593,493,627,534,0,0,0,0,10,18
NGCT,10,82,492,391,506,406,621,418,647,440,601,486,623,517,0,0,0,0,10,19
NGCT,10,83,487,389,511,405,628,401,654,435,602,481,628,519,0,0,0,0,10,20
NGCT,10,84,475,381,504,401,624,401,656,436,596,485,621,512,0,0,0,0,10,21
NGCT,10,85,489,374,514,396,626,375,640,393,609,481,639,505,0,0,0,0,10,22
NGCT,10,86,0,0,0,0,622,367,640,385,617,472,648,514,0,0,0,0,10,23
NGCT,10,87,0,0,0,0,623,362,639,381,614,476,641,498,0,0,0,0,10,24
NGCT,10,88,0,0,0,0,621,361,640,376,0,0,0,0,0,0,0,0,10,25
NGCT,10,89,0,0,0,0,614,353,634,370,0,0,0,0,0,0,0,0,10,26
NGCT,10,90,0,0,0,0,0,0,0,0,0,0,0,0,0,0,0,0,10,27
NGCT,10,91,0,0,0,0,615,345,639,356,0,0,0,0,0,0,0,0,10,28
NGCT,10,92,0,0,0,0,0,0,0,0,0,0,0,0,0,0,0,0,10,29
NGCT,12,55,551,394,577,420,0,0,0,0,0,0,0,0,0,0,0,0,12,55
NGCT,12,56,539,378,567,402,0,0,0,0,0,0,0,0,0,0,0,0,12,56
NGCT,12,57,534,378,565,398,601,469,675,499,608,508,648,529,0,0,0,0,12,57
NGCT,12,58,541,361,565,405,641,457,691,484,624,500,672,520,584,477,632,522,12,58
NGCT,12,59,537,389,560,409,639,448,678,480,647,519,675,547,619,497,641,523,12,59
NGCT,12,60,540,397,563,409,0,0,0,0,605,510,635,541,0,0,0,0,12,60
NGCT,12,61,546,396,560,414,0,0,0,0,609,519,638,553,0,0,0,0,12,61
NGCT,12,62,514,385,547,411,0,0,0,0,622,539,646,589,0,0,0,0,12,62
NGCT,12,63,513,394,556,413,626,576,645,607,0,0,0,0,0,0,0,0,12,63
NGCT,12,64,0,0,0,0,0,0,0,0,0,0,0,0,0,0,0,0,12,64
NGCT,18,48,522,379,540,390,0,0,0,0,0,0,0,0,0,0,0,0,18,45
NGCT,18,49,538,382,559,396,0,0,0,0,0,0,0,0,0,0,0,0,18,46
NGCT,18,50,536,377,557,397,0,0,0,0,0,0,0,0,0,0,0,0,18,47
NGCT,18,51,542,381,567,399,0,0,0,0,0,0,0,0,0,0,0,0,18,48
NGCT,18,52,535,382,560,399,620,467,649,502,587,485,617,513,544,478,582,508,18,49
NGCT,18,53,520,380,563,398,0,0,0,0,589,476,624,499,0,0,0,0,18,50
NGCT,18,54,524,385,561,400,636,435,693,470,616,486,642,502,579,472,628,502,18,51
NGCT,18,55,512,384,553,399,661,419,701,454,614,485,650,511,0,0,0,0,18,52
NGCT,18,56,506,376,529,394,676,405,707,435,616,487,636,499,0,0,0,0,18,53
NGCT,18,57,529,375,549,395,688,403,705,425,0,0,0,0,0,0,0,0,18,54
NGCT,19,68,507,346,524,361,572,412,631,464,0,0,0,0,0,0,0,0,19,70
NGCT,19,69,503,340,520,359,576,420,621,459,0,0,0,0,0,0,0,0,19,71
NGCT,19,70,511,339,528,355,587,402,646,449,0,0,0,0,0,0,0,0,19,72
NGCT,19,71,506,337,523,356,612,390,651,433,0,0,0,0,578,430,613,454,19,73
NGCT,19,72,496,339,517,355,617,364,659,428,0,0,0,0,0,0,0,0,19,74
NGCT,19,73,485,336,517,350,622,365,661,415,578,460,595,469,0,0,0,0,19,75
NGCT,19,74,498,336,521,357,631,375,663,403,580,458,615,476,0,0,0,0,19,76
NGCT,19,75,495,338,526,355,641,344,658,369,577,449,637,477,0,0,0,0,19,77
NGCT,19,76,512,336,542,363,640,344,663,362,588,449,620,479,0,0,0,0,19,78
NGCT,19,77,508,334,532,354,643,344,667,359,581,459,602,488,0,0,0,0,19,79
NGCT,19,78,510,340,533,358,647,342,678,358,0,0,0,0,0,0,0,0,19,80
NGCT,19,79,511,333,531,353,656,327,680,355,0,0,0,0,0,0,0,0,19,81
NGCT,19,80,527,348,549,367,659,331,678,346,0,0,0,0,0,0,0,0,19,82
NGCT,19,81,0,0,0,0,662,322,673,343,0,0,0,0,0,0,0,0,19,83
NGCT,19,82,522,356,540,368,658,315,679,344,0,0,0,0,0,0,0,0,19,84
NGCT,19,83,0,0,0,0,656,314,680,341,0,0,0,0,0,0,0,0,19,85
NGCT,19,84,659,305,676,330,0,0,0,0,0,0,0,0,0,0,0,0,19,86
NGCT,19,85,0,0,0,0,658,304,675,322,0,0,0,0,0,0,0,0,19,87
NGCT,19,86,0,0,0,0,0,0,0,0,0,0,0,0,0,0,0,0,19,88
NGCT,19,87,0,0,0,0,0,0,0,0,0,0,0,0,0,0,0,0,19,89
NGCT,22,63,0,0,0,0,0,0,0,0,0,0,0,0,0,0,0,0,22,63
NGCT,22,64,609,372,620,384,645,459,695,478,0,0,0,0,0,0,0,0,22,64
NGCT,22,65,598,365,612,376,680,456,708,471,0,0,0,0,639,462,668,480,22,65
NGCT,22,66,600,363,617,379,684,447,712,469,0,0,0,0,650,465,668,481,22,66
NGCT,22,67,0,0,0,0,697,428,718,464,0,0,0,0,654,464,676,491,22,67
NGCT,22,68,594,362,614,383,704,428,725,444,666,472,687,499,0,0,0,0,22,68
NGCT,22,69,590,364,606,380,723,402,734,423,662,472,686,493,0,0,0,0,22,69
NGCT,22,70,582,368,599,384,723,388,736,407,0,0,0,0,0,0,0,0,22,70
NGCT,22,71,580,364,595,378,733,372,748,394,0,0,0,0,0,0,0,0,22,71
NGCT,22,72,583,356,592,382,0,0,0,0,0,0,0,0,0,0,0,0,22,72
NGCT,23,64,565,386,578,400,0,0,0,0,0,0,0,0,0,0,0,0,23,15
NGCT,23,65,542,372,566,386,0,0,0,0,0,0,0,0,0,0,0,0,23,16
NGCT,23,66,560,384,571,395,0,0,0,0,0,0,0,0,0,0,0,0,23,17
NGCT,23,67,543,374,554,384,612,502,640,515,598,536,625,543,591,514,608,532,23,18
NGCT,23,68,0,0,0,0,612,498,656,519,610,531,630,546,0,0,0,0,23,19
NGCT,23,69,533,380,545,394,597,490,674,518,628,523,652,548,0,0,0,0,23,20
NGCT,23,70,0,0,0,0,636,474,699,516,632,526,659,550,0,0,0,0,23,21
NGCT,23,71,527,386,540,396,642,462,719,511,641,528,675,556,0,0,0,0,23,22
NGCT,23,72,524,384,537,400,665,464,720,504,0,0,0,0,0,0,0,0,23,23
NGCT,23,73,500,392,521,408,686,450,734,498,650,594,673,628,0,0,0,0,23,24
NGCT,23,74,0,0,0,0,713,440,740,470,642,622,658,661,0,0,0,0,23,25
NGCT,23,75,0,0,0,0,719,425,748,466,646,602,663,624,0,0,0,0,23,26
NGCT,23,76,524,394,545,409,731,412,758,444,646,596,666,634,0,0,0,0,23,27
NGCT,23,77,504,384,525,404,737,408,761,437,623,588,670,656,0,0,0,0,23,28
NGCT,23,78,510,391,537,410,740,404,764,432,637,602,660,642,0,0,0,0,23,29
NGCT,23,79,508,390,536,411,740,396,761,432,642,602,666,636,0,0,0,0,23,30
NGCT,23,80,493,393,534,410,0,0,0,0,636,603,675,626,0,0,0,0,23,31
NGCT,23,81,522,368,550,381,0,0,0,0,635,608,674,628,0,0,0,0,23,32
NGCT,23,82,523,363,549,387,0,0,0,0,636,610,672,628,0,0,0,0,23,33
NGCT,23,83,515,358,552,388,0,0,0,0,0,0,0,0,0,0,0,0,23,34
NGCT,24,58,504,442,514,452,0,0,0,0,0,0,0,0,585,525,638,551,24,55
NGCT,24,59,0,0,0,0,0,0,0,0,598,548,630,568,610,534,662,549,24,56
NGCT,24,60,0,0,0,0,631,520,697,551,600,548,641,568,0,0,0,0,24,57
NGCT,24,61,0,0,0,0,632,512,708,551,604,551,626,568,0,0,0,0,24,58
NGCT,24,62,0,0,0,0,674,518,720,538,601,551,637,570,0,0,0,0,24,59
NGCT,24,63,0,0,0,0,679,516,725,536,608,544,631,569,0,0,0,0,24,60
NGCT,24,64,0,0,0,0,700,507,738,524,612,546,629,575,0,0,0,0,24,61
NGCT,24,65,0,0,0,0,714,500,742,518,0,0,0,0,0,0,0,0,24,62
NGCT,24,66,0,0,0,0,718,496,742,513,0,0,0,0,0,0,0,0,24,63
NGCT,24,67,0,0,0,0,0,0,0,0,0,0,0,0,0,0,0,0,24,64
NGCT,26,50,478,340,496,359,0,0,0,0,0,0,0,0,0,0,0,0,26,50
NGCT,26,51,474,344,492,358,0,0,0,0,0,0,0,0,0,0,0,0,26,51
NGCT,26,52,474,342,492,360,558,436,584,452,0,0,0,0,0,0,0,0,26,52
NGCT,26,53,0,0,0,0,548,403,584,440,0,0,0,0,0,0,0,0,26,53
NGCT,26,54,0,0,0,0,553,383,597,436,0,0,0,0,0,0,0,0,26,54
NGCT,26,55,471,338,482,362,568,359,610,412,554,462,602,493,0,0,0,0,26,55
NGCT,26,56,472,341,484,363,571,352,612,400,560,468,594,487,0,0,0,0,26,56
NGCT,26,57,460,336,484,350,574,338,612,388,556,465,580,486,0,0,0,0,26,57
NGCT,26,58,464,338,478,355,592,333,625,363,579,488,608,522,0,0,0,0,26,58
NGCT,26,59,461,338,478,352,612,317,646,338,583,481,612,508,0,0,0,0,26,59
NGCT,26,60,0,0,0,0,618,314,654,328,591,482,610,521,0,0,0,0,26,60
NGCT,26,61,0,0,0,0,0,0,0,0,0,0,0,0,0,0,0,0,26,61
NGCT,26,62,0,0,0,0,0,0,0,0,0,0,0,0,0,0,0,0,26,62
NGCT,26,63,0,0,0,0,608,287,637,317,605,491,624,504,0,0,0,0,26,63
NGCT,26,64,0,0,0,0,611,282,636,305,604,494,626,509,0,0,0,0,26,64
NGCT,26,65,0,0,0,0,0,0,0,0,0,0,0,0,0,0,0,0,26,65
NGCT,26,66,0,0,0,0,0,0,0,0,0,0,0,0,0,0,0,0,26,66
NGCT,26,67,0,0,0,0,0,0,0,0,0,0,0,0,0,0,0,0,26,67
NGCT,26,68,0,0,0,0,0,0,0,0,0,0,0,0,0,0,0,0,26,68
NGCT,26,69,0,0,0,0,0,0,0,0,0,0,0,0,0,0,0,0,26,69
NGCT,27,77,558,378,578,407,0,0,0,0,0,0,0,0,0,0,0,0,27,40
NGCT,27,78,555,384,572,407,0,0,0,0,0,0,0,0,0,0,0,0,27,41
NGCT,27,79,556,385,575,404,0,0,0,0,0,0,0,0,0,0,0,0,27,42
NGCT,27,80,558,383,574,404,0,0,0,0,0,0,0,0,0,0,0,0,27,43
NGCT,27,81,556,384,569,399,0,0,0,0,0,0,0,0,0,0,0,0,27,44
NGCT,27,82,553,386,565,402,0,0,0,0,0,0,0,0,0,0,0,0,27,45
NGCT,27,83,551,389,566,401,660,434,685,463,605,495,635,517,0,0,0,0,27,46
NGCT,27,84,548,388,567,407,644,446,659,460,613,496,648,521,0,0,0,0,27,47
NGCT,27,85,553,396,572,412,656,416,682,454,645,504,679,514,0,0,0,0,27,48
NGCT,27,86,550,392,566,410,656,414,681,449,644,513,668,528,0,0,0,0,27,49
NGCT,27,87,523,388,567,406,666,405,682,430,0,0,0,0,0,0,0,0,27,50
NGCT,27,88,513,387,545,408,663,412,703,433,0,0,0,0,0,0,0,0,27,51
NGCT,27,89,519,390,542,406,670,399,690,415,0,0,0,0,0,0,0,0,27,52
NGCT,27,90,522,382,542,402,670,398,694,412,0,0,0,0,0,0,0,0,27,53
NGCT,27,91,525,388,540,399,666,396,693,414,0,0,0,0,0,0,0,0,27,54
NGCT,27,92,516,384,546,398,675,396,691,403,0,0,0,0,0,0,0,0,27,55
NGCT,27,93,521,396,554,422,678,390,700,404,0,0,0,0,0,0,0,0,27,56
NGCT,27,94,0,0,0,0,0,0,0,0,0,0,0,0,0,0,0,0,27,57
NGCT,27,95,0,0,0,0,0,0,0,0,0,0,0,0,0,0,0,0,27,58
NGCT,27,96,0,0,0,0,0,0,0,0,0,0,0,0,0,0,0,0,27,59
NGCT,28,50,562,389,586,400,0,0,0,0,0,0,0,0,0,0,0,0,28,50
NGCT,28,51,561,380,585,398,0,0,0,0,0,0,0,0,0,0,0,0,28,51
NGCT,28,52,560,376,582,392,0,0,0,0,0,0,0,0,0,0,0,0,28,52
NGCT,28,53,560,370,586,387,577,462,590,471,0,0,0,0,0,0,0,0,28,53
NGCT,28,54,548,356,576,374,576,459,593,474,0,0,0,0,0,0,0,0,28,54
NGCT,28,55,536,360,562,368,0,0,0,0,0,0,0,0,0,0,0,0,28,55
NGCT,28,56,0,0,0,0,614,462,637,483,0,0,0,0,0,0,0,0,28,56
NGCT,28,57,0,0,0,0,615,444,654,470,624,472,651,493,0,0,0,0,28,57
NGCT,28,58,542,365,552,380,629,437,663,466,633,473,655,491,0,0,0,0,28,58
NGCT,28,59,550,367,578,380,639,420,677,458,636,472,674,498,0,0,0,0,28,59
NGCT,28,60,546,374,572,386,658,410,685,435,638,472,660,499,0,0,0,0,28,60
NGCT,28,61,545,374,567,388,668,402,688,431,650,476,670,505,0,0,0,0,28,61
NGCT,28,62,548,379,578,390,672,397,693,425,665,496,694,524,0,0,0,0,28,62
NGCT,28,63,532,376,552,395,676,391,692,418,680,503,719,530,0,0,0,0,28,63
NGCT,28,64,538,380,556,400,692,382,705,398,685,517,723,535,0,0,0,0,28,64
NGCT,28,65,0,0,0,0,0,0,0,0,0,0,0,0,0,0,0,0,28,65
NGCT,28,66,0,0,0,0,0,0,0,0,0,0,0,0,0,0,0,0,28,66
NGCT,28,67,0,0,0,0,0,0,0,0,0,0,0,0,0,0,0,0,28,67
NGCT,28,68,0,0,0,0,0,0,0,0,0,0,0,0,0,0,0,0,28,68
NGCT,28,69,0,0,0,0,0,0,0,0,0,0,0,0,0,0,0,0,28,69
NGCT,29,55,536,357,553,368,0,0,0,0,0,0,0,0,580,465,605,478,29,55
NGCT,29,56,537,351,560,362,0,0,0,0,0,0,0,0,0,0,0,0,29,56
NGCT,29,57,520,354,539,370,624,451,648,471,0,0,0,0,0,0,0,0,29,57
NGCT,29,58,516,366,534,377,629,441,658,466,632,476,653,488,0,0,0,0,29,58
NGCT,29,59,518,372,534,384,640,441,672,459,640,478,670,493,0,0,0,0,29,59
NGCT,29,60,509,366,530,383,661,414,686,438,642,471,663,498,0,0,0,0,29,60
NGCT,29,61,513,373,537,388,668,404,692,430,678,504,691,534,0,0,0,0,29,61
NGCT,29,62,524,376,546,392,674,396,694,420,669,496,692,518,0,0,0,0,29,62
NGCT,29,63,532,376,555,394,678,391,692,415,677,506,710,530,0,0,0,0,29,63
NGCT,29,64,540,380,554,398,0,0,0,0,0,0,0,0,0,0,0,0,29,64
NGCT,30,57,504,356,545,392,0,0,0,0,0,0,0,0,0,0,0,0,30,60
NGCT,30,58,510,358,547,381,0,0,0,0,0,0,0,0,0,0,0,0,30,61
NGCT,30,59,512,350,543,372,0,0,0,0,0,0,0,0,0,0,0,0,30,62
NGCT,30,60,521,362,538,379,0,0,0,0,0,0,0,0,0,0,0,0,30,63
NGCT,30,61,520,365,534,382,0,0,0,0,0,0,0,0,532,480,583,496,30,64
NGCT,30,62,0,0,0,0,0,0,0,0,0,0,0,0,554,475,586,493,30,65
NGCT,30,63,0,0,0,0,571,464,583,477,571,482,591,496,552,472,570,488,30,66
NGCT,30,64,0,0,0,0,569,458,596,475,573,489,599,504,543,470,571,487,30,67
NGCT,30,65,509,368,527,392,573,451,599,475,569,489,602,508,538,470,567,487,30,68
NGCT,30,66,502,377,517,390,584,450,611,468,576,486,605,501,0,0,0,0,30,69
NGCT,30,67,502,377,517,390,586,424,641,468,580,482,620,508,0,0,0,0,30,70
NGCT,30,68,0,0,0,0,594,406,648,465,580,485,590,500,0,0,0,0,30,71
NGCT,30,69,0,0,0,0,617,384,652,447,0,0,0,0,0,0,0,0,30,72
NGCT,30,70,478,382,499,406,626,380,652,437,0,0,0,0,0,0,0,0,30,73
NGCT,30,71,477,366,498,389,638,387,657,415,590,482,629,512,0,0,0,0,30,74
NGCT,30,72,476,367,506,391,638,361,658,380,610,498,630,522,0,0,0,0,30,75
NGCT,30,73,0,0,0,0,640,357,658,378,612,504,634,525,0,0,0,0,30,76
NGCT,30,74,508,378,523,390,642,345,657,369,614,512,630,534,0,0,0,0,30,77
NGCT,30,75,0,0,0,0,0,0,0,0,0,0,0,0,0,0,0,0,30,78
NGCT,30,76,0,0,0,0,0,0,0,0,0,0,0,0,0,0,0,0,30,79
NGCT,31,62,0,0,0,0,634,414,668,457,0,0,0,0,0,0,0,0,31,15
NGCT,31,63,519,334,542,350,0,0,0,0,0,0,0,0,0,0,0,0,31,16
NGCT,31,64,535,343,554,361,644,399,674,436,0,0,0,0,0,0,0,0,31,17
NGCT,31,65,506,335,533,352,652,401,672,420,0,0,0,0,0,0,0,0,31,18
NGCT,31,66,510,338,539,350,658,399,678,417,0,0,0,0,0,0,0,0,31,19
NGCT,31,67,504,338,522,356,655,396,677,413,0,0,0,0,0,0,0,0,31,20
NGCT,31,68,496,344,510,362,690,390,704,406,636,466,654,478,0,0,0,0,31,21
NGCT,31,69,468,352,491,375,0,0,0,0,625,482,648,496,0,0,0,0,31,22
NGCT,31,70,471,358,490,372,0,0,0,0,0,0,0,0,0,0,0,0,31,23
NGCT,31,71,472,348,492,376,0,0,0,0,0,0,0,0,0,0,0,0,31,24
NGCT,32,59,0,0,0,0,634,379,690,442,618,471,658,494,0,0,0,0,32,60
NGCT,32,60,0,0,0,0,636,374,692,436,658,486,685,515,0,0,0,0,32,61
NGCT,32,61,0,0,0,0,640,370,696,437,668,499,688,525,0,0,0,0,32,62
NGCT,32,62,529,360,562,386,674,368,697,394,666,498,682,515,0,0,0,0,32,63
NGCT,32,63,534,357,555,376,660,368,691,383,667,498,696,519,0,0,0,0,32,64
NGCT,32,64,543,363,567,380,693,366,711,380,658,509,676,524,0,0,0,0,32,65
NGCT,32,65,530,365,551,386,673,350,699,361,668,522,689,538,0,0,0,0,32,66
NGCT,32,66,520,354,548,376,683,344,705,358,0,0,0,0,0,0,0,0,32,67
NGCT,32,67,0,0,0,0,0,0,0,0,0,0,0,0,0,0,0,0,32,68
NGCT,32,68,0,0,0,0,0,0,0,0,0,0,0,0,0,0,0,0,32,69
NGCT,33,51,575,354,588,369,0,0,0,0,0,0,0,0,0,0,0,0,33,53
NGCT,33,52,575,356,588,368,638,396,704,432,0,0,0,0,0,0,0,0,33,54
NGCT,33,53,0,0,0,0,671,400,703,420,0,0,0,0,0,0,0,0,33,55
NGCT,33,54,576,362,589,376,0,0,0,0,0,0,0,0,0,0,0,0,33,56
NGCT,33,55,566,350,583,370,0,0,0,0,0,0,0,0,0,0,0,0,33,57
NGCT,33,56,554,344,582,371,718,348,731,372,644,455,656,479,0,0,0,0,33,58
NGCT,33,57,548,334,572,362,718,338,733,364,634,454,654,488,0,0,0,0,33,59
NGCT,33,58,550,338,570,358,723,334,741,352,634,456,658,501,0,0,0,0,33,60
NGCT,33,59,546,344,564,357,719,320,730,343,639,472,659,504,0,0,0,0,33,61
NGCT,33,60,0,0,0,0,0,0,0,0,0,0,0,0,0,0,0,0,33,62
NGCT,34,70,469,340,509,356,0,0,0,0,0,0,0,0,0,0,0,0,34,70
NGCT,34,71,469,344,508,361,0,0,0,0,0,0,0,0,0,0,0,0,34,71
NGCT,34,72,466,340,514,358,0,0,0,0,0,0,0,0,538,424,563,432,34,72
NGCT,34,73,0,0,0,0,0,0,0,0,0,0,0,0,526,422,560,438,34,73
NGCT,34,74,492,344,513,358,567,409,584,425,0,0,0,0,0,0,0,0,34,74
NGCT,34,75,484,336,508,351,554,404,590,430,0,0,0,0,0,0,0,0,34,75
NGCT,34,76,480,340,496,354,558,399,596,430,0,0,0,0,0,0,0,0,34,76
NGCT,34,77,0,0,0,0,569,390,602,422,0,0,0,0,0,0,0,0,34,77
NGCT,34,78,472,344,489,359,575,386,610,419,0,0,0,0,0,0,0,0,34,78
NGCT,34,79,476,335,505,360,590,370,617,404,564,432,578,448,0,0,0,0,34,79
NGCT,34,80,491,335,507,353,596,364,617,399,564,438,582,454,0,0,0,0,34,80
NGCT,34,81,487,335,507,362,600,350,628,384,570,433,586,456,0,0,0,0,34,81
NGCT,34,82,480,344,488,364,610,345,628,364,0,0,0,0,0,0,0,0,34,82
NGCT,34,83,460,329,472,345,604,336,636,358,0,0,0,0,0,0,0,0,34,83
NGCT,34,84,458,323,472,335,612,321,631,347,0,0,0,0,0,0,0,0,34,84
NGCT,34,85,456,322,472,337,0,0,0,0,0,0,0,0,0,0,0,0,34,85
NGCT,34,86,455,316,470,334,615,304,630,319,0,0,0,0,0,0,0,0,34,86
NGCT,34,87,426,307,452,329,611,298,628,315,599,477,618,496,0,0,0,0,34,87
NGCT,34,88,428,303,449,326,612,299,632,310,596,484,620,498,427,311,445,332,34,88
NGCT,34,89,425,307,457,330,606,289,630,306,600,483,619,504,0,0,0,0,34,89
NGCT,34,90,420,312,444,337,608,292,629,306,593,492,616,512,0,0,0,0,34,90
NGCT,34,91,420,310,442,331,0,0,0,0,0,0,0,0,0,0,0,0,34,91
NGCT,34,92,416,318,433,334,0,0,0,0,0,0,0,0,0,0,0,0,34,92
NGCT,34,93,422,323,436,337,0,0,0,0,0,0,0,0,0,0,0,0,34,93
NGCT,34,94,411,328,426,340,0,0,0,0,0,0,0,0,0,0,0,0,34,94
NGCT,34,95,412,328,428,344,0,0,0,0,0,0,0,0,0,0,0,0,34,95
NGCT,34,96,417,332,431,350,0,0,0,0,0,0,0,0,0,0,0,0,34,96
NGCT,34,97,409,353,431,369,0,0,0,0,0,0,0,0,0,0,0,0,34,97
NGCT,34,98,428,364,444,380,0,0,0,0,0,0,0,0,0,0,0,0,34,98
NGCT,34,99,438,371,451,388,0,0,0,0,0,0,0,0,0,0,0,0,34,99
NGCT,35,60,516,330,528,346,0,0,0,0,0,0,0,0,0,0,0,0,35,60
NGCT,35,61,509,334,522,344,0,0,0,0,0,0,0,0,0,0,0,0,35,61
NGCT,35,62,508,326,518,340,555,380,611,420,0,0,0,0,0,0,0,0,35,62
NGCT,35,63,504,317,518,338,570,384,600,407,0,0,0,0,0,0,0,0,35,63
NGCT,35,64,481,338,512,354,604,379,630,396,0,0,0,0,557,399,584,418,35,64
NGCT,35,65,486,314,512,332,633,351,651,368,590,400,614,414,0,0,0,0,35,65
NGCT,35,66,486,320,509,332,0,0,0,0,588,402,615,432,0,0,0,0,35,66
NGCT,35,67,484,316,494,329,0,0,0,0,588,406,620,436,0,0,0,0,35,67
NGCT,35,68,488,312,508,324,0,0,0,0,600,419,624,437,0,0,0,0,35,68
NGCT,35,69,496,304,510,318,0,0,0,0,606,414,628,437,0,0,0,0,35,69
NGCT,37,109,512,311,536,333,0,0,0,0,0,0,0,0,0,0,0,0,37,10
NGCT,37,110,509,308,536,330,0,0,0,0,0,0,0,0,0,0,0,0,37,11
NGCT,37,111,528,296,545,320,560,401,620,410,0,0,0,0,0,0,0,0,37,12
NGCT,37,112,518,293,540,310,0,0,0,0,0,0,0,0,0,0,0,0,37,13
NGCT,37,113,514,294,539,306,0,0,0,0,0,0,0,0,0,0,0,0,37,14
NGCT,37,114,524,294,544,308,621,384,649,405,0,0,0,0,0,0,0,0,37,15
NGCT,37,115,0,0,0,0,621,377,662,405,0,0,0,0,0,0,0,0,37,16
NGCT,37,116,520,291,544,308,629,380,655,404,0,0,0,0,0,0,0,0,37,17
NGCT,37,117,524,290,542,308,652,365,674,388,0,0,0,0,0,0,0,0,37,18
NGCT,37,118,522,284,535,304,651,355,676,389,0,0,0,0,0,0,0,0,37,19
NGCT,39,103,522,359,536,370,0,0,0,0,0,0,0,0,0,0,0,0,39,5
NGCT,39,104,522,356,534,367,0,0,0,0,0,0,0,0,0,0,0,0,39,6
NGCT,39,105,520,354,545,374,589,428,616,448,0,0,0,0,0,0,0,0,39,7
NGCT,39,106,520,354,547,374,0,0,0,0,0,0,0,0,0,0,0,0,39,8
NGCT,39,107,520,353,548,374,0,0,0,0,630,444,650,477,0,0,0,0,39,9
NGCT,39,108,522,350,556,373,0,0,0,0,632,462,654,489,0,0,0,0,39,10
NGCT,39,109,530,344,560,372,0,0,0,0,635,474,660,507,0,0,0,0,39,11
NGCT,39,110,551,328,566,351,582,424,642,464,582,470,663,514,0,0,0,0,39,12
NGCT,39,111,540,353,562,369,620,410,640,438,620,472,665,513,581,440,622,464,39,13
NGCT,39,112,546,334,560,357,0,0,0,0,628,479,655,508,552,458,592,471,39,14
NGCT,42,18,501,372,528,389,0,0,0,0,0,0,0,0,522,471,568,496,42,20
NGCT,42,19,506,378,525,394,574,454,618,480,0,0,0,0,541,468,568,493,42,21
NGCT,42,20,504,372,518,386,600,442,628,472,0,0,0,0,556,472,572,489,42,22
NGCT,42,21,490,369,508,386,606,435,640,464,0,0,0,0,564,480,592,500,42,23
NGCT,42,22,499,361,513,382,623,429,645,445,600,483,621,517,0,0,0,0,42,24
NGCT,42,23,494,382,512,396,622,412,649,439,597,480,622,496,0,0,0,0,42,25
NGCT,42,24,495,380,512,396,634,388,648,420,598,502,627,536,0,0,0,0,42,26
NGCT,42,25,477,382,495,397,637,378,651,400,0,0,0,0,0,0,0,0,42,27
NGCT,42,26,472,379,487,395,0,0,0,0,0,0,0,0,0,0,0,0,42,28
NGCT,42,27,470,379,486,392,0,0,0,0,0,0,0,0,0,0,0,0,42,29
NGCT,43,4,454,360,470,377,0,0,0,0,0,0,0,0,0,0,0,0,43,5
NGCT,43,5,460,369,474,381,589,374,605,407,0,0,0,0,0,0,0,0,43,6
NGCT,43,6,451,367,472,377,0,0,0,0,0,0,0,0,0,0,0,0,43,7
NGCT,43,7,432,364,442,373,567,402,594,422,0,0,0,0,562,426,582,453,43,8
NGCT,43,8,430,364,454,378,553,375,581,425,0,0,0,0,558,432,585,454,43,9
NGCT,43,9,406,364,429,386,553,384,574,424,562,442,582,465,516,431,548,446,43,10
NGCT,43,10,427,369,445,382,0,0,0,0,580,464,618,494,0,0,0,0,43,11
NGCT,43,11,422,373,443,386,0,0,0,0,606,496,628,528,0,0,0,0,43,12
NGCT,43,12,431,377,450,391,0,0,0,0,608,520,622,542,0,0,0,0,43,13
NGCT,43,13,426,376,450,386,0,0,0,0,0,0,0,0,0,0,0,0,43,14
NGCT,46,59,546,387,568,404,0,0,0,0,0,0,0,0,0,0,0,0,46,60
NGCT,46,60,541,382,568,400,0,0,0,0,0,0,0,0,0,0,0,0,46,61
NGCT,46,61,539,388,563,402,0,0,0,0,0,0,0,0,0,0,0,0,46,62
NGCT,46,62,548,391,567,408,0,0,0,0,0,0,0,0,0,0,0,0,46,63
NGCT,46,63,546,385,566,410,602,496,628,517,0,0,0,0,566,495,598,520,46,64
NGCT,46,64,547,390,563,409,0,0,0,0,0,0,0,0,573,494,613,515,46,65
NGCT,46,65,548,375,564,393,0,0,0,0,0,0,0,0,581,490,610,516,46,66
NGCT,46,66,542,370,559,390,613,488,636,505,0,0,0,0,585,484,614,512,46,67
NGCT,46,67,528,372,546,384,617,449,662,481,617,492,636,509,0,0,0,0,46,68
NGCT,46,68,530,367,551,384,624,442,672,478,625,497,649,514,0,0,0,0,46,69
NGCT,46,69,548,368,563,383,640,430,678,470,636,503,660,531,0,0,0,0,46,70
NGCT,46,70,550,368,564,380,642,432,683,470,638,502,673,516,0,0,0,0,46,71
NGCT,46,71,544,366,562,384,672,406,687,421,652,508,669,516,0,0,0,0,46,72
NGCT,46,72,540,360,556,378,668,386,685,406,0,0,0,0,0,0,0,0,46,73
NGCT,46,73,538,361,552,374,668,373,684,392,0,0,0,0,0,0,0,0,46,74
NGCT,46,74,530,374,550,389,666,362,680,383,0,0,0,0,0,0,0,0,46,75
NGCT,46,75,521,375,547,388,0,0,0,0,0,0,0,0,0,0,0,0,46,76
NGCT,46,76,540,381,552,400,0,0,0,0,0,0,0,0,0,0,0,0,46,77
NGCT,46,77,514,382,536,398,0,0,0,0,0,0,0,0,0,0,0,0,46,78
NGCT,46,78,0,0,0,0,0,0,0,0,0,0,0,0,0,0,0,0,46,79
NGCT,47,58,488,350,508,363,608,422,628,443,611,452,639,468,578,429,605,454,47,50
NGCT,47,59,483,350,504,368,619,403,644,432,0,0,0,0,0,0,0,0,47,51
NGCT,47,60,505,351,523,366,632,391,646,410,639,446,665,470,0,0,0,0,47,52
NGCT,47,61,494,350,522,370,0,0,0,0,0,0,0,0,0,0,0,0,47,53
NGCT,47,62,495,346,518,371,0,0,0,0,0,0,0,0,0,0,0,0,47,54
NGCT,47,63,485,348,505,367,0,0,0,0,0,0,0,0,0,0,0,0,47,55
NGCT,47,64,482,340,496,363,0,0,0,0,0,0,0,0,0,0,0,0,47,56
NGCT,47,65,479,342,496,356,0,0,0,0,0,0,0,0,0,0,0,0,47,57
NGCT,47,66,470,332,488,358,0,0,0,0,0,0,0,0,0,0,0,0,47,58
NGCT,47,67,470,338,486,362,0,0,0,0,0,0,0,0,0,0,0,0,47,59
NGCT,48,51,498,416,512,433,0,0,0,0,0,0,0,0,0,0,0,0,48,35
NGCT,48,52,479,410,514,428,0,0,0,0,0,0,0,0,0,0,0,0,48,36
NGCT,48,53,482,412,516,430,0,0,0,0,0,0,0,0,520,476,582,496,48,37
NGCT,48,54,482,406,500,421,548,460,610,495,544,498,574,522,0,0,0,0,48,38
NGCT,48,55,466,402,500,420,550,448,625,490,544,497,580,525,0,0,0,0,48,39
NGCT,48,56,466,397,483,423,583,452,622,479,557,507,593,536,0,0,0,0,48,40
NGCT,48,57,460,398,480,414,0,0,0,0,0,0,0,0,0,0,0,0,48,41
NGCT,48,58,458,399,480,427,0,0,0,0,0,0,0,0,0,0,0,0,48,42
NGCT,48,59,446,391,469,410,0,0,0,0,0,0,0,0,0,0,0,0,48,43
NGCT,48,60,0,0,0,0,0,0,0,0,0,0,0,0,0,0,0,0,48,44
NGCT,49,45,0,0,0,0,0,0,0,0,0,0,0,0,0,0,0,0,49,45
NGCT,49,46,470,341,494,356,0,0,0,0,0,0,0,0,0,0,0,0,49,46
NGCT,49,47,469,334,484,358,0,0,0,0,0,0,0,0,0,0,0,0,49,47
NGCT,49,48,468,334,483,360,607,389,638,418,584,450,603,477,544,432,594,473,49,48
NGCT,49,49,460,336,492,374,602,407,622,436,574,461,600,477,534,444,578,474,49,49
NGCT,49,50,477,354,494,376,0,0,0,0,559,454,590,484,0,0,0,0,49,50
NGCT,49,51,474,363,497,376,0,0,0,0,560,462,591,482,0,0,0,0,49,51
NGCT,49,52,460,340,476,372,0,0,0,0,575,464,597,486,0,0,0,0,49,52
NGCT,49,53,465,353,500,379,0,0,0,0,589,475,605,521,0,0,0,0,49,53
NGCT,49,54,460,357,486,378,0,0,0,0,588,478,611,518,0,0,0,0,49,54
NGCT,50,65,537,414,564,440,0,0,0,0,0,0,0,0,0,0,0,0,50,65
NGCT,50,66,536,402,557,422,0,0,0,0,0,0,0,0,0,0,0,0,50,66
NGCT,50,67,0,0,0,0,0,0,0,0,0,0,0,0,0,0,0,0,50,67
NGCT,50,68,0,0,0,0,0,0,0,0,0,0,0,0,0,0,0,0,50,68
NGCT,50,69,0,0,0,0,0,0,0,0,0,0,0,0,0,0,0,0,50,69
NGCT,50,70,0,0,0,0,656,432,694,467,638,498,666,516,626,478,653,506,50,70
NGCT,50,71,0,0,0,0,677,430,693,458,644,493,672,515,650,458,676,492,50,71
NGCT,50,72,569,410,584,431,675,428,694,456,609,518,628,556,0,0,0,0,50,72
NGCT,50,73,567,404,582,431,0,0,0,0,0,0,0,0,0,0,0,0,50,73
NGCT,50,74,560,402,576,429,0,0,0,0,0,0,0,0,0,0,0,0,50,74
NGCT,51,58,508,381,542,400,0,0,0,0,0,0,0,0,0,0,0,0,51,30
NGCT,51,59,502,374,540,390,0,0,0,0,0,0,0,0,0,0,0,0,51,31
NGCT,51,60,504,364,543,390,0,0,0,0,0,0,0,0,0,0,0,0,51,32
NGCT,51,61,498,364,533,382,0,0,0,0,0,0,0,0,0,0,0,0,51,33
NGCT,51,62,488,362,520,382,0,0,0,0,0,0,0,0,0,0,0,0,51,34
NGCT,51,63,486,372,506,394,605,424,637,462,0,0,0,0,529,480,553,499,51,35
NGCT,51,64,482,392,500,404,614,431,638,453,568,486,598,499,543,469,576,492,51,36
NGCT,51,65,480,391,506,404,625,398,645,420,572,488,596,500,556,467,594,487,51,37
NGCT,51,66,474,399,502,409,630,383,649,420,548,486,576,500,0,0,0,0,51,38
NGCT,51,67,476,385,492,402,0,0,0,0,554,490,581,513,0,0,0,0,51,39
NGCT,52,74,574,373,593,386,0,0,0,0,0,0,0,0,0,0,0,0,52,75
NGCT,52,75,575,362,598,383,643,437,674,464,0,0,0,0,0,0,0,0,52,76
NGCT,52,76,544,386,576,403,634,444,666,473,0,0,0,0,0,0,0,0,52,77
NGCT,52,77,552,376,564,394,644,432,680,459,0,0,0,0,0,0,0,0,52,78
NGCT,52,78,534,375,559,397,0,0,0,0,0,0,0,0,0,0,0,0,52,79
NGCT,52,79,521,370,570,402,657,424,691,452,0,0,0,0,0,0,0,0,52,80
NGCT,52,80,508,364,547,389,668,416,694,443,0,0,0,0,0,0,0,0,52,81
NGCT,52,81,507,362,540,391,674,415,694,434,0,0,0,0,0,0,0,0,52,82
NGCT,52,82,505,349,544,387,680,406,698,423,634,468,647,514,0,0,0,0,52,83
NGCT,52,83,502,349,542,371,676,402,701,424,632,473,652,508,0,0,0,0,52,84
NGCT,53,53,557,373,578,390,672,424,726,465,634,480,679,514,600,454,670,495,53,50
NGCT,53,54,551,368,578,393,642,414,726,477,632,502,657,518,0,0,0,0,53,51
NGCT,53,55,548,354,569,372,646,408,735,469,652,513,678,541,0,0,0,0,53,52
NGCT,53,56,526,336,566,373,699,398,733,438,650,504,671,523,0,0,0,0,53,53
NGCT,53,57,538,345,568,374,0,0,0,0,626,500,684,538,0,0,0,0,53,54
NGCT,53,58,538,344,570,372,0,0,0,0,626,497,694,542,0,0,0,0,53,55
NGCT,53,59,547,356,573,380,0,0,0,0,656,509,695,539,0,0,0,0,53,56
NGCT,53,6,0,0,0,0,0,0,0,0,0,0,0,0,0,0,0,0,53,57
NGCT,53,60,0,0,0,0,0,0,0,0,0,0,0,0,0,0,0,0,53,58
NGCT,53,61,553,355,576,377,0,0,0,0,682,514,715,549,0,0,0,0,53,59
NGCT,54,79,564,416,580,431,0,0,0,0,611,514,650,545,0,0,0,0,54,25
NGCT,54,80,0,0,0,0,0,0,0,0,606,511,680,536,0,0,0,0,54,26
NGCT,54,81,0,0,0,0,636,504,680,530,604,515,620,537,0,0,0,0,54,27
NGCT,54,82,552,436,568,454,634,498,684,527,602,519,620,548,0,0,0,0,54,28
NGCT,54,83,544,439,570,455,670,492,701,523,619,541,646,555,0,0,0,0,54,29
NGCT,54,84,541,436,565,452,677,489,705,510,625,536,654,557,0,0,0,0,54,30
NGCT,54,85,559,428,582,441,690,481,712,502,648,530,662,574,0,0,0,0,54,31
NGCT,54,86,563,425,580,440,692,490,708,514,631,549,672,583,0,0,0,0,54,32
NGCT,54,87,561,443,584,457,704,478,717,495,632,552,661,594,0,0,0,0,54,33
NGCT,54,88,566,418,580,434,0,0,0,0,647,563,660,586,0,0,0,0,54,34
NGCT,55,78,494,377,506,394,0,0,0,0,0,0,0,0,0,0,0,0,55,1
NGCT,55,79,496,376,506,396,0,0,0,0,0,0,0,0,0,0,0,0,55,2
NGCT,55,80,490,372,501,384,554,435,575,450,0,0,0,0,0,0,0,0,55,3
NGCT,55,81,487,371,497,390,554,431,574,451,0,0,0,0,0,0,0,0,55,4
NGCT,55,82,484,370,501,394,562,430,583,450,545,450,560,466,0,0,0,0,55,5
NGCT,55,83,480,372,500,388,567,430,589,450,545,450,561,467,0,0,0,0,55,6
NGCT,55,84,481,364,496,380,573,423,598,444,546,455,564,466,0,0,0,0,55,7
NGCT,55,85,478,360,493,372,579,417,596,443,546,458,564,474,0,0,0,0,55,8
NGCT,55,86,476,357,493,376,586,414,606,434,544,460,565,478,0,0,0,0,55,9
NGCT,55,87,476,358,493,373,592,407,609,424,550,465,564,481,0,0,0,0,55,10
NGCT,55,88,477,356,492,373,592,400,610,416,544,473,571,487,0,0,0,0,55,11
NGCT,55,89,475,352,489,376,604,390,619,410,556,492,574,505,0,0,0,0,55,12
NGCT,55,90,475,350,492,374,0,0,0,0,557,475,574,494,0,0,0,0,55,13
NGCT,55,91,474,354,490,368,0,0,0,0,0,0,0,0,0,0,0,0,55,14
NGCT,55,92,474,354,489,373,0,0,0,0,0,0,0,0,0,0,0,0,55,15
NGCT,55,93,476,355,490,369,0,0,0,0,0,0,0,0,0,0,0,0,55,16
NGCT,55,94,473,355,490,367,0,0,0,0,0,0,0,0,0,0,0,0,55,17
NGCT,55,95,469,347,490,368,0,0,0,0,0,0,0,0,0,0,0,0,55,18
NGCT,55,96,471,353,492,368,0,0,0,0,0,0,0,0,0,0,0,0,55,19
NGCT,56,60,511,455,535,472,0,0,0,0,0,0,0,0,0,0,0,0,56,25
NGCT,56,61,514,461,533,480,0,0,0,0,0,0,0,0,0,0,0,0,56,26
NGCT,56,62,507,465,528,479,616,437,654,487,0,0,0,0,555,502,612,546,56,27
NGCT,56,63,504,474,522,490,608,436,652,504,582,542,602,573,562,501,614,544,56,28
NGCT,56,64,514,486,539,502,632,430,655,461,581,552,608,590,0,0,0,0,56,29
NGCT,56,65,502,484,538,499,640,436,659,456,584,550,615,590,0,0,0,0,56,30
NGCT,56,66,508,482,538,503,643,426,669,452,588,550,614,588,0,0,0,0,56,31
NGCT,56,67,484,470,514,494,0,0,0,0,0,0,0,0,0,0,0,0,56,32
NGCT,56,68,492,476,520,496,0,0,0,0,0,0,0,0,0,0,0,0,56,33
NGCT,56,69,488,482,520,504,0,0,0,0,0,0,0,0,0,0,0,0,56,34
NGCT,57,50,566,311,580,328,0,0,0,0,0,0,0,0,0,0,0,0,57,50
NGCT,57,51,560,310,578,324,0,0,0,0,0,0,0,0,0,0,0,0,57,51
NGCT,57,52,520,298,567,330,0,0,0,0,0,0,0,0,0,0,0,0,57,52
NGCT,57,53,537,308,563,326,598,394,644,426,0,0,0,0,531,404,590,429,57,53
NGCT,57,54,522,302,573,328,660,381,690,407,0,0,0,0,608,394,644,419,57,54
NGCT,57,55,517,307,571,325,661,372,704,402,637,430,654,472,613,396,645,418,57,55
NGCT,57,56,513,308,578,324,694,359,732,374,623,456,653,494,0,0,0,0,57,56
NGCT,57,57,524,312,574,327,0,0,0,0,640,488,657,508,0,0,0,0,57,57
NGCT,57,58,542,292,566,312,0,0,0,0,0,0,0,0,0,0,0,0,57,58
NGCT,57,59,524,290,565,313,0,0,0,0,0,0,0,0,0,0,0,0,57,59
NGCT,58,64,473,347,516,366,555,422,582,448,0,0,0,0,518,426,557,444,58,64
NGCT,58,65,459,344,498,360,566,406,602,442,0,0,0,0,545,426,566,441,58,65
NGCT,58,66,475,328,503,350,571,400,604,429,0,0,0,0,548,428,573,446,58,66
NGCT,58,67,476,332,510,349,577,386,619,422,0,0,0,0,551,430,577,448,58,67
NGCT,58,68,486,331,514,347,590,383,623,410,555,438,584,453,0,0,0,0,58,68
NGCT,58,69,487,323,518,338,610,360,634,393,566,435,598,460,0,0,0,0,58,69
NGCT,58,70,490,319,504,332,617,353,640,373,576,439,598,456,0,0,0,0,58,70
NGCT,58,71,482,322,500,339,624,352,639,372,578,436,608,462,0,0,0,0,58,71
NGCT,58,72,491,317,507,329,619,346,642,368,582,438,598,454,0,0,0,0,58,72
NGCT,58,73,0,0,0,0,0,0,0,0,0,0,0,0,0,0,0,0,58,73
NGCT,59,50,489,380,520,396,624,381,662,416,0,0,0,0,586,416,624,448,59,39
NGCT,59,51,481,369,503,390,622,364,670,413,0,0,0,0,584,413,622,453,59,40
NGCT,59,52,492,374,517,391,621,358,670,412,0,0,0,0,587,440,616,467,59,41
NGCT,59,53,479,372,496,391,634,355,671,385,609,456,658,487,0,0,0,0,59,42
NGCT,59,54,0,0,0,0,640,354,667,384,612,473,640,494,0,0,0,0,59,43
NGCT,59,55,0,0,0,0,0,0,0,0,0,0,0,0,0,0,0,0,59,44
NGCT,59,56,492,369,506,382,644,338,670,354,0,0,0,0,0,0,0,0,59,45
NGCT,59,57,0,0,0,0,654,332,667,346,0,0,0,0,0,0,0,0,59,46
NGCT,59,58,492,362,510,376,654,326,669,342,0,0,0,0,0,0,0,0,59,47
NGCT,59,59,492,359,512,378,658,324,673,335,0,0,0,0,0,0,0,0,59,48
NGCT,62,78,0,0,0,0,0,0,0,0,0,0,0,0,0,0,0,0,62,1
NGCT,62,79,508,346,526,366,0,0,0,0,0,0,0,0,0,0,0,0,62,2
NGCT,62,80,504,345,526,363,641,362,659,388,635,374,682,398,615,377,643,401,62,3
NGCT,62,81,497,335,525,362,648,336,666,379,657,374,683,396,614,375,646,404,62,4
NGCT,62,82,490,329,524,358,648,328,669,384,654,376,685,399,619,379,648,406,62,5
NGCT,62,83,494,322,508,347,650,322,670,372,657,374,692,394,629,364,650,384,62,6
NGCT,62,84,490,310,514,341,654,326,675,359,664,374,700,386,0,0,0,0,62,7
NGCT,62,85,492,319,514,337,656,306,682,349,0,0,0,0,0,0,0,0,62,8
NGCT,62,86,479,318,514,336,667,296,685,325,0,0,0,0,0,0,0,0,62,9
NGCT,62,87,462,312,500,333,663,288,677,309,0,0,0,0,0,0,0,0,62,10
NGCT,62,88,478,312,498,344,0,0,0,0,0,0,0,0,0,0,0,0,62,11
NGCT,62,89,454,319,486,338,0,0,0,0,0,0,0,0,0,0,0,0,62,12
NGCT,62,90,464,314,494,336,0,0,0,0,0,0,0,0,0,0,0,0,62,13
NGCT,62,91,466,305,484,322,0,0,0,0,0,0,0,0,0,0,0,0,62,14
NGCT,62,92,454,305,473,324,0,0,0,0,0,0,0,0,0,0,0,0,62,15
NGCT,62,93,451,322,464,338,0,0,0,0,0,0,0,0,0,0,0,0,62,16
NGCT,62,94,437,325,472,338,0,0,0,0,0,0,0,0,0,0,0,0,62,17
NGCT,62,95,449,318,465,338,0,0,0,0,0,0,0,0,0,0,0,0,62,18
NGCT,62,96,444,316,462,344,0,0,0,0,0,0,0,0,0,0,0,0,62,19
NGCT,63,45,530,388,553,398,0,0,0,0,0,0,0,0,0,0,0,0,63,45
NGCT,63,46,528,376,546,394,0,0,0,0,0,0,0,0,0,0,0,0,63,46
NGCT,63,47,526,380,547,394,0,0,0,0,0,0,0,0,0,0,0,0,63,47
NGCT,63,48,520,377,545,389,0,0,0,0,0,0,0,0,562,471,611,492,63,48
NGCT,63,49,503,362,524,380,610,436,666,469,0,0,0,0,572,473,614,491,63,49
NGCT,63,50,508,360,524,380,615,407,640,455,594,473,617,492,0,0,0,0,63,50
NGCT,63,51,500,366,520,388,613,409,639,459,603,489,628,529,0,0,0,0,63,51
NGCT,63,52,492,371,516,387,0,0,0,0,602,494,638,536,0,0,0,0,63,52
NGCT,63,53,490,368,506,385,0,0,0,0,606,507,642,537,0,0,0,0,63,53
NGCT,63,54,507,369,532,389,0,0,0,0,615,515,651,543,0,0,0,0,63,54
NGCT,64,20,0,0,0,0,0,0,0,0,0,0,0,0,0,0,0,0,64,15
NGCT,64,21,0,0,0,0,0,0,0,0,0,0,0,0,0,0,0,0,64,16
NGCT,64,22,0,0,0,0,0,0,0,0,0,0,0,0,0,0,0,0,64,17
NGCT,64,23,0,0,0,0,0,0,0,0,0,0,0,0,0,0,0,0,64,18
NGCT,64,24,554,281,582,296,678,300,719,359,0,0,0,0,650,366,686,392,64,19
NGCT,64,25,562,289,596,306,690,295,723,354,692,372,711,434,659,358,686,386,64,20
NGCT,64,26,512,264,565,292,678,297,724,326,688,377,707,434,0,0,0,0,64,21
NGCT,64,27,538,278,562,290,0,0,0,0,656,425,688,459,0,0,0,0,64,22
NGCT,64,28,534,294,560,310,0,0,0,0,662,432,700,476,0,0,0,0,64,23
NGCT,64,29,0,0,0,0,0,0,0,0,674,444,704,482,0,0,0,0,64,24
NGCT,65,55,536,395,564,411,642,442,668,478,0,0,0,0,0,0,0,0,65,32
NGCT,65,56,542,392,571,406,0,0,0,0,0,0,0,0,0,0,0,0,65,33
NGCT,65,57,549,392,576,404,0,0,0,0,0,0,0,0,0,0,0,0,65,34
NGCT,65,58,554,394,580,414,648,452,684,477,0,0,0,0,596,470,644,494,65,35
NGCT,65,59,538,384,554,397,658,438,694,469,0,0,0,0,600,464,642,494,65,36
NGCT,65,60,552,356,573,373,666,428,701,462,633,475,660,493,610,466,640,484,65,37
NGCT,65,61,549,352,575,371,664,423,682,451,637,480,658,518,0,0,0,0,65,38
NGCT,65,62,545,362,574,376,694,386,711,414,614,485,640,524,0,0,0,0,65,39
NGCT,65,63,547,355,567,368,699,378,718,396,626,507,655,534,0,0,0,0,65,40
NGCT,65,64,546,365,566,389,0,0,0,0,639,518,672,543,0,0,0,0,65,41
NGCT,67,64,0,0,0,0,0,0,0,0,0,0,0,0,0,0,0,0,67,65
NGCT,67,65,0,0,0,0,0,0,0,0,0,0,0,0,0,0,0,0,67,66
NGCT,67,66,0,0,0,0,0,0,0,0,0,0,0,0,0,0,0,0,67,67
NGCT,67,67,0,0,0,0,611,387,659,424,612,428,670,445,0,0,0,0,67,68
NGCT,67,68,540,350,556,367,613,371,678,422,609,428,683,454,0,0,0,0,67,69
NGCT,67,69,538,351,554,360,630,370,677,418,606,439,659,483,0,0,0,0,67,70
NGCT,67,70,526,346,563,362,634,389,662,412,617,439,664,506,0,0,0,0,67,71
NGCT,67,71,525,335,548,361,0,0,0,0,643,489,665,525,0,0,0,0,67,72
NGCT,67,72,529,341,544,354,0,0,0,0,649,492,672,528,0,0,0,0,67,73
NGCT,67,73,518,334,544,355,0,0,0,0,642,500,676,530,0,0,0,0,67,74
NGCT,68,59,490,469,504,490,593,485,622,527,0,0,0,0,564,531,586,556,68,50
NGCT,68,60,492,464,507,487,610,479,626,506,0,0,0,0,568,509,613,556,68,51
NGCT,68,61,475,450,499,484,613,455,636,491,580,568,608,587,0,0,0,0,68,52
NGCT,68,62,461,475,494,492,622,441,645,476,586,572,616,605,0,0,0,0,68,53
NGCT,68,63,456,476,485,492,614,434,638,462,590,586,616,614,0,0,0,0,68,54
NGCT,68,64,453,467,483,491,616,424,636,448,586,596,614,617,0,0,0,0,68,55
NGCT,68,65,442,462,478,474,0,0,0,0,0,0,0,0,0,0,0,0,68,56
NGCT,68,66,442,452,466,477,0,0,0,0,0,0,0,0,0,0,0,0,68,57
NGCT,68,67,439,455,467,472,0,0,0,0,0,0,0,0,0,0,0,0,68,58
NGCT,68,68,432,457,463,470,0,0,0,0,0,0,0,0,0,0,0,0,68,59
NGCT,69,70,0,0,0,0,0,0,0,0,0,0,0,0,0,0,0,0,69,1
NGCT,69,71,0,0,0,0,0,0,0,0,0,0,0,0,0,0,0,0,69,2
NGCT,69,72,0,0,0,0,0,0,0,0,0,0,0,0,0,0,0,0,69,3
NGCT,69,73,0,0,0,0,0,0,0,0,0,0,0,0,0,0,0,0,69,4
NGCT,69,74,505,402,522,414,619,390,648,437,0,0,0,0,0,0,0,0,69,5
NGCT,69,75,504,392,521,410,640,404,664,430,0,0,0,0,0,0,0,0,69,6
NGCT,69,76,503,392,518,410,658,402,678,433,0,0,0,0,0,0,0,0,69,7
NGCT,69,77,506,391,536,410,660,408,686,438,0,0,0,0,0,0,0,0,69,8
NGCT,69,78,508,389,532,414,663,398,696,437,0,0,0,0,0,0,0,0,69,9
NGCT,70,60,507,401,547,420,0,0,0,0,0,0,0,0,623,487,650,534,70,17
NGCT,70,61,495,397,546,421,0,0,0,0,0,0,0,0,624,500,648,534,70,18
NGCT,70,62,512,402,545,418,634,447,654,488,620,495,644,525,0,0,0,0,70,19
NGCT,70,63,517,400,548,415,642,444,672,467,612,484,651,533,0,0,0,0,70,20
NGCT,70,64,519,400,551,420,614,440,674,481,0,0,0,0,0,0,0,0,70,21
NGCT,70,65,520,398,548,416,620,426,664,470,620,470,685,496,602,470,621,497,70,22
NGCT,70,66,520,396,550,414,622,414,684,468,604,473,670,513,0,0,0,0,70,23
NGCT,70,67,514,392,548,406,618,453,646,465,623,489,656,520,586,472,621,499,70,24
NGCT,70,68,508,390,541,414,624,447,642,456,625,494,653,520,0,0,0,0,70,25
NGCT,70,69,516,398,546,415,0,0,0,0,0,0,0,0,0,0,0,0,70,26
NGCT,71,73,523,276,543,300,574,399,651,430,574,434,620,458,0,0,0,0,71,1
NGCT,71,74,500,270,540,298,637,344,681,413,604,433,633,454,592,412,627,432,71,2
NGCT,71,75,498,264,538,295,640,337,686,418,593,427,633,459,0,0,0,0,71,3
NGCT,71,76,499,272,538,289,672,310,688,369,616,443,643,470,0,0,0,0,71,4
NGCT,71,77,499,276,521,295,676,296,690,323,617,438,647,470,0,0,0,0,71,5
NGCT,71,78,500,278,520,292,676,298,697,328,623,448,649,474,0,0,0,0,71,6
NGCT,71,79,496,278,521,296,681,292,696,313,631,455,650,482,0,0,0,0,71,7
NGCT,71,80,500,277,527,297,0,0,0,0,630,452,648,482,0,0,0,0,71,8
NGCT,71,81,498,280,524,298,0,0,0,0,634,463,655,482,0,0,0,0,71,9
NGCT,74,81,525,318,558,333,0,0,0,0,0,0,0,0,0,0,0,0,74,15
NGCT,74,82,521,312,548,329,0,0,0,0,0,0,0,0,0,0,0,0,74,16
NGCT,74,83,522,310,544,328,0,0,0,0,0,0,0,0,496,433,570,453,74,17
NGCT,74,84,514,317,540,326,0,0,0,0,0,0,0,0,494,420,572,447,74,18
NGCT,74,85,510,312,532,324,565,417,584,431,553,442,570,457,492,431,552,448,74,19
NGCT,74,86,493,310,517,328,563,407,598,430,560,444,579,464,503,433,558,445,74,20
NGCT,74,87,496,306,517,323,556,414,586,435,552,438,567,457,520,430,553,444,74,21
NGCT,74,88,500,306,517,322,562,415,582,429,0,0,0,0,0,0,0,0,74,22
NGCT,74,89,508,294,527,319,591,410,608,428,555,444,574,460,0,0,0,0,74,23
NGCT,74,90,508,302,527,330,594,406,614,422,562,447,584,465,0,0,0,0,74,24
NGCT,74,91,517,306,536,324,590,398,622,422,568,449,591,467,0,0,0,0,74,25
NGCT,74,92,498,297,528,310,594,393,635,420,573,427,594,442,0,0,0,0,74,26
NGCT,74,93,502,286,535,304,601,379,619,422,578,441,608,461,0,0,0,0,74,27
NGCT,74,94,496,300,513,329,612,377,638,426,579,439,604,457,0,0,0,0,74,28
NGCT,74,95,504,305,531,324,607,374,627,412,580,438,602,456,0,0,0,0,74,29
NGCT,74,96,484,304,508,316,602,376,622,408,588,426,604,446,0,0,0,0,74,30
NGCT,74,97,461,298,488,317,622,367,653,404,595,444,607,457,0,0,0,0,74,31
NGCT,74,98,445,309,479,327,642,342,658,366,594,442,621,464,0,0,0,0,74,32
NGCT,74,99,447,304,473,324,646,335,659,354,598,434,622,460,0,0,0,0,74,33
NGCT,74,100,448,286,490,322,0,0,0,0,602,448,622,464,0,0,0,0,74,34
NGCT,75,54,0,0,0,0,0,0,0,0,0,0,0,0,0,0,0,0,75,55
NGCT,75,55,487,304,516,328,0,0,0,0,0,0,0,0,0,0,0,0,75,56
NGCT,75,56,478,304,506,326,0,0,0,0,540,418,584,478,0,0,0,0,75,57
NGCT,75,57,474,306,506,327,562,388,628,421,550,432,590,487,524,414,558,432,75,58
NGCT,75,58,487,314,506,324,544,382,638,434,578,446,596,493,517,414,545,429,75,59
NGCT,75,59,0,0,0,0,613,372,646,394,583,468,597,490,0,0,0,0,75,60
NGCT,75,60,0,0,0,0,622,366,654,389,583,480,602,507,0,0,0,0,75,61
NGCT,75,61,484,319,508,330,636,353,662,382,570,494,597,520,0,0,0,0,75,62
NGCT,75,62,485,322,510,336,650,344,664,371,573,509,605,526,0,0,0,0,75,63
NGCT,75,63,445,317,471,330,0,0,0,0,0,0,0,0,0,0,0,0,75,64
NGCT,78,73,516,482,550,501,0,0,0,0,0,0,0,0,0,0,0,0,78,1
NGCT,78,74,536,476,554,499,644,546,684,576,0,0,0,0,0,0,0,0,78,2
NGCT,78,75,529,484,551,501,622,534,665,558,0,0,0,0,0,0,0,0,78,3
NGCT,78,76,520,473,552,490,604,502,686,565,604,565,650,587,576,556,603,574,78,4
NGCT,78,77,510,469,542,486,618,501,690,558,617,560,668,592,580,553,616,572,78,5
NGCT,78,78,516,467,538,484,618,492,700,558,618,558,667,581,591,550,618,576,78,6
NGCT,78,79,510,466,538,486,638,480,708,546,638,547,682,591,584,545,636,574,78,7
NGCT,78,80,513,463,538,480,668,467,717,534,643,563,682,590,0,0,0,0,78,8
NGCT,78,81,503,461,535,485,691,456,723,500,666,575,697,593,0,0,0,0,78,9
NGCT,78,82,506,462,532,486,699,454,721,484,618,572,649,596,0,0,0,0,78,10
NGCT,78,83,495,454,528,476,706,448,726,477,624,586,652,630,0,0,0,0,78,11
NGCT,78,84,502,458,541,484,713,448,730,470,620,584,657,629,0,0,0,0,78,12
NGCT,78,85,493,449,528,475,712,440,736,462,634,610,670,650,0,0,0,0,78,13
NGCT,78,86,485,450,523,470,711,442,740,460,630,607,667,644,0,0,0,0,78,14
NGCT,78,87,488,442,524,472,717,442,737,457,641,618,667,650,0,0,0,0,78,15
NGCT,78,88,492,437,525,470,714,437,740,455,655,624,678,657,0,0,0,0,78,16
NGCT,78,89,494,438,524,466,720,432,743,453,652,622,679,660,0,0,0,0,78,17
NGCT,78,90,496,430,521,464,0,0,0,0,0,0,0,0,0,0,0,0,78,18
NGCT,78,91,495,428,521,464,0,0,0,0,0,0,0,0,0,0,0,0,78,19
NGCT,79,55,482,378,501,397,602,386,648,430,0,0,0,0,0,0,0,0,79,55
NGCT,79,56,485,374,504,386,606,367,645,411,0,0,0,0,574,415,602,442,79,56
NGCT,79,57,477,373,506,384,600,366,646,412,604,411,663,442,567,420,594,456,79,57
NGCT,79,58,478,371,512,386,610,372,674,412,608,421,670,448,576,415,604,449,79,58
NGCT,79,59,470,372,513,384,647,400,676,417,632,422,671,441,575,432,602,455,79,59
NGCT,79,60,473,343,498,369,628,408,684,438,588,444,611,466,0,0,0,0,79,60
NGCT,79,61,464,341,499,358,644,414,690,430,0,0,0,0,0,0,0,0,79,61
NGCT,79,62,464,340,496,365,0,0,0,0,0,0,0,0,0,0,0,0,79,62
NGCT,79,63,453,351,477,376,0,0,0,0,0,0,0,0,0,0,0,0,79,63
NGCT,79,64,446,340,468,370,0,0,0,0,0,0,0,0,0,0,0,0,79,64
NGCT,80,66,503,386,529,410,0,0,0,0,0,0,0,0,0,0,0,0,80,20
NGCT,80,67,506,396,528,411,0,0,0,0,0,0,0,0,0,0,0,0,80,21
NGCT,80,68,503,393,530,407,609,424,632,459,616,454,651,474,0,0,0,0,80,22
NGCT,80,69,508,394,526,411,606,422,633,454,612,465,662,478,0,0,0,0,80,23
NGCT,80,70,504,398,524,410,646,422,664,446,625,448,670,467,0,0,0,0,80,24
NGCT,80,71,502,390,532,408,645,417,679,434,0,0,0,0,0,0,0,0,80,25
NGCT,80,72,509,388,527,404,659,418,685,434,0,0,0,0,0,0,0,0,80,26
NGCT,80,73,514,381,538,412,0,0,0,0,0,0,0,0,0,0,0,0,80,27
NGCT,80,74,508,384,533,408,0,0,0,0,0,0,0,0,0,0,0,0,80,28
NGCT,80,75,514,386,532,405,0,0,0,0,0,0,0,0,0,0,0,0,80,29
NGCT,82,51,537,400,558,416,603,498,653,515,0,0,0,0,567,518,613,547,82,40
NGCT,82,52,530,400,547,419,620,496,672,516,0,0,0,0,583,514,622,535,82,41
NGCT,82,53,0,0,0,0,664,471,700,496,0,0,0,0,630,504,648,517,82,42
NGCT,82,54,532,380,550,398,682,450,713,492,0,0,0,0,636,504,657,516,82,43
NGCT,82,55,518,384,540,398,692,444,716,470,0,0,0,0,640,505,674,520,82,44
NGCT,82,56,539,380,561,404,718,414,750,457,0,0,0,0,646,509,671,521,82,45
NGCT,82,57,532,376,558,402,732,402,757,437,668,511,695,540,0,0,0,0,82,46
NGCT,82,58,533,378,554,394,734,401,756,430,675,522,692,541,0,0,0,0,82,47
NGCT,82,59,534,376,553,397,708,386,734,413,678,528,696,547,0,0,0,0,82,48
NGCT,82,60,534,371,556,394,0,0,0,0,674,534,696,550,0,0,0,0,82,49
NGCT,83,54,0,0,0,0,0,0,0,0,0,0,0,0,0,0,0,0,83,55
NGCT,83,55,0,0,0,0,0,0,0,0,0,0,0,0,0,0,0,0,83,56
NGCT,83,56,0,0,0,0,0,0,0,0,0,0,0,0,0,0,0,0,83,57
NGCT,83,57,0,0,0,0,0,0,0,0,0,0,0,0,547,408,582,440,83,58
NGCT,83,58,0,0,0,0,601,347,631,390,0,0,0,0,548,405,592,439,83,59
NGCT,83,59,496,312,510,330,600,343,639,372,546,430,581,444,519,400,573,430,83,60
NGCT,83,60,496,312,509,331,587,327,643,389,550,423,606,465,512,382,578,426,83,61
NGCT,83,61,496,319,511,335,624,309,647,358,552,420,618,478,516,362,615,422,83,62
NGCT,83,62,487,307,500,321,625,302,646,336,552,424,617,484,0,0,0,0,83,63
NGCT,83,63,465,304,484,318,612,286,644,326,559,424,604,474,0,0,0,0,83,64
NGCT,83,64,425,291,470,320,616,274,641,308,587,470,622,512,0,0,0,0,83,65
NGCT,83,65,423,284,484,331,616,270,648,299,597,486,624,516,0,0,0,0,83,66
NGCT,83,66,415,278,452,314,616,272,642,288,591,494,627,526,0,0,0,0,83,67
NGCT,83,67,0,0,0,0,618,273,646,290,600,496,628,529,0,0,0,0,83,68
NGCT,83,68,0,0,0,0,621,270,661,288,597,501,628,517,0,0,0,0,83,69
NGCT,83,69,0,0,0,0,634,267,667,286,592,520,620,534,0,0,0,0,83,70
NGCT,83,70,0,0,0,0,645,269,666,284,597,517,617,538,0,0,0,0,83,71
NGCT,83,71,0,0,0,0,640,264,678,287,0,0,0,0,0,0,0,0,83,72
NGCT,83,72,0,0,0,0,651,266,677,287,0,0,0,0,0,0,0,0,83,73
NGCT,83,73,0,0,0,0,0,0,0,0,619,507,643,522,0,0,0,0,83,74
NGCT,84,60,486,311,507,328,0,0,0,0,0,0,0,0,0,0,0,0,84,60
NGCT,84,61,482,313,503,332,0,0,0,0,0,0,0,0,0,0,0,0,84,61
NGCT,84,62,468,300,498,326,576,392,609,431,0,0,0,0,0,0,0,0,84,62
NGCT,84,63,469,292,493,320,612,360,640,402,0,0,0,0,563,399,609,438,84,63
NGCT,84,64,469,298,491,318,611,342,654,398,588,429,610,441,549,396,610,442,84,64
NGCT,84,65,462,305,484,326,636,331,662,362,592,418,610,442,588,366,638,410,84,65
NGCT,84,66,462,311,480,327,643,320,663,356,560,428,594,473,0,0,0,0,84,66
NGCT,84,67,459,305,482,333,648,308,678,341,559,432,606,486,0,0,0,0,84,67
NGCT,84,68,462,304,477,338,652,295,677,320,561,435,614,490,0,0,0,0,84,68
NGCT,84,69,458,304,484,330,670,290,686,311,575,449,624,508,0,0,0,0,84,69
NGCT,84,70,407,292,456,324,671,276,686,296,582,457,630,500,0,0,0,0,84,70
NGCT,84,71,417,299,470,325,0,0,0,0,588,470,628,501,0,0,0,0,84,71
NGCT,84,72,417,298,478,330,666,260,685,281,592,460,626,494,0,0,0,0,84,72
NGCT,84,73,432,306,468,335,674,260,686,276,598,466,632,494,0,0,0,0,84,73
NGCT,84,74,456,310,482,340,0,0,0,0,623,470,658,502,0,0,0,0,84,74
NGCT,84,75,461,309,480,340,0,0,0,0,620,474,658,508,0,0,0,0,84,75
NGCT,84,76,459,312,482,338,0,0,0,0,644,473,665,504,0,0,0,0,84,76
NGCT,84,77,0,0,0,0,0,0,0,0,648,472,667,493,0,0,0,0,84,77
NGCT,84,78,0,0,0,0,0,0,0,0,0,0,0,0,0,0,0,0,84,78
NGCT,84,79,0,0,0,0,0,0,0,0,0,0,0,0,0,0,0,0,84,79
NGCT,85,74,498,389,518,408,0,0,0,0,0,0,0,0,536,514,609,542,85,17
NGCT,85,75,498,388,517,403,565,503,621,520,565,520,618,542,531,509,563,529,85,18
NGCT,85,76,496,384,515,404,575,493,634,521,587,523,614,538,534,506,555,532,85,19
NGCT,85,77,484,378,510,398,586,488,632,518,598,520,616,542,548,502,580,528,85,20
NGCT,85,78,488,377,516,398,611,476,651,504,596,526,619,544,564,494,582,525,85,21
NGCT,85,79,496,382,517,399,626,474,651,490,595,522,619,548,0,0,0,0,85,22
NGCT,85,80,471,388,492,409,605,475,630,500,606,531,626,558,0,0,0,0,85,23
NGCT,85,81,484,395,498,414,636,452,663,483,619,546,638,566,0,0,0,0,85,24
NGCT,85,82,476,359,492,375,636,466,651,483,0,0,0,0,0,0,0,0,85,25
NGCT,85,83,456,368,470,381,0,0,0,0,0,0,0,0,0,0,0,0,85,26
NGCT,86,52,572,325,588,345,0,0,0,0,0,0,0,0,0,0,0,0,86,35
NGCT,86,53,568,325,590,344,0,0,0,0,0,0,0,0,0,0,0,0,86,36
NGCT,86,54,566,313,591,345,0,0,0,0,0,0,0,0,583,410,605,430,86,37
NGCT,86,55,548,308,586,336,594,392,658,423,614,419,634,436,572,422,590,439,86,38
NGCT,86,56,549,306,570,322,631,384,677,409,615,424,632,436,614,400,628,414,86,39
NGCT,86,57,536,304,566,320,630,382,676,410,648,411,672,432,618,396,636,428,86,40
NGCT,86,58,527,305,555,320,683,369,714,385,0,0,0,0,0,0,0,0,86,41
NGCT,86,59,526,306,548,323,706,355,728,372,0,0,0,0,0,0,0,0,86,42
NGCT,86,60,526,306,543,332,719,350,734,365,0,0,0,0,0,0,0,0,86,43
NGCT,86,61,0,0,0,0,720,340,736,354,0,0,0,0,0,0,0,0,86,44
NGCT,87,56,489,415,522,434,582,497,601,544,0,0,0,0,0,0,0,0,87,60
NGCT,87,57,490,413,510,432,588,489,604,533,0,0,0,0,0,0,0,0,87,61
NGCT,87,58,482,410,509,432,0,0,0,0,0,0,0,0,0,0,0,0,87,62
NGCT,87,59,471,412,502,435,0,0,0,0,0,0,0,0,0,0,0,0,87,63
NGCT,87,60,469,411,494,432,0,0,0,0,0,0,0,0,0,0,0,0,87,64
NGCT,87,61,474,413,492,438,592,462,611,494,576,498,592,515,537,493,570,510,87,65
NGCT,87,62,495,403,514,428,597,460,619,493,575,513,592,528,551,499,566,518,87,66
NGCT,87,63,485,408,514,426,618,441,638,478,575,516,605,533,554,500,568,519,87,67
NGCT,87,64,494,396,506,417,604,406,633,466,572,514,594,541,556,502,570,524,87,68
NGCT,87,65,484,398,502,419,606,398,624,416,596,536,619,550,0,0,0,0,87,69
NGCT,87,66,480,402,498,420,607,392,625,412,0,0,0,0,0,0,0,0,87,70
NGCT,87,67,460,402,488,420,606,385,624,410,0,0,0,0,0,0,0,0,87,71
NGCT,87,68,456,390,481,420,606,365,624,394,0,0,0,0,0,0,0,0,87,72
NGCT,87,69,448,393,471,416,609,361,628,381,0,0,0,0,0,0,0,0,87,73
NGCT,87,70,447,399,473,416,608,354,630,372,0,0,0,0,0,0,0,0,87,74
NGCT,87,71,443,398,474,416,600,350,623,368,0,0,0,0,0,0,0,0,87,75
NGCT,87,72,437,393,472,416,598,348,622,366,0,0,0,0,0,0,0,0,87,76
NGCT,87,73,450,392,478,410,602,348,620,363,0,0,0,0,0,0,0,0,87,77
NGCT,87,74,450,383,469,408,0,0,0,0,0,0,0,0,0,0,0,0,87,78
NGCT,87,75,440,383,466,404,0,0,0,0,0,0,0,0,0,0,0,0,87,79
NGCT,88,55,516,332,536,350,0,0,0,0,0,0,0,0,0,0,0,0,88,35
NGCT,88,56,528,338,542,350,0,0,0,0,0,0,0,0,0,0,0,0,88,36
NGCT,88,57,524,334,544,350,0,0,0,0,0,0,0,0,555,440,574,453,88,37
NGCT,88,58,518,321,534,334,555,430,596,453,571,452,586,468,0,0,0,0,88,38
NGCT,88,59,504,310,524,331,553,420,612,453,568,454,602,474,0,0,0,0,88,39
NGCT,88,60,497,305,522,333,570,402,637,442,562,448,580,464,0,0,0,0,88,40
NGCT,88,61,497,304,522,326,609,384,654,422,566,447,623,472,0,0,0,0,88,41
NGCT,88,62,504,300,529,326,614,383,632,414,564,446,626,476,0,0,0,0,88,42
NGCT,88,63,484,311,501,336,624,372,649,396,569,443,626,479,0,0,0,0,88,43
NGCT,88,64,497,312,515,331,0,0,0,0,596,448,632,473,0,0,0,0,88,44
NGCT,89,84,539,335,562,347,0,0,0,0,0,0,0,0,0,0,0,0,89,1
NGCT,89,85,538,336,557,352,0,0,0,0,0,0,0,0,0,0,0,0,89,2
NGCT,89,86,544,322,556,333,0,0,0,0,0,0,0,0,0,0,0,0,89,3
NGCT,89,87,543,326,557,338,638,392,658,416,0,0,0,0,0,0,0,0,89,4
NGCT,89,88,532,324,548,344,642,391,662,415,0,0,0,0,0,0,0,0,89,5
NGCT,89,89,534,329,554,348,620,348,670,397,572,415,594,432,556,392,595,420,89,6
NGCT,89,90,550,314,562,328,621,350,672,408,0,0,0,0,568,396,621,423,89,7
NGCT,89,91,547,307,562,324,626,350,684,406,0,0,0,0,570,399,627,420,89,8
NGCT,89,92,546,309,560,325,650,325,705,388,632,407,659,427,598,392,631,419,89,9
NGCT,89,93,549,307,564,324,674,307,697,342,633,406,670,437,0,0,0,0,89,10
NGCT,89,94,542,306,561,326,686,296,703,320,636,410,659,439,0,0,0,0,89,11
NGCT,89,95,520,307,548,326,685,293,707,314,663,448,689,477,0,0,0,0,89,12
NGCT,89,96,516,305,548,324,688,279,714,301,643,434,668,462,0,0,0,0,89,13
NGCT,89,97,515,303,537,326,696,276,713,298,648,435,673,465,0,0,0,0,89,14
NGCT,89,98,512,297,536,318,696,270,716,292,653,449,680,472,0,0,0,0,89,15
NGCT,89,99,507,298,534,314,692,268,719,288,658,449,684,482,0,0,0,0,89,16
NGCT,89,100,481,290,524,328,0,0,0,0,660,464,678,484,0,0,0,0,89,17
NGCT,89,101,472,288,523,331,0,0,0,0,662,471,697,495,0,0,0,0,89,18
NGCT,89,102,464,276,524,322,0,0,0,0,676,470,700,495,0,0,0,0,89,19
NGCT,90,40,0,0,0,0,0,0,0,0,0,0,0,0,0,0,0,0,90,40
NGCT,90,41,0,0,0,0,0,0,0,0,0,0,0,0,0,0,0,0,90,41
NGCT,90,42,484,404,511,454,0,0,0,0,0,0,0,0,0,0,0,0,90,42
NGCT,90,43,479,412,494,448,0,0,0,0,0,0,0,0,0,0,0,0,90,43
NGCT,90,44,482,392,498,406,622,414,672,432,0,0,0,0,0,0,0,0,90,44
NGCT,90,45,487,386,504,400,631,402,654,424,0,0,0,0,0,0,0,0,90,45
NGCT,90,46,476,380,498,400,626,414,644,438,0,0,0,0,0,0,0,0,90,46
NGCT,90,47,474,392,494,428,0,0,0,0,0,0,0,0,0,0,0,0,90,47
NGCT,90,48,476,400,493,428,0,0,0,0,591,502,631,525,0,0,0,0,90,48
NGCT,90,49,469,380,488,416,0,0,0,0,0,0,0,0,0,0,0,0,90,49
NGCT,91,66,482,344,501,364,0,0,0,0,0,0,0,0,559,464,591,488,91,68
NGCT,91,67,489,336,518,354,536,422,562,446,0,0,0,0,530,442,570,459,91,69
NGCT,91,68,490,334,514,351,540,424,566,444,532,464,580,490,531,445,567,463,91,70
NGCT,91,69,486,340,503,358,551,413,579,437,533,462,579,485,540,445,586,468,91,71
NGCT,91,70,490,336,508,356,561,403,596,430,572,454,595,484,0,0,0,0,91,72
NGCT,91,71,484,338,503,356,572,393,596,425,582,497,608,531,0,0,0,0,91,73
NGCT,91,72,484,339,503,358,575,362,613,419,584,488,602,537,0,0,0,0,91,74
NGCT,91,73,484,363,502,378,596,355,615,376,590,474,604,508,0,0,0,0,91,75
NGCT,91,74,479,367,500,380,590,347,606,371,586,495,611,514,0,0,0,0,91,76
NGCT,91,75,476,364,496,382,594,327,628,349,0,0,0,0,0,0,0,0,91,77
NGCT,92,39,0,0,0,0,0,0,0,0,0,0,0,0,0,0,0,0,92,40
NGCT,92,40,510,390,526,405,0,0,0,0,0,0,0,0,0,0,0,0,92,41
NGCT,92,41,504,389,534,406,612,416,640,463,0,0,0,0,0,0,0,0,92,42
NGCT,92,42,514,384,532,404,614,422,640,458,0,0,0,0,0,0,0,0,92,43
NGCT,92,43,521,401,536,416,614,392,641,406,0,0,0,0,0,0,0,0,92,44
NGCT,92,44,506,393,538,410,618,374,636,398,0,0,0,0,0,0,0,0,92,45
NGCT,92,45,502,380,522,404,615,372,636,393,0,0,0,0,0,0,0,0,92,46
NGCT,92,46,500,380,520,400,0,0,0,0,0,0,0,0,0,0,0,0,92,47
NGCT,92,47,487,368,507,387,0,0,0,0,0,0,0,0,0,0,0,0,92,48
NGCT,92,48,444,326,474,354,0,0,0,0,0,0,0,0,0,0,0,0,92,49
NGCT,93,60,525,410,540,420,0,0,0,0,0,0,0,0,545,498,577,520,93,60
NGCT,93,61,523,405,540,422,0,0,0,0,0,0,0,0,551,486,582,519,93,61
NGCT,93,62,519,402,536,418,555,484,610,500,566,503,584,519,530,488,557,526,93,62
NGCT,93,63,508,402,528,420,574,460,628,495,566,498,580,517,0,0,0,0,93,63
NGCT,93,64,497,404,526,419,562,469,604,508,0,0,0,0,0,0,0,0,93,64
NGCT,93,65,507,408,530,422,576,472,597,501,565,500,594,525,0,0,0,0,93,65
NGCT,93,66,514,403,530,418,586,454,623,482,562,506,597,528,0,0,0,0,93,66
NGCT,93,67,471,402,526,428,0,0,0,0,579,481,599,516,0,0,0,0,93,67
NGCT,93,68,464,400,507,423,0,0,0,0,572,484,606,524,0,0,0,0,93,68
NGCT,93,69,457,374,492,424,0,0,0,0,589,496,621,550,0,0,0,0,93,69
NGCT,94,60,506,344,524,362,0,0,0,0,0,0,0,0,514,456,565,483,94,60
NGCT,94,61,505,345,529,366,570,432,603,462,0,0,0,0,507,458,559,488,94,61
NGCT,94,62,495,348,527,362,560,431,603,464,0,0,0,0,0,0,0,0,94,62
NGCT,94,63,490,343,518,364,558,433,584,470,0,0,0,0,0,0,0,0,94,63
NGCT,94,64,483,339,512,361,0,0,0,0,0,0,0,0,0,0,0,0,94,64
NGCT,94,65,488,334,505,349,0,0,0,0,0,0,0,0,0,0,0,0,94,65
NGCT,94,66,492,341,509,355,0,0,0,0,0,0,0,0,0,0,0,0,94,66
NGCT,94,67,488,337,511,353,0,0,0,0,0,0,0,0,0,0,0,0,94,67
NGCT,94,68,473,334,504,361,0,0,0,0,0,0,0,0,0,0,0,0,94,68
NGCT,94,69,484,331,498,348,0,0,0,0,0,0,0,0,0,0,0,0,94,69
NGCT,95,61,537,272,559,293,0,0,0,0,0,0,0,0,0,0,0,0,95,1
NGCT,95,62,547,272,568,280,0,0,0,0,0,0,0,0,0,0,0,0,95,2
NGCT,95,63,547,268,567,294,0,0,0,0,0,0,0,0,0,0,0,0,95,3
NGCT,95,64,530,276,554,300,0,0,0,0,0,0,0,0,0,0,0,0,95,4
NGCT,95,65,523,260,546,284,620,364,644,380,598,380,620,410,543,376,588,392,95,5
NGCT,95,66,515,260,542,282,611,349,633,370,592,378,617,414,567,376,586,399,95,6
NGCT,95,67,509,269,544,299,0,0,0,0,571,388,601,416,0,0,0,0,95,7
NGCT,95,68,490,261,538,295,0,0,0,0,569,373,603,423,0,0,0,0,95,8
NGCT,95,69,518,280,550,307,0,0,0,0,582,407,611,436,0,0,0,0,95,9
NGCT,96,77,521,354,544,365,0,0,0,0,0,0,0,0,563,439,582,453,96,5
NGCT,96,78,516,350,541,368,0,0,0,0,567,440,591,462,0,0,0,0,96,6
NGCT,96,79,520,347,540,359,0,0,0,0,0,0,0,0,572,438,604,467,96,7
NGCT,96,80,504,354,539,372,586,437,628,453,551,458,580,484,0,0,0,0,96,8
NGCT,96,81,494,347,515,370,598,431,636,454,552,463,580,490,0,0,0,0,96,9
NGCT,96,82,490,346,530,370,617,432,647,450,560,467,578,490,0,0,0,0,96,10
NGCT,96,83,491,346,526,370,0,0,0,0,564,475,589,502,0,0,0,0,96,11
NGCT,96,84,484,343,522,365,0,0,0,0,576,488,592,510,0,0,0,0,96,12
NGCT,96,85,486,345,518,365,0,0,0,0,576,496,592,516,0,0,0,0,96,13
NGCT,96,86,498,348,520,370,0,0,0,0,574,498,592,516,0,0,0,0,96,14
NGCT,97,60,586,309,608,324,0,0,0,0,0,0,0,0,0,0,0,0,97,60
NGCT,97,61,587,304,601,322,608,418,669,455,0,0,0,0,0,0,0,0,97,61
NGCT,97,62,586,303,602,318,644,406,688,442,597,436,638,463,0,0,0,0,97,62
NGCT,97,63,577,300,597,328,647,418,672,439,621,448,644,471,0,0,0,0,97,63
NGCT,97,64,584,298,596,320,0,0,0,0,618,454,638,484,0,0,0,0,97,64
NGCT,97,65,584,296,595,309,0,0,0,0,618,460,638,489,0,0,0,0,97,65
NGCT,97,66,575,294,589,304,0,0,0,0,0,0,0,0,0,0,0,0,97,66
NGCT,97,67,554,295,577,315,0,0,0,0,0,0,0,0,0,0,0,0,97,67
NGCT,97,68,564,302,583,315,0,0,0,0,0,0,0,0,0,0,0,0,97,68
NGCT,97,69,543,298,573,325,0,0,0,0,0,0,0,0,0,0,0,0,97,69
NGCT,99,45,483,367,508,395,0,0,0,0,0,0,0,0,0,0,0,0,99,45
NGCT,99,46,477,368,507,384,0,0,0,0,0,0,0,0,0,0,0,0,99,46
NGCT,99,47,468,366,508,386,0,0,0,0,0,0,0,0,0,0,0,0,99,47
NGCT,99,48,466,361,507,379,594,386,632,421,0,0,0,0,0,0,0,0,99,48
NGCT,99,49,469,358,500,380,0,0,0,0,0,0,0,0,0,0,0,0,99,49
NGCT,99,50,462,366,494,382,608,394,638,416,0,0,0,0,582,426,617,452,99,50
NGCT,99,51,469,370,486,385,617,388,643,413,0,0,0,0,565,420,591,449,99,51
NGCT,99,52,478,371,492,388,0,0,0,0,0,0,0,0,0,0,0,0,99,52
NGCT,99,53,481,377,499,393,0,0,0,0,564,456,610,488,0,0,0,0,99,53
NGCT,99,54,452,378,490,392,0,0,0,0,581,470,610,495,0,0,0,0,99,54
