NGCT1_SLICE52_LAD,0,0,0,0,0.0,0.0,0.0,0.0,0.0
NGCT1_SLICE53_LAD,0,0,0,0,0.0,0.0,0.0,0.0,0.0
NGCT1_SLICE54_LAD,0,0,0,0,0.0,0.0,0.0,0.0,0.0
NGCT1_SLICE55_LAD,0,0,0,0,0.0,0.0,0.0,0.0,0.0
NGCT1_SLICE56_LAD,0,0,0,0,0.0,0.0,0.0,0.0,0.0
NGCT1_SLICE57_LAD,0,0,0,0,0.0,0.0,0.0,0.0,0.0
NGCT1_SLICE58_LAD,0,0,0,0,0.0,0.0,0.0,0.0,0.0
NGCT1_SLICE59_LAD,0,0,0,0,0.0,0.0,0.0,0.0,0.0
NGCT1_SLICE60_LAD,0,0,0,0,0.0,0.0,0.0,0.0,0.0
NGCT1_SLICE61_LAD,265,202,277,205,260.5,194.5,281.0,208.5,26.1875
NGCT1_SLICE62_LAD,266,189,273,203,265.5,186.0,284.0,203.5,32.625
NGCT1_SLICE63_LAD,270,175,281,200,267.5,171.5,288.5,203.0,20.9375
NGCT1_SLICE64_LAD,285,173,291,184,277.0,172.0,292.0,190.0,25.5
NGCT1_SLICE65_LAD,280,174,283,186,274.0,168.0,291.5,190.0,40.0625
NGCT1_SLICE66_LAD,282,169,289,170,279.0,164.0,293.5,180.5,41.125
NGCT1_SLICE67_LAD,289,166,288,165,284.0,159.5,294.0,174.5,48.375
NGCT1_SLICE68_LAD,289,160,294,167,286.0,154.0,300.0,169.5,21.8125
NGCT1_SLICE69_LAD,289,162,293,161,286.5,155.5,299.0,165.0,25.125
NGCT1_SLICE70_LAD,297,159,297,160,289.5,152.0,300.5,162.5,30.9375
NGCT1_SLICE71_LAD,292,154,300,149,285.0,147.5,301.5,156.5,37.4375
NGCT1_SLICE72_LAD,295,150,294,151,287.0,146.0,300.0,156.5,36.5625
NGCT1_SLICE73_LAD,285,139,289,148,279.5,137.5,297.0,151.0,26.375
NGCT1_SLICE74_LAD,284,136,290,142,280.5,136.0,294.0,150.0,23.0625
NGCT1_SLICE75_LAD,282,146,290,143,282.0,139.0,293.0,146.0,16.75
NGCT1_SLICE76_LAD,284,143,288,143,282.0,136.5,292.5,145.5,18.1875
NGCT1_SLICE77_LAD,288,140,289,141,282.5,137.0,291.5,143.5,12.9375
NGCT1_SLICE78_LAD,289,143,292,138,285.5,137.0,292.5,143.0,18.375
NGCT1_SLICE79_LAD,290,137,292,141,285.0,133.5,295.0,143.5,13.125
NGCT1_SLICE80_LAD,288,137,291,134,286.0,133.5,297.0,141.0,25.3125
NGCT1_SLICE81_LAD,284,132,290,136,282.5,132.5,294.5,140.0,9.6875
NGCT1_SLICE82_LAD,286,135,288,139,283.0,132.5,292.5,140.5,9.4375
NGCT1_SLICE83_LAD,288,139,293,137,282.0,136.5,295.5,141.0,16.125
NGCT1_SLICE84_LAD,290,140,289,141,284.0,135.0,292.5,142.0,18.5625
NGCT1_SLICE85_LAD,283,139,290,144,283.0,137.5,293.5,146.0,4.625
NGCT1_SLICE86_LAD,283,138,289,145,281.5,137.0,295.5,147.5,12.9375
NGCT3_SLICE40_LAD,0,0,0,0,0.0,0.0,0.0,0.0,0.0
NGCT3_SLICE41_LAD,0,0,0,0,0.0,0.0,0.0,0.0,0.0
NGCT3_SLICE42_LAD,0,0,0,0,0.0,0.0,0.0,0.0,0.0
NGCT3_SLICE43_LAD,0,0,0,0,0.0,0.0,0.0,0.0,0.0
NGCT3_SLICE44_LAD,0,0,0,0,0.0,0.0,0.0,0.0,0.0
NGCT3_SLICE45_LAD,0,0,0,0,0.0,0.0,0.0,0.0,0.0
NGCT4_SLICE71_LAD,0,0,0,0,0.0,0.0,0.0,0.0,0.0
NGCT4_SLICE72_LAD,0,0,0,0,0.0,0.0,0.0,0.0,0.0
NGCT4_SLICE73_LAD,0,0,0,0,0.0,0.0,0.0,0.0,0.0
NGCT4_SLICE74_LAD,0,0,0,0,0.0,0.0,0.0,0.0,0.0
NGCT4_SLICE75_LAD,298,235,305,243,294.5,235.0,308.0,243.5,5.375
NGCT4_SLICE76_LAD,302,222,312,238,297.0,218.5,317.5,241.0,19.125
NGCT5_SLICE50_LAD,0,0,0,0,0.0,0.0,0.0,0.0,0.0
NGCT5_SLICE51_LAD,310,279,326,281,306.5,274.0,327.0,281.5,9.625
NGCT5_SLICE52_LAD,327,272,331,277,324.0,269.0,335.5,278.0,9.8125
NGCT5_SLICE53_LAD,328,255,332,264,326.0,255.5,335.5,268.0,8.125
NGCT5_SLICE54_LAD,328,253,340,268,325.5,249.0,346.0,269.5,15.125
NGCT5_SLICE55_LAD,338,244,346,252,336.0,241.0,349.5,253.5,6.875
NGCT6_SLICE46_LAD,283,229,297,241,281.3333333333335,224.3333333333335,300.0,246.6666666666665,16.41666666666561
NGCT6_SLICE47_LAD,285,220,300,237,281.6666666666665,217.0,303.6666666666665,238.6666666666665,9.083333333333158
NGCT6_SLICE48_LAD,288,201,317,227,287.0,197.3333333333335,320.3333333333335,231.6666666666665,11.833333333332835
NGCT6_SLICE49_LAD,304,179,322,211,302.0,175.6666666666665,325.0,212.6666666666665,6.722222222222372
NGCT6_SLICE50_LAD,309,176,322,201,308.0,172.3333333333335,326.0,204.0,9.86111111111078
NGCT6_SLICE51_LAD,317,171,321,183,314.0,168.3333333333335,325.3333333333335,187.3333333333335,13.416666666667144
NGCT7_SLICE83_LAD,0,0,0,0,0.0,0.0,0.0,0.0,0.0
NGCT7_SLICE84_LAD,0,0,0,0,0.0,0.0,0.0,0.0,0.0
NGCT7_SLICE85_LAD,293,244,306,252,289.5,240.5,306.5,253.5,6.75
NGCT7_SLICE86_LAD,292,231,310,249,288.5,231.5,311.5,253.0,7.6875
NGCT7_SLICE87_LAD,297,228,312,250,294.5,224.0,313.0,251.5,6.375
NGCT7_SLICE88_LAD,300,223,315,243,296.0,222.0,317.5,245.5,7.375
NGCT9_SLICE69_LAD,0,0,0,0,0.0,0.0,0.0,0.0,0.0
NGCT9_SLICE70_LAD,0,0,0,0,0.0,0.0,0.0,0.0,0.0
NGCT9_SLICE71_LAD,296,258,301,268,292.5,257.0,305.0,271.5,10.375
NGCT9_SLICE72_LAD,294,247,317,261,293.5,246.0,318.0,265.0,4.5625
NGCT9_SLICE73_LAD,296,244,317,262,295.5,244.5,320.5,263.0,3.4375
NGCT9_SLICE74_LAD,296,237,327,257,294.5,236.5,329.5,261.0,6.1875
NGCT10_SLICE73_LAD,0,0,0,0,0.0,0.0,0.0,0.0,0.0
NGCT10_SLICE74_LAD,0,0,0,0,0.0,0.0,0.0,0.0,0.0
NGCT10_SLICE75_LAD,0,0,0,0,0.0,0.0,0.0,0.0,0.0
NGCT10_SLICE76_LAD,286,236,304,243,282.0,233.0,306.5,244.0,8.0625
NGCT10_SLICE77_LAD,302,230,305,229,299.0,227.0,309.0,233.5,13.5625
NGCT10_SLICE78_LAD,304,222,310,231,302.5,219.5,313.0,233.5,5.9375
NGCT10_SLICE79_LAD,304,218,313,227,302.5,214.5,316.0,229.0,6.875
NGCT10_SLICE80_LAD,309,215,314,221,306.0,214.0,317.5,226.0,11.8125
NGCT10_SLICE81_LAD,306,213,318,224,305.0,209.5,319.0,227.0,5.8125
NGCT10_SLICE82_LAD,313,212,321,219,310.5,209.0,323.5,220.0,5.625
NGCT10_SLICE83_LAD,317,201,326,213,314.0,200.5,327.0,217.5,7.625
NGCT10_SLICE84_LAD,314,204,327,216,312.0,200.5,328.0,218.0,5.3125
NGCT10_SLICE85_LAD,316,189,316,194,313.0,187.5,320.0,196.5,8.375
NGCT10_SLICE86_LAD,314,184,318,188,311.0,183.5,320.0,192.5,8.375
NGCT10_SLICE87_LAD,314,185,316,190,311.5,181.0,319.5,190.5,8.6875
NGCT10_SLICE88_LAD,314,183,316,184,310.5,180.5,320.0,188.0,12.625
NGCT12_SLICE55_LAD,0,0,0,0,0.0,0.0,0.0,0.0,0.0
NGCT12_SLICE56_LAD,0,0,0,0,0.0,0.0,0.0,0.0,0.0
NGCT12_SLICE57_LAD,300,237,337,245,300.5,234.5,337.5,249.5,6.75
NGCT12_SLICE58_LAD,320,228,342,239,320.5,228.5,345.5,242.0,5.4375
NGCT12_SLICE59_LAD,320,225,335,238,319.5,224.0,339.0,240.0,5.3125
NGCT12_SLICE60_LAD,0,0,0,0,0.0,0.0,0.0,0.0,0.0
NGCT13_SLICE50_LAD,0,0,0,0,0.0,0.0,0.0,0.0,0.0
NGCT13_SLICE51_LAD,0,0,0,0,0.0,0.0,0.0,0.0,0.0
NGCT13_SLICE52_LAD,275,280,295,293,274.5,277.0,298.5,294.0,5.625
NGCT13_SLICE53_LAD,283,280,308,290,279.5,279.0,308.5,292.5,4.9375
NGCT13_SLICE54_LAD,299,237,319,271,299.0,236.0,321.5,273.0,2.8125
NGCT13_SLICE55_LAD,311,242,319,254,308.0,239.5,321.5,255.5,5.9375
NGCT13_SLICE56_LAD,314,242,321,248,313.5,239.0,324.5,248.5,5.4375
NGCT13_SLICE57_LAD,314,223,319,228,311.0,223.5,322.5,232.0,9.375
NGCT13_SLICE58_LAD,309,223,323,232,308.5,221.5,325.0,234.0,2.625
NGCT13_SLICE59_LAD,311,220,318,225,308.5,220.5,322.0,228.5,8.6875
NGCT13_SLICE60_LAD,314,222,320,223,314.0,220.5,324.5,226.5,8.6875
NGCT13_SLICE61_LAD,0,0,0,0,0.0,0.0,0.0,0.0,0.0
NGCT13_SLICE62_LAD,0,0,0,0,0.0,0.0,0.0,0.0,0.0
NGCT13_SLICE63_LAD,0,0,0,0,0.0,0.0,0.0,0.0,0.0
NGCT13_SLICE64_LAD,0,0,0,0,0.0,0.0,0.0,0.0,0.0
NGCT13_SLICE65_LAD,0,0,0,0,0.0,0.0,0.0,0.0,0.0
NGCT14_SLICE54_LAD,291,240,310,250,288.5,239.0,313.0,252.0,5.0625
NGCT14_SLICE55_LAD,295,236,314,247,292.0,236.0,317.0,249.5,6.0625
NGCT14_SLICE56_LAD,312,229,330,238,310.0,228.0,330.5,240.5,2.875
NGCT14_SLICE57_LAD,319,226,336,232,319.0,224.0,338.5,234.5,4.125
NGCT14_SLICE58_LAD,324,225,334,231,323.0,224.0,336.0,232.0,1.75
NGCT14_SLICE59_LAD,336,221,343,223,334.0,218.5,346.5,227.0,9.625
NGCT15_SLICE36_LAD,0,0,0,0,0.0,0.0,0.0,0.0,0.0
NGCT15_SLICE37_LAD,327,238,338,251,324.5,238.5,342.0,253.5,7.1875
NGCT15_SLICE38_LAD,305,228,327,250,304.5,228.5,331.0,253.5,7.1875
NGCT15_SLICE39_LAD,306,232,330,248,305.0,232.5,332.5,251.5,4.9375
NGCT15_SLICE40_LAD,312,229,329,231,310.0,226.0,329.5,234.0,5.5625
NGCT15_SLICE41_LAD,330,203,333,205,329.0,202.0,336.0,209.0,6.75
NGCT18_SLICE48_LAD,0,0,0,0,0.0,0.0,0.0,0.0,0.0
NGCT18_SLICE49_LAD,0,0,0,0,0.0,0.0,0.0,0.0,0.0
NGCT18_SLICE50_LAD,0,0,0,0,0.0,0.0,0.0,0.0,0.0
NGCT18_SLICE51_LAD,0,0,0,0,0.0,0.0,0.0,0.0,0.0
NGCT18_SLICE52_LAD,311,233,321,248,310.0,233.5,324.5,251.0,5.625
NGCT18_SLICE53_LAD,0,0,0,0,0.0,0.0,0.0,0.0,0.0
NGCT19_SLICE68_LAD,287,208,313,231,286.0,206.0,315.5,232.0,3.0625
NGCT19_SLICE69_LAD,288,212,308,228,288.0,210.0,310.5,229.5,3.125
NGCT19_SLICE70_LAD,294,203,320,223,293.5,201.0,323.0,224.5,3.875
NGCT19_SLICE71_LAD,306,195,323,213,306.0,195.0,325.5,216.5,4.625
NGCT19_SLICE72_LAD,310,183,328,210,308.5,182.0,329.5,214.0,5.375
NGCT19_SLICE73_LAD,312,182,329,205,311.0,182.5,330.5,207.5,2.4375
NGCT19_SLICE74_LAD,318,190,331,200,315.5,187.5,331.5,201.5,3.75
NGCT19_SLICE75_LAD,321,173,325,183,320.5,172.0,329.0,184.5,4.875
NGCT19_SLICE76_LAD,320,172,329,180,320.0,172.0,331.5,181.0,1.8125
NGCT19_SLICE77_LAD,323,175,332,178,321.5,172.0,333.5,179.5,3.9375
NGCT19_SLICE78_LAD,326,173,337,176,323.5,171.0,339.0,179.0,5.8125
NGCT19_SLICE79_LAD,331,165,337,174,328.0,163.5,340.0,177.5,8.125
NGCT19_SLICE80_LAD,331,166,336,171,329.5,165.5,339.0,173.0,3.875
NGCT19_SLICE81_LAD,333,163,335,171,331.0,161.0,336.5,171.5,2.625
NGCT19_SLICE82_LAD,331,159,339,169,329.0,157.5,339.5,172.0,3.875
NGCT19_SLICE83_LAD,328,158,336,170,328.0,157.0,340.0,170.5,4.3125
NGCT22_SLICE63_LAD,0,0,0,0,0.0,0.0,0.0,0.0,0.0
NGCT22_SLICE64_LAD,324,230,347,236,322.5,229.5,347.5,239.0,2.9375
NGCT22_SLICE65_LAD,342,228,351,232,340.0,228.0,354.0,235.5,6.3125
NGCT22_SLICE66_LAD,343,224,355,232,342.0,223.5,356.0,234.5,2.125
NGCT22_SLICE67_LAD,349,214,356,230,348.5,214.0,359.0,232.0,3.3125
NGCT22_SLICE68_LAD,354,216,359,218,352.0,214.0,362.5,222.0,9.0625
NGCT23_SLICE64_LAD,0,0,0,0,0.0,0.0,0.0,0.0,0.0
NGCT23_SLICE65_LAD,0,0,0,0,0.0,0.0,0.0,0.0,0.0
NGCT23_SLICE66_LAD,0,0,0,0,0.0,0.0,0.0,0.0,0.0
NGCT23_SLICE67_LAD,307,253,319,256,306.0,251.0,320.0,257.5,2.0625
NGCT23_SLICE68_LAD,308,250,325,258,306.0,249.0,328.0,259.5,4.0625
NGCT23_SLICE69_LAD,301,245,335,256,298.5,245.0,337.0,259.0,4.8125
NGCT23_SLICE70_LAD,318,239,348,256,318.0,237.0,349.5,258.0,2.5625
NGCT23_SLICE71_LAD,323,232,357,253,321.0,231.0,359.5,255.5,4.375
NGCT23_SLICE72_LAD,335,234,357,251,332.5,232.0,360.0,252.0,5.0625
NGCT23_SLICE73_LAD,344,225,364,246,343.0,225.0,367.0,249.0,4.75
NGCT23_SLICE74_LAD,357,222,367,234,356.5,220.0,370.0,235.0,3.5625
NGCT23_SLICE75_LAD,360,215,372,231,359.5,212.5,374.0,233.0,3.625
NGCT23_SLICE76_LAD,366,206,377,219,365.5,206.0,379.0,222.0,3.3125
NGCT23_SLICE77_LAD,369,204,379,218,368.5,204.0,380.5,218.5,0.6875
NGCT23_SLICE78_LAD,372,202,380,213,370.0,202.0,382.0,216.0,4.25
NGCT23_SLICE79_LAD,370,199,378,215,370.0,198.0,380.5,216.0,2.0625
NGCT24_SLICE59_LAD,0,0,0,0,0.0,0.0,0.0,0.0,0.0
NGCT24_SLICE60_LAD,0,0,0,0,0.0,0.0,0.0,0.0,0.0
NGCT24_SLICE61_LAD,0,0,0,0,0.0,0.0,0.0,0.0,0.0
NGCT24_SLICE62_LAD,0,0,0,0,0.0,0.0,0.0,0.0,0.0
NGCT24_SLICE63_LAD,0,0,0,0,0.0,0.0,0.0,0.0,0.0
NGCT24_SLICE64_LAD,0,0,0,0,0.0,0.0,0.0,0.0,0.0
NGCT24_SLICE65_LAD,0,0,0,0,0.0,0.0,0.0,0.0,0.0
NGCT24_SLICE66_LAD,0,0,0,0,0.0,0.0,0.0,0.0,0.0
NGCT24_SLICE67_LAD,0,0,0,0,0.0,0.0,0.0,0.0,0.0
NGCT24_SLICE68_LAD,0,0,0,0,0.0,0.0,0.0,0.0,0.0
NGCT24_SLICE69_LAD,0,0,0,0,0.0,0.0,0.0,0.0,0.0
NGCT24_SLICE70_LAD,0,0,0,0,0.0,0.0,0.0,0.0,0.0
NGCT24_SLICE71_LAD,0,0,0,0,0.0,0.0,0.0,0.0,0.0
NGCT24_SLICE72_LAD,0,0,0,0,0.0,0.0,0.0,0.0,0.0
NGCT24_SLICE73_LAD,0,0,0,0,0.0,0.0,0.0,0.0,0.0
NGCT24_SLICE74_LAD,0,0,0,0,0.0,0.0,0.0,0.0,0.0
NGCT26_SLICE51_LAD,0,0,0,0,0.0,0.0,0.0,0.0,0.0
NGCT26_SLICE52_LAD,0,0,0,0,0.0,0.0,0.0,0.0,0.0
NGCT26_SLICE53_LAD,0,0,0,0,0.0,0.0,0.0,0.0,0.0
NGCT26_SLICE54_LAD,271,209,286,222,271.3333333333335,206.6666666666665,288.3333333333335,222.6666666666665,2.8611111111114633
NGCT26_SLICE55_LAD,275,199,293,218,273.3333333333335,198.6666666666665,294.3333333333335,220.3333333333335,2.5277777777779926
NGCT26_SLICE56_LAD,277,187,300,218,276.3333333333335,187.3333333333335,301.0,220.0,1.3888888888888684
NGCT26_SLICE57_LAD,284,179,317,204,281.6666666666665,177.6666666666665,318.3333333333335,207.3333333333335,5.027777777778476
NGCT26_SLICE58_LAD,284,173,318,199,282.3333333333335,172.3333333333335,320.3333333333335,202.3333333333335,4.944444444444735
NGCT26_SLICE59_LAD,289,167,303,194,288.0,166.6666666666665,305.3333333333335,196.3333333333335,3.000000000000417
NGCT26_SLICE60_LAD,296,166,303,174,295.3333333333335,165.0,305.0,176.0,2.3611111111110605
NGCT26_SLICE61_LAD,295,161,302,171,294.6666666666665,161.3333333333335,304.3333333333335,172.3333333333335,1.8611111111114633
NGCT26_SLICE62_LAD,296,161,303,168,294.6666666666665,159.3333333333335,305.0,169.0,2.38888888888884
NGCT26_SLICE63_LAD,296,158,303,163,295.6666666666665,156.3333333333335,305.3333333333335,166.0,4.333333333333385
NGCT26_SLICE64_LAD,299,148,311,160,299.0,148.3333333333335,311.6666666666665,163.3333333333335,2.9166666666669463
NGCT26_SLICE65_LAD,302,145,313,157,300.6666666666665,143.6666666666665,315.3333333333335,160.0,4.500000000000398
NGCT26_SLICE66_LAD,308,141,316,149,307.0,140.0,317.6666666666665,150.6666666666665,1.8888888888886126
NGCT26_SLICE67_LAD,311,141,315,145,308.6666666666665,138.6666666666665,317.3333333333335,147.0,5.083333333333897
NGCT26_SLICE68_LAD,308,139,315,143,308.6666666666665,137.0,318.3333333333335,145.3333333333335,5.250000000000412
NGCT26_SLICE69_LAD,305,138,316,143,304.6666666666665,135.3333333333335,318.3333333333335,144.3333333333335,3.6111111111111933
NGCT26_SLICE70_LAD,308,135,315,143,307.0,133.6666666666665,317.0,144.0,1.9444444444445645
NGCT26_SLICE71_LAD,308,135,317,142,306.6666666666665,133.0,318.6666666666665,143.3333333333335,2.583333333333428
NGCT26_SLICE72_LAD,308,132,318,140,308.6666666666665,132.0,319.6666666666665,142.0,1.8055555555553786
NGCT26_SLICE73_LAD,310,134,316,140,309.6666666666665,132.0,318.3333333333335,140.6666666666665,2.500000000000142
NGCT26_SLICE74_LAD,312,133,318,140,311.3333333333335,131.0,319.6666666666665,141.0,2.0555555555553786
NGCT26_SLICE75_LAD,313,134,318,138,312.0,134.0,320.0,141.0,3.5
NGCT26_SLICE76_LAD,0,0,0,0,0.0,0.0,0.0,0.0,0.0
NGCT27_SLICE77_LAD,0,0,0,0,0.0,0.0,0.0,0.0,0.0
NGCT27_SLICE78_LAD,0,0,0,0,0.0,0.0,0.0,0.0,0.0
NGCT27_SLICE79_LAD,0,0,0,0,0.0,0.0,0.0,0.0,0.0
NGCT27_SLICE80_LAD,0,0,0,0,0.0,0.0,0.0,0.0,0.0
NGCT27_SLICE81_LAD,0,0,0,0,0.0,0.0,0.0,0.0,0.0
NGCT27_SLICE82_LAD,0,0,0,0,0.0,0.0,0.0,0.0,0.0
NGCT27_SLICE83_LAD,330,217,341,230,330.0,217.0,342.5,231.5,1.125
NGCT27_SLICE84_LAD,322,223,327,229,322.0,223.0,329.5,230.0,1.8125
NGCT27_SLICE85_LAD,329,210,339,224,328.0,208.0,341.0,227.0,4.5
NGCT27_SLICE86_LAD,329,207,338,222,328.0,207.0,340.5,224.5,3.375
NGCT27_SLICE87_LAD,333,203,340,214,333.0,202.5,341.0,215.0,0.5625
NGCT27_SLICE88_LAD,332,206,351,216,331.5,206.0,351.5,216.5,0.1875
NGCT27_SLICE89_LAD,336,201,344,207,335.0,199.5,345.0,207.5,1.125
NGCT27_SLICE90_LAD,335,199,345,204,335.0,199.0,347.0,206.0,2.0
NGCT27_SLICE91_LAD,334,198,345,206,333.0,198.0,346.5,207.0,1.0625
NGCT27_SLICE92_LAD,338,199,342,201,337.5,198.0,345.5,201.5,3.4375
NGCT28_SLICE50_LAD,0,0,0,0,0.0,0.0,0.0,0.0,0.0
NGCT28_SLICE51_LAD,0,0,0,0,0.0,0.0,0.0,0.0,0.0
NGCT28_SLICE52_LAD,0,0,0,0,0.0,0.0,0.0,0.0,0.0
NGCT28_SLICE53_LAD,288,232,293,233,288.5,231.0,295.0,235.5,2.875
NGCT28_SLICE54_LAD,289,231,295,234,288.0,229.5,296.5,237.0,3.625
NGCT28_SLICE55_LAD,0,0,0,0,0.0,0.0,0.0,0.0,0.0
NGCT28_SLICE56_LAD,308,231,316,239,307.0,231.0,318.5,241.5,3.375
NGCT28_SLICE57_LAD,309,223,326,234,307.5,222.0,327.0,235.0,1.3125
NGCT28_SLICE58_LAD,315,220,330,231,314.5,218.5,331.5,233.0,2.1875
NGCT28_SLICE59_LAD,321,211,336,227,319.5,210.0,338.5,229.0,3.375
NGCT28_SLICE60_LAD,329,207,340,216,329.0,205.0,342.5,217.5,3.125
NGCT28_SLICE61_LAD,336,202,343,213,334.0,201.0,344.0,215.5,3.0625
NGCT28_SLICE62_LAD,336,200,346,211,336.0,198.5,346.5,212.5,1.1875
NGCT28_SLICE63_LAD,340,196,345,206,338.0,195.5,346.0,209.0,3.5625
NGCT28_SLICE64_LAD,346,193,351,197,346.0,191.0,352.5,199.0,2.5625
NGCT28_SLICE65_LAD,0,0,0,0,0.0,0.0,0.0,0.0,0.0
NGCT29_SLICE55_LAD,0,0,0,0,0.0,0.0,0.0,0.0,0.0
NGCT29_SLICE56_LAD,0,0,0,0,0.0,0.0,0.0,0.0,0.0
NGCT29_SLICE57_LAD,313,226,323,234,312.0,225.5,324.0,235.5,1.125
NGCT29_SLICE58_LAD,315,221,327,230,314.5,220.5,329.0,233.0,3.375
NGCT29_SLICE59_LAD,321,221,334,228,320.0,220.5,336.0,229.5,1.875
NGCT29_SLICE60_LAD,332,207,341,218,330.5,207.0,343.0,219.0,1.8125
NGCT30_SLICE58_LAD,0,0,0,0,0.0,0.0,0.0,0.0,0.0
NGCT30_SLICE59_LAD,0,0,0,0,0.0,0.0,0.0,0.0,0.0
NGCT30_SLICE60_LAD,0,0,0,0,0.0,0.0,0.0,0.0,0.0
NGCT30_SLICE61_LAD,0,0,0,0,0.0,0.0,0.0,0.0,0.0
NGCT30_SLICE62_LAD,0,0,0,0,0.0,0.0,0.0,0.0,0.0
NGCT30_SLICE63_LAD,0,0,0,0,0.0,0.0,0.0,0.0,0.0
NGCT30_SLICE64_LAD,0,0,0,0,0.0,0.0,0.0,0.0,0.0
NGCT30_SLICE65_LAD,278,239,294,247,278.6666666666665,238.0,295.0,248.6666666666665,1.305555555555355
NGCT30_SLICE66_LAD,278,237,293,247,276.6666666666665,236.3333333333335,294.6666666666665,249.0,2.2499999999999147
NGCT30_SLICE67_LAD,284,232,289,239,282.0,231.3333333333335,291.6666666666665,239.6666666666665,2.999999999999678
NGCT30_SLICE68_LAD,285,230,296,240,283.0,227.6666666666665,297.3333333333335,240.6666666666665,2.916666666666918
NGCT30_SLICE69_LAD,289,225,301,237,287.6666666666665,225.3333333333335,301.6666666666665,237.3333333333335,0.6111111111112216
NGCT30_SLICE70_LAD,290,223,305,235,289.3333333333335,222.3333333333335,306.6666666666665,235.6666666666665,1.027777777777481
NGCT30_SLICE71_LAD,292,212,320,235,292.3333333333335,211.0,320.6666666666665,236.6666666666665,1.083333333333158
NGCT30_SLICE72_LAD,297,192,323,233,296.3333333333335,191.6666666666665,325.0,234.0,1.3888888888888684
NGCT30_SLICE73_LAD,309,187,325,220,308.6666666666665,185.6666666666665,327.6666666666665,221.0,2.499999999999943
NGCT30_SLICE74_LAD,311,182,326,215,311.3333333333335,182.3333333333335,328.3333333333335,217.3333333333335,2.77777777777822
NGCT30_SLICE75_LAD,317,180,328,191,317.0,178.6666666666665,329.3333333333335,192.6666666666665,1.5833333333334045
NGCT30_SLICE76_LAD,319,179,328,189,318.3333333333335,178.6666666666665,331.0,191.6666666666665,4.166666666666407
NGCT30_SLICE77_LAD,320,176,328,190,319.3333333333335,176.0,329.6666666666665,191.0,1.0555555555553786
NGCT30_SLICE78_LAD,319,176,328,187,318.3333333333335,174.6666666666665,330.6666666666665,187.3333333333335,2.3611111111110086
NGCT30_SLICE79_LAD,322,172,331,179,320.3333333333335,172.6666666666665,332.0,182.3333333333335,3.833333333333447
NGCT30_SLICE80_LAD,322,166,332,183,320.6666666666665,165.3333333333335,333.3333333333335,183.6666666666665,1.1111111111111933
NGCT30_SLICE81_LAD,311,158,327,169,309.3333333333335,158.0,328.0,170.0,1.194444444444318
NGCT30_SLICE82_LAD,311,159,318,166,309.6666666666665,157.3333333333335,321.0,167.6666666666665,4.083333333333134
NGCT30_SLICE83_LAD,309,154,320,164,309.0,153.0,320.3333333333335,164.6666666666665,0.38888888888885415
NGCT31_SLICE63_LAD,315,212,330,230,314.3333333333335,210.6666666666665,331.3333333333335,231.3333333333335,1.444444444444735
NGCT31_SLICE64_LAD,316,209,331,227,315.3333333333335,208.3333333333335,331.6666666666665,229.6666666666665,2.11111111111071
NGCT31_SLICE65_LAD,321,211,332,224,320.0,210.6666666666665,333.0,225.3333333333335,0.9722222222223722
NGCT31_SLICE66_LAD,319,200,333,219,318.6666666666665,198.6666666666665,336.0,220.6666666666665,3.416666666666662
NGCT31_SLICE67_LAD,323,199,339,225,322.0,198.0,340.0,227.0,1.75
NGCT31_SLICE68_LAD,323,202,338,228,322.0,201.6666666666665,339.6666666666665,229.0,1.222222222222126
NGCT31_SLICE69_LAD,323,209,339,229,321.3333333333335,208.6666666666665,340.6666666666665,231.3333333333335,2.7777777777777652
NGCT31_SLICE70_LAD,332,191,350,210,330.6666666666665,190.0,352.3333333333335,211.3333333333335,2.500000000000398
NGCT31_SLICE71_LAD,333,184,362,208,333.0,184.6666666666665,363.0,209.3333333333335,0.8055555555556155
NGCT31_SLICE72_LAD,338,184,351,197,338.3333333333335,183.6666666666665,353.0,199.0,2.055555555555611
NGCT31_SLICE73_LAD,347,176,356,183,345.3333333333335,175.0,356.3333333333335,185.6666666666665,2.749999999999659
NGCT31_SLICE74_LAD,357,180,364,189,356.3333333333335,180.0,366.3333333333335,191.6666666666665,3.2499999999998863
NGCT31_SLICE75_LAD,355,169,365,183,355.0,168.3333333333335,365.6666666666665,183.3333333333335,0.24999999999991945
NGCT31_SLICE76_LAD,354,155,363,163,354.0,154.3333333333335,363.6666666666665,165.0,1.2222222222221117
NGCT31_SLICE77_LAD,352,156,361,161,352.0,155.6666666666665,362.3333333333335,163.3333333333335,1.8333333333336745
NGCT31_SLICE78_LAD,354,153,360,160,353.3333333333335,153.0,361.6666666666665,161.6666666666665,1.4999999999996732
NGCT32_SLICE59_LAD,318,190,344,220,317.0,189.5,345.0,221.0,0.8125
NGCT32_SLICE60_LAD,319,187,344,216,318.0,187.0,346.0,218.0,2.25
NGCT32_SLICE61_LAD,321,186,345,218,320.0,185.0,348.0,218.5,2.8125
NGCT32_SLICE62_LAD,337,184,346,195,337.0,184.0,348.5,197.0,2.5625
NGCT32_SLICE63_LAD,330,184,343,189,330.0,184.0,345.5,191.5,3.125
NGCT32_SLICE64_LAD,347,183,354,188,346.5,183.0,355.5,190.0,1.625
NGCT33_SLICE52_LAD,0,0,0,0,0.0,0.0,0.0,0.0,0.0
NGCT33_SLICE53_LAD,0,0,0,0,0.0,0.0,0.0,0.0,0.0
NGCT33_SLICE54_LAD,315,201,342,217,313.3333333333335,200.0,343.3333333333335,219.6666666666665,3.1666666666664014
NGCT33_SLICE55_LAD,307,200,349,222,307.0,198.6666666666665,350.3333333333335,222.6666666666665,1.0000000000001612
NGCT33_SLICE56_LAD,320,200,341,217,320.3333333333335,200.0,343.3333333333335,217.6666666666665,1.500000000000142
NGCT33_SLICE57_LAD,330,205,345,217,329.0,203.6666666666665,346.3333333333335,219.3333333333335,2.500000000000431
NGCT33_SLICE58_LAD,0,0,0,0,0.0,0.0,0.0,0.0,0.0
NGCT33_SLICE59_LAD,0,0,0,0,0.0,0.0,0.0,0.0,0.0
NGCT33_SLICE60_LAD,0,0,0,0,0.0,0.0,0.0,0.0,0.0
NGCT33_SLICE61_LAD,0,0,0,0,0.0,0.0,0.0,0.0,0.0
NGCT33_SLICE62_LAD,0,0,0,0,0.0,0.0,0.0,0.0,0.0
NGCT33_SLICE63_LAD,0,0,0,0,0.0,0.0,0.0,0.0,0.0
NGCT33_SLICE64_LAD,0,0,0,0,0.0,0.0,0.0,0.0,0.0
NGCT33_SLICE65_LAD,0,0,0,0,0.0,0.0,0.0,0.0,0.0
NGCT33_SLICE66_LAD,0,0,0,0,0.0,0.0,0.0,0.0,0.0
NGCT33_SLICE67_LAD,0,0,0,0,0.0,0.0,0.0,0.0,0.0
NGCT34_SLICE70_LAD,0,0,0,0,0.0,0.0,0.0,0.0,0.0
NGCT34_SLICE71_LAD,0,0,0,0,0.0,0.0,0.0,0.0,0.0
NGCT34_SLICE72_LAD,0,0,0,0,0.0,0.0,0.0,0.0,0.0
NGCT34_SLICE73_LAD,0,0,0,0,0.0,0.0,0.0,0.0,0.0
NGCT34_SLICE74_LAD,285,205,290,211,283.5,204.5,292.0,212.5,2.1875
NGCT34_SLICE75_LAD,279,203,294,213,277.0,202.0,295.0,215.0,2.5
NGCT34_SLICE76_LAD,279,199,297,214,279.0,199.5,298.0,215.0,0.5625
NGCT34_SLICE77_LAD,286,196,300,209,284.5,195.0,301.0,211.0,2.0625
NGCT34_SLICE78_LAD,288,193,303,207,287.5,193.0,305.0,209.5,2.625
NGCT34_SLICE79_LAD,295,185,308,201,295.0,185.0,308.5,202.0,0.3125
NGCT34_SLICE80_LAD,300,184,307,198,298.0,182.0,308.5,199.5,3.125
NGCT34_SLICE81_LAD,301,175,313,189,300.0,175.0,314.0,192.0,2.75
NGCT34_SLICE82_LAD,305,173,312,180,305.0,172.5,314.0,182.0,2.0625
NGCT34_SLICE83_LAD,303,169,317,177,302.0,168.0,318.0,179.0,1.75
NGCT34_SLICE84_LAD,306,161,315,172,306.0,160.5,315.5,173.5,0.6875
NGCT34_SLICE85_LAD,0,0,0,0,0.0,0.0,0.0,0.0,0.0
NGCT34_SLICE86_LAD,308,153,313,158,307.5,152.0,315.0,159.5,1.875
NGCT34_SLICE87_LAD,306,149,312,155,305.5,149.0,314.0,157.5,2.625
NGCT34_SLICE88_LAD,306,151,314,153,306.0,149.5,316.0,155.0,2.5625
NGCT34_SLICE89_LAD,303,145,313,152,303.0,144.5,315.0,153.0,1.3125
NGCT34_SLICE90_LAD,305,146,312,152,304.0,146.0,314.5,153.0,2.0625
NGCT34_SLICE91_LAD,0,0,0,0,0.0,0.0,0.0,0.0,0.0
NGCT34_SLICE92_LAD,0,0,0,0,0.0,0.0,0.0,0.0,0.0
NGCT34_SLICE93_LAD,0,0,0,0,0.0,0.0,0.0,0.0,0.0
NGCT34_SLICE94_LAD,0,0,0,0,0.0,0.0,0.0,0.0,0.0
NGCT34_SLICE95_LAD,0,0,0,0,0.0,0.0,0.0,0.0,0.0
NGCT35_SLICE60_LAD,0,0,0,0,0.0,0.0,0.0,0.0,0.0
NGCT35_SLICE61_LAD,0,0,0,0,0.0,0.0,0.0,0.0,0.0
NGCT35_SLICE62_LAD,278,191,305,208,277.5,190.0,305.5,210.0,1.375
NGCT35_SLICE63_LAD,285,192,298,202,285.0,192.0,300.0,203.5,1.5625
NGCT35_SLICE64_LAD,303,189,314,196,302.0,189.5,315.0,198.0,1.5625
NGCT35_SLICE65_LAD,317,175,323,182,316.5,175.5,325.5,184.0,2.6875
NGCT37_SLICE55_LAD,0,0,0,0,0.0,0.0,0.0,0.0,0.0
NGCT37_SLICE56_LAD,0,0,0,0,0.0,0.0,0.0,0.0,0.0
NGCT37_SLICE57_LAD,0,0,0,0,0.0,0.0,0.0,0.0,0.0
NGCT37_SLICE58_LAD,0,0,0,0,0.0,0.0,0.0,0.0,0.0
NGCT37_SLICE59_LAD,0,0,0,0,0.0,0.0,0.0,0.0,0.0
NGCT37_SLICE60_LAD,0,0,0,0,0.0,0.0,0.0,0.0,0.0
NGCT37_SLICE61_LAD,0,0,0,0,0.0,0.0,0.0,0.0,0.0
NGCT37_SLICE62_LAD,0,0,0,0,0.0,0.0,0.0,0.0,0.0
NGCT37_SLICE63_LAD,281,205,298,213,280.6666666666665,204.3333333333335,298.3333333333335,214.3333333333335,0.6111111111112216
NGCT37_SLICE64_LAD,283,204,296,212,282.0,203.3333333333335,297.0,213.6666666666665,1.3055555555553455
NGCT37_SLICE65_LAD,293,200,308,206,292.6666666666665,198.0,308.6666666666665,207.6666666666665,1.833333333333158
NGCT37_SLICE66_LAD,293,197,310,206,292.6666666666665,196.3333333333335,312.0,207.6666666666665,1.8333333333331487
NGCT37_SLICE67_LAD,287,199,311,207,286.6666666666665,198.6666666666665,311.6666666666665,209.0,1.1666666666666714
NGCT37_SLICE68_LAD,290,201,309,208,290.0,200.3333333333335,310.3333333333335,208.3333333333335,0.5833333333334044
NGCT37_SLICE69_LAD,304,197,322,206,304.3333333333335,196.3333333333335,322.6666666666665,207.0,0.49999999999991473
NGCT37_SLICE70_LAD,303,184,325,205,303.3333333333335,184.3333333333335,326.6666666666665,207.3333333333335,2.11111111111125
NGCT37_SLICE71_LAD,304,189,326,205,304.0,188.0,327.6666666666665,207.3333333333335,2.3055555555556393
NGCT37_SLICE72_LAD,314,186,332,203,312.6666666666665,185.0,334.3333333333335,204.0,2.3055555555558334
NGCT37_SLICE73_LAD,314,181,337,207,313.0,180.6666666666665,338.0,209.3333333333335,1.888888888889129
NGCT37_SLICE74_LAD,314,175,338,210,312.3333333333335,174.0,338.6666666666665,211.0,1.3055555555553786
NGCT37_SLICE75_LAD,325,172,338,188,325.3333333333335,171.0,340.6666666666665,190.6666666666665,3.8333333333329165
NGCT37_SLICE76_LAD,332,169,341,180,332.3333333333335,168.3333333333335,342.6666666666665,181.6666666666665,1.5277777777774668
NGCT37_SLICE77_LAD,334,162,341,173,332.6666666666665,162.0,342.6666666666665,174.6666666666665,1.833333333333158
NGCT37_SLICE78_LAD,337,153,345,159,337.3333333333335,152.6666666666665,347.0,161.3333333333335,2.416666666666932
NGCT37_SLICE79_LAD,343,151,347,159,342.0,150.3333333333335,349.0,160.3333333333335,1.8055555555556158
NGCT37_SLICE80_LAD,0,0,0,0,0.0,0.0,0.0,0.0,0.0
NGCT38_SLICE56_LAD,0,0,0,0,0.0,0.0,0.0,0.0,0.0
NGCT38_SLICE57_LAD,0,0,0,0,0.0,0.0,0.0,0.0,0.0
NGCT38_SLICE58_LAD,311,287,324,294,309.6666666666665,285.3333333333335,325.6666666666665,295.3333333333335,2.277777777777727
NGCT38_SLICE59_LAD,311,281,335,297,309.3333333333335,280.6666666666665,336.0,298.3333333333335,1.4166666666666665
NGCT38_SLICE60_LAD,317,280,339,296,316.3333333333335,278.3333333333335,339.6666666666665,298.0,1.9166666666664391
NGCT38_SLICE61_LAD,327,275,347,293,325.6666666666665,273.3333333333335,347.6666666666665,295.3333333333335,2.611111111111212
NGCT38_SLICE62_LAD,333,267,357,286,331.6666666666665,267.0,358.6666666666665,288.0,2.1388888888888635
NGCT38_SLICE63_LAD,347,260,364,273,347.0,260.0,364.6666666666665,275.3333333333335,1.4722222222223484
NGCT38_SLICE64_LAD,352,258,367,276,351.0,258.0,369.6666666666665,276.6666666666665,2.138888888888636
NGCT38_SLICE65_LAD,355,256,371,268,353.6666666666665,256.3333333333335,372.6666666666665,269.0,1.4166666666666665
NGCT38_SLICE66_LAD,354,250,367,266,354.6666666666665,250.0,368.3333333333335,267.0,0.8055555555556061
NGCT42_SLICE56_LAD,0,0,0,0,0.0,0.0,0.0,0.0,0.0
NGCT42_SLICE57_LAD,0,0,0,0,0.0,0.0,0.0,0.0,0.0
NGCT42_SLICE58_LAD,0,0,0,0,0.0,0.0,0.0,0.0,0.0
NGCT42_SLICE59_LAD,0,0,0,0,0.0,0.0,0.0,0.0,0.0
NGCT42_SLICE60_LAD,0,0,0,0,0.0,0.0,0.0,0.0,0.0
NGCT42_SLICE61_LAD,286,228,309,240,284.3333333333335,228.3333333333335,310.0,240.6666666666665,1.083333333333177
NGCT42_SLICE62_LAD,291,221,313,239,291.3333333333335,219.6666666666665,313.3333333333335,240.0,0.7500000000001705
NGCT42_SLICE63_LAD,303,216,319,232,302.6666666666665,214.0,321.0,234.3333333333335,3.388888888889124
NGCT42_SLICE64_LAD,309,209,321,228,308.3333333333335,209.3333333333335,323.0,228.3333333333335,1.1666666666666763
NGCT42_SLICE65_LAD,311,205,322,220,311.0,205.0,324.0,221.3333333333335,1.4444444444445645
NGCT42_SLICE66_LAD,312,196,322,214,312.0,196.0,324.0,215.0,1.25
NGCT43_SLICE41_LAD,0,0,0,0,0.0,0.0,0.0,0.0,0.0
NGCT43_SLICE42_LAD,0,0,0,0,0.0,0.0,0.0,0.0,0.0
NGCT43_SLICE43_LAD,0,0,0,0,0.0,0.0,0.0,0.0,0.0
NGCT43_SLICE44_LAD,282,164,309,194,282.0,164.0,311.0,195.0,1.25
NGCT43_SLICE45_LAD,282,160,316,197,281.0,159.6666666666665,317.3333333333335,198.3333333333335,1.1666666666669179
NGCT43_SLICE46_LAD,276,155,310,227,276.6666666666665,154.0,312.0,228.3333333333335,1.805555555555625
NGCT46_SLICE59_LAD,0,0,0,0,0.0,0.0,0.0,0.0,0.0
NGCT46_SLICE60_LAD,0,0,0,0,0.0,0.0,0.0,0.0,0.0
NGCT46_SLICE61_LAD,0,0,0,0,0.0,0.0,0.0,0.0,0.0
NGCT46_SLICE62_LAD,0,0,0,0,0.0,0.0,0.0,0.0,0.0
NGCT46_SLICE63_LAD,301,249,313,258,301.0,248.0,314.0,258.5,0.5625
NGCT46_SLICE64_LAD,0,0,0,0,0.0,0.0,0.0,0.0,0.0
NGCT46_SLICE65_LAD,0,0,0,0,0.0,0.0,0.0,0.0,0.0
NGCT46_SLICE66_LAD,308,244,316,251,306.5,244.0,318.0,252.5,2.125
NGCT46_SLICE67_LAD,308,225,330,239,308.5,224.5,331.0,240.5,0.9375
NGCT46_SLICE68_LAD,313,221,335,238,312.0,221.0,336.0,239.0,0.75
NGCT46_SLICE69_LAD,320,215,337,233,320.0,215.0,339.0,235.0,2.0
NGCT46_SLICE70_LAD,321,216,341,234,321.0,216.0,341.5,235.0,0.3125
NGCT46_SLICE71_LAD,337,203,342,209,336.0,203.0,343.5,210.5,1.375
NGCT46_SLICE72_LAD,334,194,341,201,334.0,193.0,342.5,203.0,1.8125
NGCT46_SLICE73_LAD,335,188,341,195,334.0,186.5,342.0,196.0,1.3125
NGCT46_SLICE74_LAD,334,181,339,189,333.0,181.0,340.0,191.5,2.0625
NGCT47_SLICE58_LAD,305,212,313,221,304.0,211.0,314.0,221.5,0.8125
NGCT47_SLICE59_LAD,310,202,321,214,309.5,201.5,322.0,216.0,1.375
NGCT47_SLICE60_LAD,317,196,322,204,316.0,195.5,323.0,205.0,0.8125
NGCT47_SLICE61_LAD,0,0,0,0,0.0,0.0,0.0,0.0,0.0
NGCT47_SLICE62_LAD,0,0,0,0,0.0,0.0,0.0,0.0,0.0
NGCT47_SLICE63_LAD,0,0,0,0,0.0,0.0,0.0,0.0,0.0
NGCT48_SLICE51_LAD,0,0,0,0,0.0,0.0,0.0,0.0,0.0
NGCT48_SLICE52_LAD,0,0,0,0,0.0,0.0,0.0,0.0,0.0
NGCT48_SLICE53_LAD,0,0,0,0,0.0,0.0,0.0,0.0,0.0
NGCT48_SLICE54_LAD,274,231,304,246,274.0,230.0,305.0,247.5,1.0625
NGCT48_SLICE55_LAD,275,224,312,244,275.0,224.0,312.5,245.0,0.3125
NGCT48_SLICE56_LAD,291,226,310,238,291.5,226.0,311.0,239.5,0.875
NGCT49_SLICE45_LAD,0,0,0,0,0.0,0.0,0.0,0.0,0.0
NGCT49_SLICE46_LAD,0,0,0,0,0.0,0.0,0.0,0.0,0.0
NGCT49_SLICE47_LAD,0,0,0,0,0.0,0.0,0.0,0.0,0.0
NGCT49_SLICE48_LAD,303,196,318,207,303.5,194.5,319.0,209.0,1.875
NGCT49_SLICE49_LAD,302,204,309,217,301.0,203.5,311.0,218.0,1.5625
NGCT49_SLICE50_LAD,0,0,0,0,0.0,0.0,0.0,0.0,0.0
NGCT50_SLICE66_LAD,0,0,0,0,0.0,0.0,0.0,0.0,0.0
NGCT50_SLICE67_LAD,0,0,0,0,0.0,0.0,0.0,0.0,0.0
NGCT50_SLICE68_LAD,0,0,0,0,0.0,0.0,0.0,0.0,0.0
NGCT50_SLICE69_LAD,0,0,0,0,0.0,0.0,0.0,0.0,0.0
NGCT50_SLICE70_LAD,0,0,0,0,0.0,0.0,0.0,0.0,0.0
NGCT50_SLICE71_LAD,306,246,319,257,305.3333333333335,245.3333333333335,320.6666666666665,259.0,1.9166666666664298
NGCT50_SLICE72_LAD,313,229,341,253,312.3333333333335,227.3333333333335,342.0,254.6666666666665,1.7499999999996496
NGCT50_SLICE73_LAD,321,215,350,250,319.3333333333335,215.0,350.6666666666665,251.0,1.0555555555553786
NGCT50_SLICE74_LAD,329,207,350,231,327.3333333333335,206.3333333333335,352.0,232.3333333333335,2.249999999999934
NGCT50_SLICE75_LAD,340,202,356,214,339.3333333333335,202.0,356.6666666666665,215.3333333333335,0.6666666666666856
NGCT50_SLICE76_LAD,340,199,354,209,340.3333333333335,199.6666666666665,355.6666666666665,211.6666666666665,2.61111111111071
NGCT50_SLICE77_LAD,345,199,352,208,343.3333333333335,198.3333333333335,352.3333333333335,209.0,1.0833333333331723
NGCT50_SLICE78_LAD,344,197,354,207,343.0,196.6666666666665,356.0,207.6666666666665,1.388888888888859
NGCT50_SLICE79_LAD,345,196,355,207,343.6666666666665,195.0,357.0,208.0,1.9444444444445455
NGCT50_SLICE80_LAD,347,193,353,203,345.6666666666665,192.6666666666665,354.6666666666665,203.3333333333335,1.1944444444444793
NGCT50_SLICE81_LAD,0,0,0,0,0.0,0.0,0.0,0.0,0.0
NGCT51_SLICE58_LAD,0,0,0,0,0.0,0.0,0.0,0.0,0.0
NGCT51_SLICE59_LAD,0,0,0,0,0.0,0.0,0.0,0.0,0.0
NGCT51_SLICE60_LAD,0,0,0,0,0.0,0.0,0.0,0.0,0.0
NGCT51_SLICE61_LAD,0,0,0,0,0.0,0.0,0.0,0.0,0.0
NGCT51_SLICE62_LAD,0,0,0,0,0.0,0.0,0.0,0.0,0.0
NGCT51_SLICE63_LAD,303,213,316,229,302.5,212.0,318.5,231.0,2.875
NGCT52_SLICE74_LAD,0,0,0,0,0.0,0.0,0.0,0.0,0.0
NGCT52_SLICE75_LAD,321,219,335,231,321.5,218.5,337.0,232.0,1.375
NGCT52_SLICE76_LAD,317,222,331,235,317.0,222.0,333.0,236.5,1.5625
NGCT52_SLICE77_LAD,322,216,339,229,322.0,216.0,340.0,229.5,0.3125
NGCT52_SLICE78_LAD,0,0,0,0,0.0,0.0,0.0,0.0,0.0
NGCT52_SLICE79_LAD,328,212,343,224,328.5,212.0,345.5,226.0,2.625
NGCT53_SLICE53_LAD,336,213,362,231,336.0,212.0,363.0,232.5,1.0625
NGCT53_SLICE54_LAD,322,208,361,238,321.0,207.0,363.0,238.5,1.5625
NGCT53_SLICE55_LAD,324,204,365,233,323.0,204.0,367.5,234.5,2.375
NGCT53_SLICE56_LAD,350,200,365,218,349.5,199.0,366.5,219.0,1.125
NGCT53_SLICE57_LAD,0,0,0,0,0.0,0.0,0.0,0.0,0.0
NGCT54_SLICE79_LAD,0,0,0,0,0.0,0.0,0.0,0.0,0.0
NGCT54_SLICE80_LAD,315,253,341,267,315.0,252.0,342.0,269.0,1.5
NGCT54_SLICE81_LAD,318,252,338,264,318.0,252.0,340.0,265.0,1.25
NGCT54_SLICE82_LAD,317,250,340,262,317.0,249.0,342.0,263.5,1.8125
NGCT54_SLICE83_LAD,335,246,349,260,335.0,246.0,350.5,261.5,1.125
NGCT54_SLICE84_LAD,338,245,352,254,338.5,244.5,352.5,255.0,0.4375
NGCT55_SLICE78_LAD,0,0,0,0,0.0,0.0,0.0,0.0,0.0
NGCT55_SLICE79_LAD,0,0,0,0,0.0,0.0,0.0,0.0,0.0
NGCT55_SLICE80_LAD,278,218,286,223,277.0,217.5,287.5,225.0,1.875
NGCT55_SLICE81_LAD,278,215,286,224,277.0,215.5,287.0,225.5,1.125
NGCT55_SLICE82_LAD,281,216,291,223,281.0,215.0,291.5,225.0,1.3125
NGCT55_SLICE83_LAD,285,216,292,224,283.5,215.0,294.5,225.0,2.625
NGCT55_SLICE84_LAD,287,211,297,220,286.5,211.5,299.0,222.0,2.125
NGCT55_SLICE85_LAD,290,210,296,220,289.5,208.5,298.0,221.5,2.1875
NGCT55_SLICE86_LAD,293,207,302,216,293.0,207.0,303.0,217.0,0.5
NGCT55_SLICE87_LAD,297,204,303,211,296.0,203.5,304.5,212.0,1.125
NGCT55_SLICE88_LAD,296,200,303,207,296.0,200.0,305.0,208.0,1.25
NGCT55_SLICE89_LAD,303,195,309,204,302.0,195.0,309.5,205.0,0.5625
NGCT55_SLICE90_LAD,0,0,0,0,0.0,0.0,0.0,0.0,0.0
NGCT55_SLICE91_LAD,0,0,0,0,0.0,0.0,0.0,0.0,0.0
NGCT55_SLICE92_LAD,0,0,0,0,0.0,0.0,0.0,0.0,0.0
NGCT56_SLICE60_LAD,0,0,0,0,0.0,0.0,0.0,0.0,0.0
NGCT56_SLICE61_LAD,0,0,0,0,0.0,0.0,0.0,0.0,0.0
NGCT56_SLICE62_LAD,309,219,326,243,308.0,218.5,327.0,243.5,0.625
NGCT56_SLICE63_LAD,304,219,325,251,304.0,218.0,326.0,252.0,0.75
NGCT56_SLICE64_LAD,316,215,325,229,316.0,215.0,327.5,230.5,2.125
NGCT56_SLICE65_LAD,321,219,328,227,320.0,218.0,329.5,228.0,1.3125
NGCT57_SLICE51_LAD,0,0,0,0,0.0,0.0,0.0,0.0,0.0
NGCT57_SLICE52_LAD,0,0,0,0,0.0,0.0,0.0,0.0,0.0
NGCT57_SLICE53_LAD,0,0,0,0,0.0,0.0,0.0,0.0,0.0
NGCT57_SLICE54_LAD,294,198,321,216,293.3333333333335,197.6666666666665,323.3333333333335,216.6666666666665,1.6111111111112075
NGCT57_SLICE55_LAD,303,184,349,209,302.0,183.3333333333335,350.0,211.3333333333335,1.9722222222223724
NGCT57_SLICE56_LAD,308,183,352,208,307.3333333333335,182.0,354.3333333333335,209.3333333333335,2.166666666666913
NGCT57_SLICE57_LAD,345,173,365,189,345.3333333333335,173.6666666666665,366.3333333333335,190.3333333333335,1.0277777777779642
NGCT57_SLICE58_LAD,359,173,367,184,358.0,172.6666666666665,369.0,186.3333333333335,2.638888888889129
NGCT57_SLICE59_LAD,363,167,373,179,362.3333333333335,165.6666666666665,375.3333333333335,180.3333333333335,2.3611111111114775
NGCT57_SLICE60_LAD,0,0,0,0,0.0,0.0,0.0,0.0,0.0
NGCT57_SLICE61_LAD,0,0,0,0,0.0,0.0,0.0,0.0,0.0
NGCT57_SLICE62_LAD,0,0,0,0,0.0,0.0,0.0,0.0,0.0
NGCT57_SLICE63_LAD,0,0,0,0,0.0,0.0,0.0,0.0,0.0
NGCT57_SLICE64_LAD,0,0,0,0,0.0,0.0,0.0,0.0,0.0
NGCT57_SLICE65_LAD,0,0,0,0,0.0,0.0,0.0,0.0,0.0
NGCT57_SLICE66_LAD,0,0,0,0,0.0,0.0,0.0,0.0,0.0
NGCT58_SLICE64_LAD,278,211,290,223,277.5,211.0,291.0,224.0,0.5625
NGCT58_SLICE65_LAD,283,203,299,220,283.0,203.0,301.0,221.0,1.25
NGCT58_SLICE66_LAD,286,201,300,214,285.5,200.0,302.0,214.5,1.375
NGCT58_SLICE67_LAD,288,194,308,210,288.5,193.0,309.5,211.0,1.125
NGCT58_SLICE68_LAD,295,193,310,203,295.0,191.5,311.5,205.0,2.125
NGCT58_SLICE69_LAD,306,180,316,196,305.0,180.0,317.0,196.5,0.5625
NGCT59_SLICE51_LAD,292,187,332,227,291.6666666666665,185.6666666666665,332.6666666666665,227.3333333333335,0.6111111111112358
NGCT59_SLICE52_LAD,291,180,335,227,290.6666666666665,180.0,336.3333333333335,228.0,0.7222222222223486
NGCT59_SLICE53_LAD,298,177,336,222,298.3333333333335,176.6666666666665,337.3333333333335,223.0,0.7500000000001563
NGCT59_SLICE54_LAD,308,173,333,205,307.6666666666665,172.6666666666665,335.3333333333335,206.3333333333335,1.8611111111114633
NGCT59_SLICE55_LAD,312,173,334,200,311.3333333333335,173.0,336.0,201.3333333333335,1.555555555555625
NGCT59_SLICE56_LAD,319,170,334,192,319.6666666666665,170.3333333333335,336.3333333333335,193.3333333333335,1.9444444444447209
NGCT59_SLICE57_LAD,321,167,333,180,321.3333333333335,166.0,335.0,182.3333333333335,2.638888888889124
NGCT59_SLICE58_LAD,323,165,333,177,322.3333333333335,164.0,335.0,178.0,1.6111111111110605
NGCT59_SLICE59_LAD,0,0,0,0,0.0,0.0,0.0,0.0,0.0
NGCT59_SLICE60_LAD,0,0,0,0,0.0,0.0,0.0,0.0,0.0
NGCT59_SLICE61_LAD,0,0,0,0,0.0,0.0,0.0,0.0,0.0
NGCT59_SLICE62_LAD,0,0,0,0,0.0,0.0,0.0,0.0,0.0
NGCT59_SLICE63_LAD,0,0,0,0,0.0,0.0,0.0,0.0,0.0
NGCT59_SLICE64_LAD,0,0,0,0,0.0,0.0,0.0,0.0,0.0
NGCT59_SLICE65_LAD,0,0,0,0,0.0,0.0,0.0,0.0,0.0
NGCT59_SLICE66_LAD,0,0,0,0,0.0,0.0,0.0,0.0,0.0
NGCT62_SLICE78_LAD,0,0,0,0,0.0,0.0,0.0,0.0,0.0
NGCT62_SLICE79_LAD,0,0,0,0,0.0,0.0,0.0,0.0,0.0
NGCT62_SLICE80_LAD,320,182,327,192,320.5,181.0,329.5,194.0,2.875
NGCT62_SLICE81_LAD,324,169,331,189,324.0,168.0,333.0,189.5,1.3125
NGCT62_SLICE82_LAD,325,164,334,190,324.0,164.0,334.5,192.0,1.3125
NGCT62_SLICE83_LAD,325,161,333,184,325.0,161.0,335.0,186.0,2.0
NGCT62_SLICE84_LAD,327,163,335,178,327.0,163.0,337.5,179.5,2.125
NGCT62_SLICE85_LAD,328,154,339,173,328.0,153.0,341.0,174.5,1.8125
NGCT62_SLICE86_LAD,333,148,341,161,333.5,148.0,342.5,162.5,1.1875
NGCT62_SLICE87_LAD,332,144,337,153,331.5,144.0,338.5,154.5,1.1875
NGCT62_SLICE88_LAD,0,0,0,0,0.0,0.0,0.0,0.0,0.0
NGCT62_SLICE89_LAD,0,0,0,0,0.0,0.0,0.0,0.0,0.0
NGCT62_SLICE90_LAD,0,0,0,0,0.0,0.0,0.0,0.0,0.0
NGCT62_SLICE91_LAD,0,0,0,0,0.0,0.0,0.0,0.0,0.0
NGCT62_SLICE92_LAD,0,0,0,0,0.0,0.0,0.0,0.0,0.0
NGCT63_SLICE46_LAD,0,0,0,0,0.0,0.0,0.0,0.0,0.0
NGCT63_SLICE47_LAD,0,0,0,0,0.0,0.0,0.0,0.0,0.0
NGCT63_SLICE48_LAD,0,0,0,0,0.0,0.0,0.0,0.0,0.0
NGCT63_SLICE49_LAD,0,0,0,0,0.0,0.0,0.0,0.0,0.0
NGCT63_SLICE50_LAD,302,167,333,236,301.3333333333335,167.0,334.6666666666665,236.6666666666665,0.9166666666664297
NGCT63_SLICE51_LAD,302,163,339,236,302.3333333333335,162.3333333333335,340.0,237.3333333333335,0.8333333333334185
NGCT63_SLICE52_LAD,303,160,340,237,302.3333333333335,160.6666666666665,341.3333333333335,238.3333333333335,1.1111111111112217
NGCT63_SLICE53_LAD,320,157,341,179,319.0,156.3333333333335,342.0,179.6666666666665,0.7222222222221022
NGCT63_SLICE54_LAD,329,155,340,164,329.6666666666665,154.0,341.0,165.3333333333335,1.055555555555625
NGCT63_SLICE55_LAD,321,146,330,153,320.3333333333335,146.3333333333335,332.3333333333335,154.3333333333335,1.9444444444447209
NGCT63_SLICE56_LAD,323,145,327,153,322.0,145.3333333333335,328.3333333333335,153.6666666666665,0.8333333333334044
NGCT63_SLICE57_LAD,0,0,0,0,0.0,0.0,0.0,0.0,0.0
NGCT63_SLICE58_LAD,0,0,0,0,0.0,0.0,0.0,0.0,0.0
NGCT63_SLICE59_LAD,0,0,0,0,0.0,0.0,0.0,0.0,0.0
NGCT63_SLICE60_LAD,0,0,0,0,0.0,0.0,0.0,0.0,0.0
NGCT63_SLICE61_LAD,0,0,0,0,0.0,0.0,0.0,0.0,0.0
NGCT64_SLICE21_LAD,0,0,0,0,0.0,0.0,0.0,0.0,0.0
NGCT64_SLICE22_LAD,0,0,0,0,0.0,0.0,0.0,0.0,0.0
NGCT64_SLICE23_LAD,0,0,0,0,0.0,0.0,0.0,0.0,0.0
NGCT64_SLICE24_LAD,0,0,0,0,0.0,0.0,0.0,0.0,0.0
NGCT64_SLICE25_LAD,337,150,361,181,337.3333333333335,149.3333333333335,362.6666666666665,182.3333333333335,1.2777777777777368
NGCT64_SLICE26_LAD,308,147,362,207,307.0,146.0,362.6666666666665,208.3333333333335,1.055555555555625
NGCT64_SLICE27_LAD,0,0,0,0,0.0,0.0,0.0,0.0,0.0
NGCT64_SLICE28_LAD,0,0,0,0,0.0,0.0,0.0,0.0,0.0
NGCT64_SLICE29_LAD,0,0,0,0,0.0,0.0,0.0,0.0,0.0
NGCT64_SLICE30_LAD,0,0,0,0,0.0,0.0,0.0,0.0,0.0
NGCT64_SLICE31_LAD,0,0,0,0,0.0,0.0,0.0,0.0,0.0
NGCT64_SLICE32_LAD,0,0,0,0,0.0,0.0,0.0,0.0,0.0
NGCT64_SLICE33_LAD,0,0,0,0,0.0,0.0,0.0,0.0,0.0
NGCT64_SLICE34_LAD,0,0,0,0,0.0,0.0,0.0,0.0,0.0
NGCT64_SLICE35_LAD,0,0,0,0,0.0,0.0,0.0,0.0,0.0
NGCT64_SLICE36_LAD,0,0,0,0,0.0,0.0,0.0,0.0,0.0
NGCT65_SLICE56_LAD,0,0,0,0,0.0,0.0,0.0,0.0,0.0
NGCT65_SLICE57_LAD,0,0,0,0,0.0,0.0,0.0,0.0,0.0
NGCT65_SLICE58_LAD,300,235,321,247,299.0,234.0,322.3333333333335,249.3333333333335,2.3055555555558667
NGCT65_SLICE59_LAD,298,226,339,250,298.6666666666665,225.6666666666665,341.0,250.6666666666665,1.2499999999999196
NGCT65_SLICE60_LAD,298,212,346,247,298.0,211.3333333333335,347.0,248.6666666666665,1.0555555555553455
NGCT65_SLICE61_LAD,302,214,344,245,302.6666666666665,214.3333333333335,345.6666666666665,245.6666666666665,0.9444444444442376
NGCT65_SLICE62_LAD,331,210,341,232,331.0,209.0,341.6666666666665,233.3333333333335,0.8055555555556251
NGCT65_SLICE63_LAD,0,0,0,0,0.0,0.0,0.0,0.0,0.0
NGCT65_SLICE64_LAD,0,0,0,0,0.0,0.0,0.0,0.0,0.0
NGCT65_SLICE65_LAD,0,0,0,0,0.0,0.0,0.0,0.0,0.0
NGCT65_SLICE66_LAD,0,0,0,0,0.0,0.0,0.0,0.0,0.0
NGCT65_SLICE67_LAD,0,0,0,0,0.0,0.0,0.0,0.0,0.0
NGCT65_SLICE68_LAD,0,0,0,0,0.0,0.0,0.0,0.0,0.0
NGCT65_SLICE69_LAD,0,0,0,0,0.0,0.0,0.0,0.0,0.0
NGCT65_SLICE70_LAD,0,0,0,0,0.0,0.0,0.0,0.0,0.0
NGCT65_SLICE71_LAD,0,0,0,0,0.0,0.0,0.0,0.0,0.0
NGCT67_SLICE64_LAD,0,0,0,0,0.0,0.0,0.0,0.0,0.0
NGCT67_SLICE65_LAD,295,188,338,216,295.0,188.0,339.0,217.0,0.5
NGCT67_SLICE66_LAD,306,197,348,215,305.0,196.0,349.0,217.0,1.75
NGCT67_SLICE67_LAD,305,194,328,211,305.5,193.5,329.5,212.0,0.9375
NGCT67_SLICE68_LAD,308,185,337,210,306.5,185.5,339.0,211.0,1.875
NGCT67_SLICE69_LAD,315,185,338,208,315.0,185.0,338.5,209.0,0.3125
NGCT68_SLICE59_LAD,297,242,309,262,296.5,242.5,311.0,263.5,1.6875
NGCT68_SLICE60_LAD,305,239,311,251,305.0,239.5,313.0,253.0,2.0625
NGCT68_SLICE61_LAD,308,227,317,244,306.5,227.5,318.0,245.5,1.4375
NGCT68_SLICE62_LAD,311,221,322,237,311.0,220.5,322.5,238.0,0.375
NGCT68_SLICE63_LAD,307,217,317,229,307.0,217.0,319.0,231.0,2.0
NGCT68_SLICE64_LAD,309,212,317,223,308.0,212.0,318.0,224.0,0.75
NGCT69_SLICE70_LAD,0,0,0,0,0.0,0.0,0.0,0.0,0.0
NGCT69_SLICE71_LAD,0,0,0,0,0.0,0.0,0.0,0.0,0.0
NGCT69_SLICE72_LAD,0,0,0,0,0.0,0.0,0.0,0.0,0.0
NGCT69_SLICE73_LAD,0,0,0,0,0.0,0.0,0.0,0.0,0.0
NGCT69_SLICE74_LAD,310,196,323,217,309.5,195.0,324.0,218.5,1.125
NGCT70_SLICE61_LAD,0,0,0,0,0.0,0.0,0.0,0.0,0.0
NGCT70_SLICE62_LAD,0,0,0,0,0.0,0.0,0.0,0.0,0.0
NGCT70_SLICE63_LAD,0,0,0,0,0.0,0.0,0.0,0.0,0.0
NGCT70_SLICE64_LAD,0,0,0,0,0.0,0.0,0.0,0.0,0.0
NGCT70_SLICE65_LAD,302,216,338,246,301.6666666666665,216.3333333333335,339.6666666666665,247.0,0.999999999999929
NGCT70_SLICE66_LAD,301,209,348,251,301.3333333333335,208.3333333333335,349.3333333333335,252.0,0.8333333333333997
NGCT70_SLICE67_LAD,294,202,355,256,294.6666666666665,202.0,356.6666666666665,257.3333333333335,1.249999999999924
NGCT70_SLICE68_LAD,303,207,333,248,302.3333333333335,206.6666666666665,333.6666666666665,248.6666666666665,0.36111111111098004
NGCT70_SLICE69_LAD,313,212,328,229,313.3333333333335,211.0,329.3333333333335,229.6666666666665,0.8333333333333997
NGCT70_SLICE70_LAD,0,0,0,0,0.0,0.0,0.0,0.0,0.0
NGCT70_SLICE71_LAD,0,0,0,0,0.0,0.0,0.0,0.0,0.0
NGCT70_SLICE72_LAD,0,0,0,0,0.0,0.0,0.0,0.0,0.0
NGCT70_SLICE73_LAD,0,0,0,0,0.0,0.0,0.0,0.0,0.0
NGCT70_SLICE74_LAD,0,0,0,0,0.0,0.0,0.0,0.0,0.0
NGCT70_SLICE75_LAD,0,0,0,0,0.0,0.0,0.0,0.0,0.0
NGCT70_SLICE76_LAD,0,0,0,0,0.0,0.0,0.0,0.0,0.0
NGCT71_SLICE74_LAD,306,183,338,215,306.0,183.6666666666665,339.0,216.0,0.6111111111110511
NGCT71_SLICE75_LAD,298,171,341,213,298.6666666666665,170.6666666666665,342.6666666666665,214.3333333333335,1.277777777777751
NGCT71_SLICE76_LAD,310,154,343,209,308.6666666666665,154.3333333333335,345.0,211.0,2.4722222222223533
NGCT71_SLICE77_LAD,336,153,345,190,336.3333333333335,151.6666666666665,346.6666666666665,191.6666666666665,1.8611111111109802
NGCT71_SLICE78_LAD,337,146,346,162,335.6666666666665,145.6666666666665,348.0,163.0,1.7222222222223533
NGCT71_SLICE79_LAD,337,146,347,156,336.6666666666665,145.6666666666665,348.6666666666665,157.3333333333335,1.1944444444444935
NGCT71_SLICE80_LAD,339,142,349,154,339.0,142.6666666666665,349.6666666666665,155.3333333333335,0.6666666666666761
NGCT71_SLICE81_LAD,344,142,349,151,343.0,142.6666666666665,350.3333333333335,151.6666666666665,0.9166666666666478
NGCT71_SLICE82_LAD,0,0,0,0,0.0,0.0,0.0,0.0,0.0
NGCT71_SLICE83_LAD,0,0,0,0,0.0,0.0,0.0,0.0,0.0
NGCT71_SLICE84_LAD,343,137,351,145,342.3333333333335,136.3333333333335,352.6666666666665,146.0,1.1666666666664298
NGCT71_SLICE85_LAD,343,136,350,146,342.3333333333335,135.6666666666665,351.0,146.6666666666665,0.49999999999991945
NGCT71_SLICE86_LAD,341,135,351,144,341.0,135.3333333333335,351.3333333333335,145.3333333333335,0.5000000000001753
NGCT71_SLICE87_LAD,0,0,0,0,0.0,0.0,0.0,0.0,0.0
NGCT71_SLICE88_LAD,0,0,0,0,0.0,0.0,0.0,0.0,0.0
NGCT74_SLICE81_LAD,0,0,0,0,0.0,0.0,0.0,0.0,0.0
NGCT74_SLICE82_LAD,0,0,0,0,0.0,0.0,0.0,0.0,0.0
NGCT74_SLICE83_LAD,0,0,0,0,0.0,0.0,0.0,0.0,0.0
NGCT74_SLICE84_LAD,0,0,0,0,0.0,0.0,0.0,0.0,0.0
NGCT74_SLICE85_LAD,282,209,290,214,282.5,208.5,292.0,215.5,1.6875
NGCT74_SLICE86_LAD,281,204,297,214,281.5,203.5,299.0,215.0,1.375
NGCT74_SLICE87_LAD,279,208,292,216,278.0,207.0,293.0,217.5,1.3125
NGCT74_SLICE88_LAD,281,208,290,213,281.0,207.5,291.0,214.5,0.875
NGCT74_SLICE89_LAD,295,205,303,213,295.5,205.0,304.0,214.0,0.5625
NGCT74_SLICE90_LAD,297,203,306,209,297.0,203.0,307.0,211.0,1.25
NGCT74_SLICE91_LAD,295,199,310,210,295.0,199.0,311.0,211.0,0.5
NGCT74_SLICE92_LAD,298,197,316,209,297.0,196.5,317.5,210.0,1.125
NGCT74_SLICE93_LAD,301,189,309,210,300.5,189.5,309.5,211.0,0.4375
NGCT74_SLICE94_LAD,306,189,317,212,306.0,188.5,319.0,213.0,1.3125
NGCT74_SLICE95_LAD,304,187,312,205,303.5,187.0,313.5,206.0,0.875
NGCT74_SLICE96_LAD,302,188,309,202,301.0,188.0,311.0,204.0,2.25
NGCT75_SLICE54_LAD,0,0,0,0,0.0,0.0,0.0,0.0,0.0
NGCT75_SLICE55_LAD,0,0,0,0,0.0,0.0,0.0,0.0,0.0
NGCT75_SLICE56_LAD,0,0,0,0,0.0,0.0,0.0,0.0,0.0
NGCT75_SLICE57_LAD,281,194,313,210,281.0,194.0,314.0,210.5,0.3125
NGCT75_SLICE58_LAD,273,192,318,216,272.0,191.0,319.0,217.0,1.0
NGCT75_SLICE59_LAD,306,187,322,196,306.5,186.0,323.0,197.0,0.8125
NGCT78_SLICE73_LAD,0,0,0,0,0.0,0.0,0.0,0.0,0.0
NGCT78_SLICE74_LAD,322,273,340,287,322.0,273.0,342.0,288.0,1.25
NGCT78_SLICE75_LAD,311,268,330,277,311.0,267.0,332.5,279.0,2.8125
NGCT78_SLICE76_LAD,302,252,342,281,302.0,251.0,343.0,282.5,1.0625
NGCT78_SLICE77_LAD,309,250,343,278,309.0,250.5,345.0,279.0,1.3125
NGCT78_SLICE78_LAD,309,246,349,278,309.0,246.0,350.0,279.0,0.5
NGCT78_SLICE79_LAD,319,241,353,271,319.0,240.0,354.0,273.0,1.5
NGCT78_SLICE80_LAD,335,233,357,266,334.0,233.5,358.5,267.0,1.125
NGCT78_SLICE81_LAD,346,228,360,249,345.5,228.0,361.5,250.0,0.875
NGCT78_SLICE82_LAD,350,227,359,241,349.5,227.0,360.5,242.0,0.875
NGCT78_SLICE83_LAD,353,224,362,237,353.0,224.0,363.0,238.5,0.8125
NGCT78_SLICE84_LAD,356,224,364,234,356.5,224.0,365.0,235.0,0.5625
NGCT78_SLICE85_LAD,356,220,367,230,356.0,220.0,368.0,231.0,0.5
NGCT78_SLICE86_LAD,355,221,369,229,355.5,221.0,370.0,230.0,0.5625
NGCT78_SLICE87_LAD,358,221,367,227,358.5,221.0,368.5,228.5,1.1875
NGCT79_SLICE55_LAD,302,193,323,213,301.0,193.0,324.0,215.0,1.5
NGCT79_SLICE56_LAD,303,184,322,204,303.0,183.5,322.5,205.5,0.6875
NGCT79_SLICE57_LAD,301,184,321,205,300.0,183.0,323.0,206.0,1.75
NGCT79_SLICE58_LAD,305,186,336,204,305.0,186.0,337.0,206.0,1.25
NGCT79_SLICE59_LAD,324,201,336,208,323.5,200.0,338.0,208.5,1.375
NGCT79_SLICE60_LAD,314,204,341,217,314.0,204.0,342.0,219.0,1.25
NGCT80_SLICE66_LAD,0,0,0,0,0.0,0.0,0.0,0.0,0.0
NGCT80_SLICE67_LAD,0,0,0,0,0.0,0.0,0.0,0.0,0.0
NGCT80_SLICE68_LAD,305,212,314,228,304.5,212.0,316.0,229.5,1.625
NGCT80_SLICE69_LAD,303,211,315,226,303.0,211.0,316.5,227.0,0.8125
NGCT80_SLICE70_LAD,324,211,330,221,323.0,211.0,332.0,223.0,2.25
NGCT80_SLICE71_LAD,322,209,339,216,322.5,208.5,339.5,217.0,0.4375
NGCT82_SLICE51_LAD,302,249,326,256,301.5,249.0,326.5,257.5,0.6875
NGCT82_SLICE52_LAD,310,248,334,257,310.0,248.0,336.0,258.0,1.25
NGCT82_SLICE53_LAD,332,235,349,247,332.0,235.5,350.0,248.0,0.5625
NGCT82_SLICE54_LAD,341,225,355,245,341.0,225.0,356.5,246.0,0.8125
NGCT82_SLICE55_LAD,347,222,357,234,346.0,222.0,358.0,235.0,0.75
NGCT82_SLICE56_LAD,359,208,373,227,359.0,207.0,375.0,228.5,1.8125
NGCT83_SLICE55_LAD,0,0,0,0,0.0,0.0,0.0,0.0,0.0
NGCT83_SLICE56_LAD,0,0,0,0,0.0,0.0,0.0,0.0,0.0
NGCT83_SLICE57_LAD,0,0,0,0,0.0,0.0,0.0,0.0,0.0
NGCT83_SLICE58_LAD,0,0,0,0,0.0,0.0,0.0,0.0,0.0
NGCT83_SLICE59_LAD,270,172,315,220,270.0,171.6666666666665,317.0,221.0,1.2777777777778079
NGCT83_SLICE60_LAD,273,166,320,218,273.3333333333335,165.0,321.6666666666665,220.0,1.972222222222121
NGCT83_SLICE61_LAD,274,160,322,207,273.6666666666665,160.0,324.0,209.0,2.027777777777803
NGCT83_SLICE62_LAD,273,151,324,206,273.6666666666665,151.0,325.3333333333335,207.3333333333335,1.0000000000001705
NGCT83_SLICE63_LAD,307,149,326,172,306.0,148.6666666666665,327.3333333333335,173.3333333333335,1.1666666666669179
NGCT83_SLICE64_LAD,310,139,322,162,309.3333333333335,138.3333333333335,323.3333333333335,163.0,0.9166666666666572
NGCT83_SLICE65_LAD,308,135,322,154,307.3333333333335,135.0,323.0,155.3333333333335,0.8055555555556251
NGCT83_SLICE66_LAD,308,135,324,148,308.0,134.3333333333335,325.3333333333335,149.0,0.8055555555555967
NGCT83_SLICE67_LAD,307,131,323,146,307.3333333333335,131.0,325.0,147.3333333333335,1.4722222222223675
NGCT83_SLICE68_LAD,310,133,326,144,310.0,132.0,327.0,145.0,0.75
NGCT83_SLICE69_LAD,314,130,331,145,313.0,130.0,332.3333333333335,146.6666666666665,1.38888888888884
NGCT83_SLICE70_LAD,322,133,332,143,322.0,132.0,334.0,143.3333333333335,1.2777777777778079
NGCT83_SLICE71_LAD,324,133,333,141,324.0,133.6666666666665,333.6666666666665,142.3333333333335,0.6666666666666761
NGCT83_SLICE72_LAD,0,0,0,0,0.0,0.0,0.0,0.0,0.0
NGCT83_SLICE73_LAD,0,0,0,0,0.0,0.0,0.0,0.0,0.0
NGCT83_SLICE74_LAD,0,0,0,0,0.0,0.0,0.0,0.0,0.0
NGCT83_SLICE75_LAD,0,0,0,0,0.0,0.0,0.0,0.0,0.0
NGCT83_SLICE76_LAD,0,0,0,0,0.0,0.0,0.0,0.0,0.0
NGCT83_SLICE77_LAD,0,0,0,0,0.0,0.0,0.0,0.0,0.0
NGCT83_SLICE78_LAD,0,0,0,0,0.0,0.0,0.0,0.0,0.0
NGCT83_SLICE79_LAD,0,0,0,0,0.0,0.0,0.0,0.0,0.0
NGCT83_SLICE80_LAD,0,0,0,0,0.0,0.0,0.0,0.0,0.0
NGCT84_SLICE61_LAD,0,0,0,0,0.0,0.0,0.0,0.0,0.0
NGCT84_SLICE62_LAD,0,0,0,0,0.0,0.0,0.0,0.0,0.0
NGCT84_SLICE63_LAD,0,0,0,0,0.0,0.0,0.0,0.0,0.0
NGCT84_SLICE64_LAD,283,165,322,220,282.3333333333335,165.3333333333335,323.6666666666665,220.6666666666665,0.9444444444442376
NGCT84_SLICE65_LAD,274,164,328,220,272.6666666666665,164.0,329.6666666666665,221.3333333333335,1.583333333333428
NGCT84_SLICE66_LAD,274,164,330,222,274.3333333333335,164.0,331.3333333333335,222.6666666666665,0.5833333333333997
NGCT84_SLICE67_LAD,317,156,336,180,317.3333333333335,156.6666666666665,337.6666666666665,181.3333333333335,1.2777777777777368
NGCT84_SLICE68_LAD,323,154,340,173,323.0,153.0,341.3333333333335,173.6666666666665,0.8055555555555965
NGCT84_SLICE69_LAD,325,147,341,164,325.6666666666665,147.3333333333335,342.3333333333335,165.0,0.8333333333334139
NGCT84_SLICE70_LAD,336,143,342,155,335.6666666666665,143.0,344.0,156.3333333333335,1.4722222222223675
NGCT84_SLICE71_LAD,323,133,344,151,321.6666666666665,133.0,345.3333333333335,153.0,1.888888888889091
NGCT84_SLICE72_LAD,321,129,343,144,321.3333333333335,128.6666666666665,344.0,145.3333333333335,0.7500000000001752
NGCT84_SLICE73_LAD,323,128,344,142,322.6666666666665,128.6666666666665,345.6666666666665,143.6666666666665,1.5277777777774668
NGCT84_SLICE74_LAD,329,129,343,136,328.0,128.6666666666665,344.0,137.0,0.7777777777778078
NGCT84_SLICE75_LAD,0,0,0,0,0.0,0.0,0.0,0.0,0.0
NGCT84_SLICE76_LAD,0,0,0,0,0.0,0.0,0.0,0.0,0.0
NGCT84_SLICE77_LAD,0,0,0,0,0.0,0.0,0.0,0.0,0.0
NGCT84_SLICE78_LAD,0,0,0,0,0.0,0.0,0.0,0.0,0.0
NGCT84_SLICE79_LAD,0,0,0,0,0.0,0.0,0.0,0.0,0.0
NGCT84_SLICE80_LAD,0,0,0,0,0.0,0.0,0.0,0.0,0.0
NGCT84_SLICE81_LAD,0,0,0,0,0.0,0.0,0.0,0.0,0.0
NGCT84_SLICE82_LAD,0,0,0,0,0.0,0.0,0.0,0.0,0.0
NGCT84_SLICE83_LAD,0,0,0,0,0.0,0.0,0.0,0.0,0.0
NGCT84_SLICE84_LAD,0,0,0,0,0.0,0.0,0.0,0.0,0.0
NGCT84_SLICE85_LAD,0,0,0,0,0.0,0.0,0.0,0.0,0.0
NGCT84_SLICE86_LAD,0,0,0,0,0.0,0.0,0.0,0.0,0.0
NGCT85_SLICE74_LAD,0,0,0,0,0.0,0.0,0.0,0.0,0.0
NGCT85_SLICE75_LAD,282,252,309,259,282.5,251.5,310.5,260.0,0.9375
NGCT85_SLICE76_LAD,288,246,316,259,287.5,246.5,317.0,260.5,0.9375
NGCT85_SLICE77_LAD,293,244,315,257,293.0,244.0,316.0,259.0,1.25
NGCT85_SLICE78_LAD,305,238,325,250,305.5,238.0,325.5,252.0,1.125
NGCT85_SLICE79_LAD,313,237,325,244,313.0,237.0,325.5,245.0,0.3125
NGCT86_SLICE52_LAD,0,0,0,0,0.0,0.0,0.0,0.0,0.0
NGCT86_SLICE53_LAD,0,0,0,0,0.0,0.0,0.0,0.0,0.0
NGCT86_SLICE54_LAD,0,0,0,0,0.0,0.0,0.0,0.0,0.0
NGCT86_SLICE55_LAD,297,196,328,211,297.0,196.0,329.0,211.5,0.3125
NGCT86_SLICE56_LAD,316,192,337,203,315.5,192.0,338.5,204.5,1.1875
NGCT86_SLICE57_LAD,315,191,337,204,315.0,191.0,338.0,205.0,0.5
NGCT87_SLICE56_LAD,291,248,299,271,291.0,248.5,300.5,272.0,0.875
NGCT87_SLICE57_LAD,294,245,301,265,294.0,244.5,302.0,266.5,0.875
NGCT87_SLICE58_LAD,0,0,0,0,0.0,0.0,0.0,0.0,0.0
NGCT87_SLICE59_LAD,0,0,0,0,0.0,0.0,0.0,0.0,0.0
NGCT87_SLICE60_LAD,0,0,0,0,0.0,0.0,0.0,0.0,0.0
NGCT87_SLICE61_LAD,296,231,304,245,296.0,231.0,305.5,247.0,1.5625
NGCT87_SLICE62_LAD,299,231,308,245,298.5,230.0,309.5,246.5,1.4375
NGCT87_SLICE63_LAD,309,221,318,238,309.0,220.5,319.0,239.0,0.5625
NGCT87_SLICE64_LAD,302,203,315,232,302.0,203.0,316.5,233.0,0.8125
NGCT87_SLICE65_LAD,303,200,311,207,303.0,199.0,312.0,208.0,0.75
NGCT87_SLICE66_LAD,303,197,311,205,303.5,196.0,312.5,206.0,1.125
NGCT87_SLICE67_LAD,303,193,311,203,303.0,192.5,312.0,205.0,1.3125
NGCT87_SLICE68_LAD,303,183,311,195,303.0,182.5,312.0,197.0,1.3125
NGCT87_SLICE69_LAD,305,181,313,189,304.5,180.5,314.0,190.5,0.9375
NGCT87_SLICE70_LAD,304,177,314,185,304.0,177.0,315.0,186.0,0.5
NGCT87_SLICE71_LAD,300,175,310,182,300.0,175.0,311.5,184.0,1.5625
NGCT88_SLICE56_LAD,0,0,0,0,0.0,0.0,0.0,0.0,0.0
NGCT88_SLICE57_LAD,0,0,0,0,0.0,0.0,0.0,0.0,0.0
NGCT88_SLICE58_LAD,0,0,0,0,0.0,0.0,0.0,0.0,0.0
NGCT88_SLICE59_LAD,276,213,301,228,275.0,213.6666666666665,302.0,229.3333333333335,1.0555555555556155
NGCT88_SLICE60_LAD,279,199,320,226,279.3333333333335,199.0,322.0,226.3333333333335,1.0555555555556109
NGCT88_SLICE61_LAD,285,184,330,221,284.0,183.0,331.0,222.0,1.0
NGCT88_SLICE62_LAD,304,179,331,211,302.6666666666665,179.0,333.3333333333335,212.6666666666665,2.500000000000128
NGCT88_SLICE63_LAD,318,174,334,199,317.0,173.0,335.6666666666665,200.6666666666665,1.8888888888886126
NGCT88_SLICE64_LAD,325,165,337,186,325.3333333333335,164.3333333333335,337.3333333333335,187.6666666666665,0.8611111111109516
NGCT88_SLICE65_LAD,330,158,338,174,329.0,157.0,338.3333333333335,175.6666666666665,1.2222222222220975
NGCT88_SLICE66_LAD,327,152,336,171,327.0,152.0,337.6666666666665,172.0,0.9444444444443181
NGCT88_SLICE67_LAD,329,148,338,160,329.0,147.6666666666665,339.3333333333335,161.0,0.7222222222223533
NGCT88_SLICE68_LAD,332,148,338,157,330.6666666666665,147.0,339.3333333333335,158.3333333333335,1.5833333333336554
NGCT88_SLICE69_LAD,329,145,340,156,328.6666666666665,145.3333333333335,341.6666666666665,157.3333333333335,1.1944444444444935
NGCT88_SLICE70_LAD,334,144,344,153,334.6666666666665,144.0,344.3333333333335,153.6666666666665,0.24999999999991473
NGCT88_SLICE71_LAD,334,142,345,151,334.3333333333335,142.6666666666665,346.0,152.6666666666665,1.0833333333331485
NGCT89_SLICE84_LAD,0,0,0,0,0.0,0.0,0.0,0.0,0.0
NGCT89_SLICE85_LAD,0,0,0,0,0.0,0.0,0.0,0.0,0.0
NGCT89_SLICE86_LAD,0,0,0,0,0.0,0.0,0.0,0.0,0.0
NGCT89_SLICE87_LAD,319,196,328,207,319.0,196.0,329.0,208.0,0.5
NGCT89_SLICE88_LAD,321,196,329,206,321.0,195.5,331.0,207.5,1.625
NGCT89_SLICE89_LAD,310,175,333,198,310.0,174.0,335.0,198.5,1.3125
NGCT89_SLICE90_LAD,311,175,334,202,310.5,175.0,336.0,204.0,2.0625
NGCT89_SLICE91_LAD,313,175,340,201,313.0,175.0,342.0,203.0,2.0
NGCT89_SLICE92_LAD,325,163,352,193,325.0,162.5,352.5,194.0,0.375
NGCT89_SLICE93_LAD,337,153,347,170,337.0,153.5,348.5,171.0,0.875
NGCT89_SLICE94_LAD,343,149,350,159,343.0,148.0,351.5,160.0,1.0625
NGCT89_SLICE95_LAD,343,147,353,156,342.5,146.5,353.5,157.0,0.4375
NGCT89_SLICE96_LAD,344,139,356,149,344.0,139.5,357.0,150.5,0.875
NGCT89_SLICE97_LAD,348,138,356,148,348.0,138.0,356.5,149.0,0.3125
NGCT89_SLICE98_LAD,348,135,357,145,348.0,135.0,358.0,146.0,0.5
NGCT90_SLICE41_LAD,0,0,0,0,0.0,0.0,0.0,0.0,0.0
NGCT90_SLICE42_LAD,0,0,0,0,0.0,0.0,0.0,0.0,0.0
NGCT90_SLICE43_LAD,0,0,0,0,0.0,0.0,0.0,0.0,0.0
NGCT90_SLICE44_LAD,0,0,0,0,0.0,0.0,0.0,0.0,0.0
NGCT90_SLICE45_LAD,294,212,318,237,294.0,211.3333333333335,319.0,237.6666666666665,0.4722222222221022
NGCT90_SLICE46_LAD,302,205,324,235,302.0,205.0,325.0,236.6666666666665,0.9444444444442944
NGCT90_SLICE47_LAD,308,200,326,226,307.3333333333335,200.3333333333335,326.6666666666665,227.0,0.49999999999992895
NGCT90_SLICE48_LAD,321,196,334,210,320.0,195.3333333333335,335.6666666666665,212.3333333333335,2.4166666666666905
NGCT90_SLICE49_LAD,320,184,337,206,319.6666666666665,183.6666666666665,338.6666666666665,207.6666666666665,1.4444444444442235
NGCT90_SLICE50_LAD,331,187,337,199,330.6666666666665,187.3333333333335,338.0,200.3333333333335,0.7500000000001752
NGCT90_SLICE51_LAD,0,0,0,0,0.0,0.0,0.0,0.0,0.0
NGCT90_SLICE52_LAD,0,0,0,0,0.0,0.0,0.0,0.0,0.0
NGCT90_SLICE53_LAD,0,0,0,0,0.0,0.0,0.0,0.0,0.0
NGCT90_SLICE54_LAD,0,0,0,0,0.0,0.0,0.0,0.0,0.0
NGCT90_SLICE55_LAD,0,0,0,0,0.0,0.0,0.0,0.0,0.0
NGCT90_SLICE56_LAD,0,0,0,0,0.0,0.0,0.0,0.0,0.0
NGCT91_SLICE66_LAD,0,0,0,0,0.0,0.0,0.0,0.0,0.0
NGCT91_SLICE67_LAD,268,211,280,222,268.0,211.0,281.0,223.0,0.5
NGCT91_SLICE68_LAD,271,212,282,220,270.0,212.0,283.0,222.0,1.5
NGCT91_SLICE69_LAD,276,207,288,217,275.5,206.5,289.5,218.5,1.25
NGCT91_SLICE70_LAD,280,202,296,214,280.5,201.5,298.0,215.0,1.375
NGCT91_SLICE71_LAD,286,197,297,211,286.0,196.5,298.0,212.5,0.875
NGCT92_SLICE39_LAD,0,0,0,0,0.0,0.0,0.0,0.0,0.0
NGCT92_SLICE40_LAD,0,0,0,0,0.0,0.0,0.0,0.0,0.0
NGCT92_SLICE41_LAD,306,209,319,231,306.0,208.0,320.0,231.5,0.5625
NGCT92_SLICE42_LAD,307,211,319,228,307.0,211.0,320.0,229.0,0.5
NGCT92_SLICE43_LAD,307,197,319,202,307.0,196.0,320.5,203.0,1.0625
NGCT92_SLICE44_LAD,309,187,317,198,309.0,187.0,318.0,199.0,0.5
NGCT93_SLICE60_LAD,0,0,0,0,0.0,0.0,0.0,0.0,0.0
NGCT93_SLICE61_LAD,0,0,0,0,0.0,0.0,0.0,0.0,0.0
NGCT93_SLICE62_LAD,277,242,304,249,277.5,242.0,305.0,250.0,0.5625
NGCT93_SLICE63_LAD,287,231,313,246,287.0,230.0,314.0,247.5,1.0625
NGCT93_SLICE64_LAD,281,235,300,253,281.0,234.5,302.0,254.0,1.3125
NGCT93_SLICE65_LAD,288,236,298,249,288.0,236.0,298.5,250.5,0.625
NGCT94_SLICE61_LAD,0,0,0,0,0.0,0.0,0.0,0.0,0.0
NGCT94_SLICE62_LAD,283,175,318,236,282.6666666666665,175.3333333333335,318.6666666666665,237.3333333333335,0.6111111111112358
NGCT94_SLICE63_LAD,280,174,316,235,280.3333333333335,174.3333333333335,317.0,236.0,0.5555555555556109
NGCT94_SLICE64_LAD,0,0,0,0,0.0,0.0,0.0,0.0,0.0
NGCT94_SLICE65_LAD,0,0,0,0,0.0,0.0,0.0,0.0,0.0
NGCT94_SLICE66_LAD,0,0,0,0,0.0,0.0,0.0,0.0,0.0
NGCT94_SLICE67_LAD,0,0,0,0,0.0,0.0,0.0,0.0,0.0
NGCT94_SLICE68_LAD,0,0,0,0,0.0,0.0,0.0,0.0,0.0
NGCT94_SLICE69_LAD,0,0,0,0,0.0,0.0,0.0,0.0,0.0
NGCT94_SLICE70_LAD,0,0,0,0,0.0,0.0,0.0,0.0,0.0
NGCT94_SLICE71_LAD,0,0,0,0,0.0,0.0,0.0,0.0,0.0
NGCT94_SLICE72_LAD,0,0,0,0,0.0,0.0,0.0,0.0,0.0
NGCT94_SLICE73_LAD,0,0,0,0,0.0,0.0,0.0,0.0,0.0
NGCT94_SLICE74_LAD,0,0,0,0,0.0,0.0,0.0,0.0,0.0
NGCT94_SLICE75_LAD,0,0,0,0,0.0,0.0,0.0,0.0,0.0
NGCT94_SLICE76_LAD,0,0,0,0,0.0,0.0,0.0,0.0,0.0
NGCT95_SLICE62_LAD,0,0,0,0,0.0,0.0,0.0,0.0,0.0
NGCT95_SLICE63_LAD,0,0,0,0,0.0,0.0,0.0,0.0,0.0
NGCT95_SLICE64_LAD,0,0,0,0,0.0,0.0,0.0,0.0,0.0
NGCT95_SLICE65_LAD,0,0,0,0,0.0,0.0,0.0,0.0,0.0
NGCT95_SLICE66_LAD,299,138,357,199,298.6666666666665,137.6666666666665,358.6666666666665,200.3333333333335,1.1944444444444935
NGCT95_SLICE67_LAD,339,134,360,159,338.6666666666665,133.6666666666665,360.6666666666665,159.6666666666665,0.2777777777777225
NGCT95_SLICE68_LAD,347,132,362,151,347.6666666666665,132.3333333333335,363.3333333333335,151.3333333333335,0.6111111111112216
NGCT95_SLICE69_LAD,349,132,364,144,349.0,131.3333333333335,365.6666666666665,145.0,1.0555555555553693
NGCT95_SLICE70_LAD,357,131,365,136,356.6666666666665,130.3333333333335,366.6666666666665,137.6666666666665,1.5277777777774668
NGCT95_SLICE71_LAD,359,128,365,136,358.0,128.3333333333335,366.6666666666665,137.0,1.222222222222126
NGCT95_SLICE72_LAD,0,0,0,0,0.0,0.0,0.0,0.0,0.0
NGCT95_SLICE73_LAD,0,0,0,0,0.0,0.0,0.0,0.0,0.0
NGCT95_SLICE74_LAD,0,0,0,0,0.0,0.0,0.0,0.0,0.0
NGCT95_SLICE75_LAD,0,0,0,0,0.0,0.0,0.0,0.0,0.0
NGCT95_SLICE76_LAD,0,0,0,0,0.0,0.0,0.0,0.0,0.0
NGCT96_SLICE77_LAD,0,0,0,0,0.0,0.0,0.0,0.0,0.0
NGCT96_SLICE78_LAD,0,0,0,0,0.0,0.0,0.0,0.0,0.0
NGCT96_SLICE79_LAD,0,0,0,0,0.0,0.0,0.0,0.0,0.0
NGCT96_SLICE80_LAD,293,218,313,226,293.0,218.5,314.0,226.5,0.375
NGCT96_SLICE81_LAD,299,216,317,225,299.0,215.5,318.0,227.0,1.3125
NGCT96_SLICE82_LAD,308,216,322,224,308.5,216.0,323.5,225.0,0.875
NGCT97_SLICE60_LAD,0,0,0,0,0.0,0.0,0.0,0.0,0.0
NGCT97_SLICE61_LAD,304,209,333,226,304.0,209.0,334.5,227.5,1.125
NGCT97_SLICE62_LAD,322,203,343,220,322.0,203.0,344.0,221.0,0.5
NGCT97_SLICE63_LAD,324,209,335,218,323.5,209.0,336.0,219.5,0.875
NGCT97_SLICE64_LAD,0,0,0,0,0.0,0.0,0.0,0.0,0.0
NGCT97_SLICE65_LAD,0,0,0,0,0.0,0.0,0.0,0.0,0.0
NGCT99_SLICE46_LAD,0,0,0,0,0.0,0.0,0.0,0.0,0.0
NGCT99_SLICE47_LAD,0,0,0,0,0.0,0.0,0.0,0.0,0.0
NGCT99_SLICE48_LAD,0,0,0,0,0.0,0.0,0.0,0.0,0.0
NGCT99_SLICE49_LAD,294,188,317,212,294.3333333333335,187.6666666666665,318.6666666666665,213.0,0.999999999999929
NGCT99_SLICE50_LAD,293,185,315,213,293.0,185.6666666666665,316.3333333333335,213.3333333333335,0.5833333333334044
NGCT99_SLICE51_LAD,288,186,315,221,288.3333333333335,186.0,317.0,221.6666666666665,1.1388888888888542
NGCT99_SLICE52_LAD,293,180,320,201,293.0,179.6666666666665,321.6666666666665,202.3333333333335,1.1666666666666903
NGCT99_SLICE53_LAD,312,180,324,189,311.6666666666665,179.3333333333335,324.6666666666665,190.0,0.49999999999991473
NGCT99_SLICE54_LAD,299,175,318,190,298.0,175.3333333333335,319.3333333333335,190.6666666666665,0.8333333333334044
NGCT99_SLICE55_LAD,305,172,320,184,305.0,171.3333333333335,322.0,185.0,1.3611111111110512
NGCT99_SLICE56_LAD,0,0,0,0,0.0,0.0,0.0,0.0,0.0
NGCT99_SLICE57_LAD,293,161,309,172,292.3333333333335,160.3333333333335,310.3333333333335,172.6666666666665,0.7777777777777083
NGCT99_SLICE58_LAD,295,157,309,168,295.0,157.0,309.3333333333335,169.6666666666665,0.7222222222220974
NGCT99_SLICE59_LAD,297,157,307,165,296.3333333333335,156.3333333333335,307.3333333333335,165.6666666666665,0.36111111111096583
NGCT99_SLICE60_LAD,0,0,0,0,0.0,0.0,0.0,0.0,0.0
NGCT99_SLICE61_LAD,0,0,0,0,0.0,0.0,0.0,0.0,0.0
