NGCT,1,52,0,0,0,0
NGCT,1,53,0,0,0,0
NGCT,1,54,0,0,0,0
NGCT,1,55,0,0,0,0
NGCT,1,56,0,0,0,0
NGCT,1,57,0,0,0,0
NGCT,1,58,0,0,0,0
NGCT,1,59,0,0,0,0
NGCT,1,60,0,0,0,0
NGCT,1,61,521,389,562,417
NGCT,1,62,531,372,568,407
NGCT,1,63,535,343,577,406
NGCT,1,64,554,344,584,380
NGCT,1,65,548,336,583,380
NGCT,1,66,558,328,587,361
NGCT,1,67,568,319,588,349
NGCT,1,68,572,308,600,339
NGCT,1,69,573,311,598,330
NGCT,1,70,579,304,601,325
NGCT,1,71,570,295,603,313
NGCT,1,72,574,292,600,313
NGCT,1,73,559,275,594,302
NGCT,1,74,561,272,588,300
NGCT,1,75,564,278,586,292
NGCT,1,76,564,273,585,291
NGCT,1,77,565,274,583,287
NGCT,1,78,571,274,585,286
NGCT,1,79,570,267,590,287
NGCT,1,80,572,267,594,282
NGCT,1,81,565,265,589,280
NGCT,1,82,566,265,585,281
NGCT,1,83,564,273,591,282
NGCT,1,84,568,270,585,284
NGCT,1,85,566,275,587,292
NGCT,1,86,563,274,591,295
NGCT,1,87,575,273,588,290
NGCT,1,88,569,273,587,294
NGCT,1,89,0,0,0,0
NGCT,1,90,0,0,0,0
NGCT,1,91,0,0,0,0
NGCT,1,92,0,0,0,0
NGCT,1,93,0,0,0,0
NGCT,1,94,0,0,0,0
NGCT,3,40,0,0,0,0
NGCT,3,41,0,0,0,0
NGCT,3,42,0,0,0,0
NGCT,3,43,0,0,0,0
NGCT,3,44,0,0,0,0
NGCT,3,45,0,0,0,0
NGCT,3,46,604,410,640,441
NGCT,3,47,602,375,656,429
NGCT,3,48,639,356,680,399
NGCT,3,49,628,386,674,426
NGCT,3,50,0,0,0,0
NGCT,3,51,0,0,0,0
NGCT,3,52,0,0,0,0
NGCT,3,53,0,0,0,0
NGCT,4,71,0,0,0,0
NGCT,4,72,0,0,0,0
NGCT,4,73,0,0,0,0
NGCT,4,74,0,0,0,0
NGCT,4,75,589,470,616,487
NGCT,4,76,594,437,635,482
NGCT,4,77,610,418,642,462
NGCT,4,78,0,0,0,0
NGCT,4,79,0,0,0,0
NGCT,4,80,0,0,0,0
NGCT,4,81,0,0,0,0
NGCT,4,82,0,0,0,0
NGCT,4,83,0,0,0,0
NGCT,4,84,0,0,0,0
NGCT,5,50,0,0,0,0
NGCT,5,51,613,548,654,563
NGCT,5,52,648,538,671,556
NGCT,5,53,652,511,671,536
NGCT,5,54,651,498,692,539
NGCT,5,55,672,482,699,507
NGCT,5,56,683,458,709,476
NGCT,5,57,0,0,0,0
NGCT,5,58,698,430,718,445
NGCT,5,59,0,0,0,0
NGCT,5,60,0,0,0,0
NGCT,5,61,0,0,0,0
NGCT,5,62,0,0,0,0
NGCT,5,63,0,0,0,0
NGCT,6,46,562.666666666667,448.666666666667,600,493.333333333333
NGCT,6,47,563.333333333333,434,607.333333333333,477.333333333333
NGCT,6,48,574,394.666666666667,640.666666666667,463.333333333333
NGCT,6,49,604,351.333333333333,650,425.333333333333
NGCT,6,50,616,344.666666666667,652,408
NGCT,6,51,628,336.666666666667,650.666666666667,374.666666666667
NGCT,6,52,0,0,0,0
NGCT,6,53,0,0,0,0
NGCT,6,54,0,0,0,0
NGCT,6,55,0,0,0,0
NGCT,6,56,0,0,0,0
NGCT,6,57,0,0,0,0
NGCT,6,58,0,0,0,0
NGCT,6,59,0,0,0,0
NGCT,7,83,0,0,0,0
NGCT,7,84,0,0,0,0
NGCT,7,85,579,481,613,507
NGCT,7,86,577,463,623,506
NGCT,7,87,589,448,626,503
NGCT,7,88,592,444,635,491
NGCT,7,89,0,0,0,0
NGCT,7,90,0,0,0,0
NGCT,7,91,0,0,0,0
NGCT,7,92,0,0,0,0
NGCT,7,93,0,0,0,0
NGCT,7,94,0,0,0,0
NGCT,7,95,0,0,0,0
NGCT,7,96,0,0,0,0
NGCT,9,69,0,0,0,0
NGCT,9,70,0,0,0,0
NGCT,9,71,585,514,610,543
NGCT,9,72,587,492,636,530
NGCT,9,73,591,489,641,526
NGCT,9,74,589,473,659,522
NGCT,9,75,609,477,665,514
NGCT,9,76,629,447,683,498
NGCT,9,77,636,432,691,492
NGCT,9,78,0,0,0,0
NGCT,9,79,0,0,0,0
NGCT,9,80,0,0,0,0
NGCT,9,81,0,0,0,0
NGCT,9,82,0,0,0,0
NGCT,10,73,0,0,0,0
NGCT,10,74,0,0,0,0
NGCT,10,75,0,0,0,0
NGCT,10,76,564,466,613,488
NGCT,10,77,598,454,618,467
NGCT,10,78,605,439,626,467
NGCT,10,79,605,429,632,458
NGCT,10,80,612,428,635,452
NGCT,10,81,610,419,638,454
NGCT,10,82,621,418,647,440
NGCT,10,83,628,401,654,435
NGCT,10,84,624,401,656,436
NGCT,10,85,626,375,640,393
NGCT,10,86,622,367,640,385
NGCT,10,87,623,362,639,381
NGCT,10,88,621,361,640,376
NGCT,10,89,614,353,634,370
NGCT,10,90,0,0,0,0
NGCT,10,91,615,345,639,356
NGCT,10,92,0,0,0,0
NGCT,10,93,0,0,0,0
NGCT,10,94,0,0,0,0
NGCT,10,95,0,0,0,0
NGCT,10,96,0,0,0,0
NGCT,12,55,0,0,0,0
NGCT,12,56,0,0,0,0
NGCT,12,57,601,469,675,499
NGCT,12,58,641,457,691,484
NGCT,12,59,639,448,678,480
NGCT,12,60,0,0,0,0
NGCT,12,61,0,0,0,0
NGCT,12,62,0,0,0,0
NGCT,12,63,626,576,645,607
NGCT,12,64,0,0,0,0
NGCT,12,65,0,0,0,0
NGCT,12,66,0,0,0,0
NGCT,12,67,0,0,0,0
NGCT,12,68,0,0,0,0
NGCT,13,50,0,0,0,0
NGCT,13,51,0,0,0,0
NGCT,13,52,549,554,597,588
NGCT,13,53,559,558,617,585
NGCT,13,54,598,472,643,546
NGCT,13,55,616,479,643,511
NGCT,13,56,627,478,649,497
NGCT,13,57,622,447,645,464
NGCT,13,58,617,443,650,468
NGCT,13,59,617,441,644,457
NGCT,13,60,628,441,649,453
NGCT,13,61,0,0,0,0
NGCT,13,62,0,0,0,0
NGCT,13,63,0,0,0,0
NGCT,13,64,0,0,0,0
NGCT,13,65,0,0,0,0
NGCT,13,66,0,0,0,0
NGCT,13,67,0,0,0,0
NGCT,13,68,0,0,0,0
NGCT,13,69,0,0,0,0
NGCT,13,70,0,0,0,0
NGCT,13,71,0,0,0,0
NGCT,13,72,0,0,0,0
NGCT,13,73,0,0,0,0
NGCT,14,54,577,478,626,504
NGCT,14,55,584,472,634,499
NGCT,14,56,620,456,661,481
NGCT,14,57,638,448,677,469
NGCT,14,58,646,448,672,464
NGCT,14,59,668,437,693,454
NGCT,14,60,676,419,707,447
NGCT,14,61,0,0,0,0
NGCT,14,62,0,0,0,0
NGCT,14,63,0,0,0,0
NGCT,14,64,0,0,0,0
NGCT,14,65,0,0,0,0
NGCT,14,66,0,0,0,0
NGCT,14,67,0,0,0,0
NGCT,15,36,0,0,0,0
NGCT,15,37,649,477,684,507
NGCT,15,38,609,457,662,507
NGCT,15,39,610,465,665,503
NGCT,15,40,620,452,659,468
NGCT,15,41,658,404,672,418
NGCT,15,42,663,379,689,398
NGCT,15,43,686,374,709,394
NGCT,15,44,677,359,700,374
NGCT,15,45,0,0,0,0
NGCT,15,46,0,0,0,0
NGCT,15,47,0,0,0,0
NGCT,15,48,0,0,0,0
NGCT,15,49,0,0,0,0
NGCT,18,48,0,0,0,0
NGCT,18,49,0,0,0,0
NGCT,18,50,0,0,0,0
NGCT,18,51,0,0,0,0
NGCT,18,52,620,467,649,502
NGCT,18,53,0,0,0,0
NGCT,18,54,636,435,693,470
NGCT,18,55,661,419,701,454
NGCT,18,56,676,405,707,435
NGCT,18,57,688,403,705,425
NGCT,18,58,0,0,0,0
NGCT,18,59,0,0,0,0
NGCT,18,60,0,0,0,0
NGCT,18,61,0,0,0,0
NGCT,19,68,572,412,631,464
NGCT,19,69,576,420,621,459
NGCT,19,70,587,402,646,449
NGCT,19,71,612,390,651,433
NGCT,19,72,617,364,659,428
NGCT,19,73,622,365,661,415
NGCT,19,74,631,375,663,403
NGCT,19,75,641,344,658,369
NGCT,19,76,640,344,663,362
NGCT,19,77,643,344,667,359
NGCT,19,78,647,342,678,358
NGCT,19,79,656,327,680,355
NGCT,19,80,659,331,678,346
NGCT,19,81,662,322,673,343
NGCT,19,82,658,315,679,344
NGCT,19,83,656,314,680,341
NGCT,19,84,0,0,0,0
NGCT,19,85,658,304,675,322
NGCT,19,86,0,0,0,0
NGCT,19,87,0,0,0,0
NGCT,19,88,0,0,0,0
NGCT,19,89,0,0,0,0
NGCT,19,90,0,0,0,0
NGCT,19,91,0,0,0,0
NGCT,22,63,0,0,0,0
NGCT,22,64,645,459,695,478
NGCT,22,65,680,456,708,471
NGCT,22,66,684,447,712,469
NGCT,22,67,697,428,718,464
NGCT,22,68,704,428,725,444
NGCT,22,69,723,402,734,423
NGCT,22,70,723,388,736,407
NGCT,22,71,733,372,748,394
NGCT,22,72,0,0,0,0
NGCT,22,73,0,0,0,0
NGCT,22,74,0,0,0,0
NGCT,22,75,0,0,0,0
NGCT,22,76,0,0,0,0
NGCT,23,64,0,0,0,0
NGCT,23,65,0,0,0,0
NGCT,23,66,0,0,0,0
NGCT,23,67,612,502,640,515
NGCT,23,68,612,498,656,519
NGCT,23,69,597,490,674,518
NGCT,23,70,636,474,699,516
NGCT,23,71,642,462,719,511
NGCT,23,72,665,464,720,504
NGCT,23,73,686,450,734,498
NGCT,23,74,713,440,740,470
NGCT,23,75,719,425,748,466
NGCT,23,76,731,412,758,444
NGCT,23,77,737,408,761,437
NGCT,23,78,740,404,764,432
NGCT,23,79,740,396,761,432
NGCT,23,80,0,0,0,0
NGCT,23,81,0,0,0,0
NGCT,23,82,0,0,0,0
NGCT,23,83,0,0,0,0
NGCT,23,84,0,0,0,0
NGCT,23,85,0,0,0,0
NGCT,23,86,0,0,0,0
NGCT,23,87,0,0,0,0
NGCT,24,59,0,0,0,0
NGCT,24,60,0,0,0,0
NGCT,24,61,0,0,0,0
NGCT,24,62,0,0,0,0
NGCT,24,63,0,0,0,0
NGCT,24,64,0,0,0,0
NGCT,24,65,0,0,0,0
NGCT,24,66,0,0,0,0
NGCT,24,67,0,0,0,0
NGCT,24,68,608,532,664,550
NGCT,24,69,616,522,692,552
NGCT,24,70,616.666666666667,512.666666666667,704,556
NGCT,24,71,625.333333333333,507.333333333333,712.666666666667,558
NGCT,24,72,656,512,722,558
NGCT,24,73,681.333333333333,514,724.666666666667,534.666666666667
NGCT,24,74,702,500,738.666666666667,534.666666666667
NGCT,24,75,715.333333333333,496.666666666667,740.666666666667,522.666666666667
NGCT,24,76,716.666666666667,496,742.666666666667,514.666666666667
NGCT,24,77,727.333333333333,484.666666666667,745.333333333333,508
NGCT,24,78,0,0,0,0
NGCT,24,79,0,0,0,0
NGCT,24,80,0,0,0,0
NGCT,24,81,0,0,0,0
NGCT,24,82,0,0,0,0
NGCT,26,51,0,0,0,0
NGCT,26,52,0,0,0,0
NGCT,26,53,0,0,0,0
NGCT,26,54,542.666666666667,413.333333333333,576.666666666667,445.333333333333
NGCT,26,55,546.666666666667,397.333333333333,588.666666666667,440.666666666667
NGCT,26,56,552.666666666667,374.666666666667,602,440
NGCT,26,57,563.333333333333,355.333333333333,636.666666666667,414.666666666667
NGCT,26,58,564.666666666667,344.666666666667,640.666666666667,404.666666666667
NGCT,26,59,576,333.333333333333,610.666666666667,392.666666666667
NGCT,26,60,590.666666666667,330,610,352
NGCT,26,61,589.333333333333,322.666666666667,608.666666666667,344.666666666667
NGCT,26,62,589.333333333333,318.666666666667,610,338
NGCT,26,63,591.333333333333,312.666666666667,610.666666666667,332
NGCT,26,64,598,296.666666666667,623.333333333333,326.666666666667
NGCT,26,65,601.333333333333,287.333333333333,630.666666666667,320
NGCT,26,66,614,280,635.333333333333,301.333333333333
NGCT,26,67,617.333333333333,277.333333333333,634.666666666667,294
NGCT,26,68,617.333333333333,274,636.666666666667,290.666666666667
NGCT,26,69,609.333333333333,270.666666666667,636.666666666667,288.666666666667
NGCT,26,70,614,267.333333333333,634,288
NGCT,26,71,613.333333333333,266,637.333333333333,286.666666666667
NGCT,26,72,617.333333333333,264,639.333333333333,284
NGCT,26,73,619.333333333333,264,636.666666666667,281.333333333333
NGCT,26,74,622.666666666667,262,639.333333333333,282
NGCT,26,75,624,268,640,282
NGCT,26,76,0,0,0,0
NGCT,26,77,0,0,0,0
NGCT,26,78,0,0,0,0
NGCT,26,79,0,0,0,0
NGCT,26,80,0,0,0,0
NGCT,26,81,0,0,0,0
NGCT,26,82,0,0,0,0
NGCT,26,83,0,0,0,0
NGCT,26,84,0,0,0,0
NGCT,27,77,0,0,0,0
NGCT,27,78,0,0,0,0
NGCT,27,79,0,0,0,0
NGCT,27,80,0,0,0,0
NGCT,27,81,0,0,0,0
NGCT,27,82,0,0,0,0
NGCT,27,83,660,434,685,463
NGCT,27,84,644,446,659,460
NGCT,27,85,656,416,682,454
NGCT,27,86,656,414,681,449
NGCT,27,87,666,405,682,430
NGCT,27,88,663,412,703,433
NGCT,27,89,670,399,690,415
NGCT,27,90,670,398,694,412
NGCT,27,91,666,396,693,414
NGCT,27,92,675,396,691,403
NGCT,27,93,678,390,700,404
NGCT,27,94,0,0,0,0
NGCT,27,95,0,0,0,0
NGCT,27,96,0,0,0,0
NGCT,27,97,0,0,0,0
NGCT,27,98,0,0,0,0
NGCT,27,99,0,0,0,0
NGCT,27,100,0,0,0,0
NGCT,28,50,0,0,0,0
NGCT,28,51,0,0,0,0
NGCT,28,52,0,0,0,0
NGCT,28,53,577,462,590,471
NGCT,28,54,576,459,593,474
NGCT,28,55,0,0,0,0
NGCT,28,56,614,462,637,483
NGCT,28,57,615,444,654,470
NGCT,28,58,629,437,663,466
NGCT,28,59,639,420,677,458
NGCT,28,60,658,410,685,435
NGCT,28,61,668,402,688,431
NGCT,28,62,672,397,693,425
NGCT,28,63,676,391,692,418
NGCT,28,64,692,382,705,398
NGCT,28,65,0,0,0,0
NGCT,28,66,0,0,0,0
NGCT,28,67,0,0,0,0
NGCT,28,68,0,0,0,0
NGCT,28,69,0,0,0,0
NGCT,28,70,0,0,0,0
NGCT,28,71,0,0,0,0
NGCT,28,72,0,0,0,0
NGCT,28,73,0,0,0,0
NGCT,29,55,0,0,0,0
NGCT,29,56,0,0,0,0
NGCT,29,57,624,451,648,471
NGCT,29,58,629,441,658,466
NGCT,29,59,640,441,672,459
NGCT,29,60,661,414,686,438
NGCT,29,61,668,404,692,430
NGCT,29,62,674,396,694,420
NGCT,29,63,678,391,692,415
NGCT,29,64,0,0,0,0
NGCT,29,65,0,0,0,0
NGCT,29,66,0,0,0,0
NGCT,29,67,0,0,0,0
NGCT,29,68,0,0,0,0
NGCT,30,58,0,0,0,0
NGCT,30,59,0,0,0,0
NGCT,30,60,0,0,0,0
NGCT,30,61,0,0,0,0
NGCT,30,62,0,0,0,0
NGCT,30,63,0,0,0,0
NGCT,30,64,0,0,0,0
NGCT,30,65,557.333333333333,476,590,497.333333333333
NGCT,30,66,553.333333333333,472.666666666667,589.333333333333,498
NGCT,30,67,564,462.666666666667,583.333333333333,479.333333333333
NGCT,30,68,566,455.333333333333,594.666666666667,481.333333333333
NGCT,30,69,575.333333333333,450.666666666667,603.333333333333,474.666666666667
NGCT,30,70,578.666666666667,444.666666666667,613.333333333333,471.333333333333
NGCT,30,71,584.666666666667,422,641.333333333333,473.333333333333
NGCT,30,72,592.666666666667,383.333333333333,650,468
NGCT,30,73,617.333333333333,371.333333333333,655.333333333333,442
NGCT,30,74,622.666666666667,364.666666666667,656.666666666667,434.666666666667
NGCT,30,75,634,357.333333333333,658.666666666667,385.333333333333
NGCT,30,76,636.666666666667,357.333333333333,662,383.333333333333
NGCT,30,77,638.666666666667,352,659.333333333333,382
NGCT,30,78,636.666666666667,349.333333333333,661.333333333333,374.666666666667
NGCT,30,79,640.666666666667,345.333333333333,664,364.666666666667
NGCT,30,80,641.333333333333,330.666666666667,666.666666666667,367.333333333333
NGCT,30,81,618.666666666667,316,656,340
NGCT,30,82,619.333333333333,314.666666666667,642,335.333333333333
NGCT,30,83,618,306,640.666666666667,329.333333333333
NGCT,30,84,620.666666666667,303.333333333333,644.666666666667,320
NGCT,30,85,629.333333333333,302.666666666667,656,325.333333333333
NGCT,30,86,0,0,0,0
NGCT,30,87,0,0,0,0
NGCT,30,88,0,0,0,0
NGCT,30,89,0,0,0,0
NGCT,30,90,0,0,0,0
NGCT,30,91,0,0,0,0
NGCT,31,63,628.666666666667,421.333333333333,662.666666666667,462.666666666667
NGCT,31,64,630.666666666667,416.666666666667,663.333333333333,459.333333333333
NGCT,31,65,640,421.333333333333,666,450.666666666667
NGCT,31,66,637.333333333333,397.333333333333,672,441.333333333333
NGCT,31,67,644,396,680,454
NGCT,31,68,644,403.333333333333,679.333333333333,458
NGCT,31,69,642.666666666667,417.333333333333,681.333333333333,462.666666666667
NGCT,31,70,661.333333333333,380,704.666666666667,422.666666666667
NGCT,31,71,666,369.333333333333,726,418.666666666667
NGCT,31,72,676.666666666667,367.333333333333,706,398
NGCT,31,73,690.666666666667,350,712.666666666667,371.333333333333
NGCT,31,74,712.666666666667,360,732.666666666667,383.333333333333
NGCT,31,75,710,336.666666666667,731.333333333333,366.666666666667
NGCT,31,76,708,308.666666666667,727.333333333333,330
NGCT,31,77,704,311.333333333333,724.666666666667,326.666666666667
NGCT,31,78,706.666666666667,306,723.333333333333,323.333333333333
NGCT,31,79,710.666666666667,301.333333333333,725.333333333333,318
NGCT,31,80,0,0,0,0
NGCT,31,81,0,0,0,0
NGCT,31,82,0,0,0,0
NGCT,31,83,0,0,0,0
NGCT,31,84,0,0,0,0
NGCT,31,85,0,0,0,0
NGCT,31,86,0,0,0,0
NGCT,32,59,634,379,690,442
NGCT,32,60,636,374,692,436
NGCT,32,61,640,370,696,437
NGCT,32,62,674,368,697,394
NGCT,32,63,660,368,691,383
NGCT,32,64,693,366,711,380
NGCT,32,65,673,350,699,361
NGCT,32,66,683,344,705,358
NGCT,32,67,0,0,0,0
NGCT,32,68,0,0,0,0
NGCT,32,69,0,0,0,0
NGCT,32,70,0,0,0,0
NGCT,32,71,0,0,0,0
NGCT,32,72,0,0,0,0
NGCT,33,52,0,0,0,0
NGCT,33,53,0,0,0,0
NGCT,33,54,626.666666666667,400,686.666666666667,439.333333333333
NGCT,33,55,614,397.333333333333,700.666666666667,445.333333333333
NGCT,33,56,640.666666666667,400,686.666666666667,435.333333333333
NGCT,33,57,658,407.333333333333,692.666666666667,438.666666666667
NGCT,33,58,0,0,0,0
NGCT,33,59,0,0,0,0
NGCT,33,60,0,0,0,0
NGCT,33,61,0,0,0,0
NGCT,33,62,0,0,0,0
NGCT,33,63,0,0,0,0
NGCT,33,64,0,0,0,0
NGCT,33,65,0,0,0,0
NGCT,33,66,0,0,0,0
NGCT,33,67,0,0,0,0
NGCT,33,68,0,0,0,0
NGCT,33,69,0,0,0,0
NGCT,33,70,0,0,0,0
NGCT,33,71,0,0,0,0
NGCT,33,72,0,0,0,0
NGCT,33,73,0,0,0,0
NGCT,33,74,0,0,0,0
NGCT,33,75,0,0,0,0
NGCT,34,70,0,0,0,0
NGCT,34,71,0,0,0,0
NGCT,34,72,0,0,0,0
NGCT,34,73,0,0,0,0
NGCT,34,74,567,409,584,425
NGCT,34,75,554,404,590,430
NGCT,34,76,558,399,596,430
NGCT,34,77,569,390,602,422
NGCT,34,78,575,386,610,419
NGCT,34,79,590,370,617,404
NGCT,34,80,596,364,617,399
NGCT,34,81,600,350,628,384
NGCT,34,82,610,345,628,364
NGCT,34,83,604,336,636,358
NGCT,34,84,612,321,631,347
NGCT,34,85,0,0,0,0
NGCT,34,86,615,304,630,319
NGCT,34,87,611,298,628,315
NGCT,34,88,612,299,632,310
NGCT,34,89,606,289,630,306
NGCT,34,90,608,292,629,306
NGCT,34,91,0,0,0,0
NGCT,34,92,0,0,0,0
NGCT,34,93,0,0,0,0
NGCT,34,94,0,0,0,0
NGCT,34,95,0,0,0,0
NGCT,34,96,0,0,0,0
NGCT,34,97,0,0,0,0
NGCT,34,98,0,0,0,0
NGCT,34,99,0,0,0,0
NGCT,34,100,0,0,0,0
NGCT,34,101,0,0,0,0
NGCT,34,102,0,0,0,0
NGCT,34,103,0,0,0,0
NGCT,35,60,0,0,0,0
NGCT,35,61,0,0,0,0
NGCT,35,62,555,380,611,420
NGCT,35,63,570,384,600,407
NGCT,35,64,604,379,630,396
NGCT,35,65,633,351,651,368
NGCT,35,66,0,0,0,0
NGCT,35,67,0,0,0,0
NGCT,35,68,0,0,0,0
NGCT,35,69,0,0,0,0
NGCT,35,70,0,0,0,0
NGCT,35,71,0,0,0,0
NGCT,35,72,0,0,0,0
NGCT,35,73,0,0,0,0
NGCT,37,55,0,0,0,0
NGCT,37,56,0,0,0,0
NGCT,37,57,0,0,0,0
NGCT,37,58,0,0,0,0
NGCT,37,59,0,0,0,0
NGCT,37,60,0,0,0,0
NGCT,37,61,0,0,0,0
NGCT,37,62,0,0,0,0
NGCT,37,63,561.333333333333,408.666666666667,596.666666666667,428.666666666667
NGCT,37,64,564,406.666666666667,594,427.333333333333
NGCT,37,65,585.333333333333,396,617.333333333333,415.333333333333
NGCT,37,66,585.333333333333,392.666666666667,624,415.333333333333
NGCT,37,67,573.333333333333,397.333333333333,623.333333333333,418
NGCT,37,68,580,400.666666666667,620.666666666667,416.666666666667
NGCT,37,69,608.666666666667,392.666666666667,645.333333333333,414
NGCT,37,70,606.666666666667,368.666666666667,653.333333333333,414.666666666667
NGCT,37,71,608,376,655.333333333333,414.666666666667
NGCT,37,72,625.333333333333,370,668.666666666667,408
NGCT,37,73,626,361.333333333333,676,418.666666666667
NGCT,37,74,624.666666666667,348,677.333333333333,422
NGCT,37,75,650.666666666667,342,681.333333333333,381.333333333333
NGCT,37,76,664.666666666667,336.666666666667,685.333333333333,363.333333333333
NGCT,37,77,665.333333333333,324,685.333333333333,349.333333333333
NGCT,37,78,674.666666666667,305.333333333333,694,322.666666666667
NGCT,37,79,684,300.666666666667,698,320.666666666667
NGCT,37,80,0,0,0,0
NGCT,37,81,0,0,0,0
NGCT,37,82,0,0,0,0
NGCT,37,83,0,0,0,0
NGCT,37,84,0,0,0,0
NGCT,37,85,0,0,0,0
NGCT,37,86,0,0,0,0
NGCT,37,87,0,0,0,0
NGCT,37,88,0,0,0,0
NGCT,38,56,0,0,0,0
NGCT,38,57,0,0,0,0
NGCT,38,58,619.333333333333,570.666666666667,651.333333333333,590.666666666667
NGCT,38,59,618.666666666667,561.333333333333,672,596.666666666667
NGCT,38,60,632.666666666667,556.666666666667,679.333333333333,596
NGCT,38,61,651.333333333333,546.666666666667,695.333333333333,590.666666666667
NGCT,38,62,663.333333333333,534,717.333333333333,576
NGCT,38,63,694,520,729.333333333333,550.666666666667
NGCT,38,64,702,516,739.333333333333,553.333333333333
NGCT,38,65,707.333333333333,512.666666666667,745.333333333333,538
NGCT,38,66,709.333333333333,500,736.666666666667,534
NGCT,38,67,730.666666666667,502.666666666667,750,532.666666666667
NGCT,38,68,0,0,0,0
NGCT,38,69,0,0,0,0
NGCT,38,70,0,0,0,0
NGCT,38,71,0,0,0,0
NGCT,38,72,0,0,0,0
NGCT,38,73,0,0,0,0
NGCT,38,74,0,0,0,0
NGCT,42,56,0,0,0,0
NGCT,42,57,0,0,0,0
NGCT,42,58,0,0,0,0
NGCT,42,59,0,0,0,0
NGCT,42,60,0,0,0,0
NGCT,42,61,568.666666666667,456.666666666667,620,481.333333333333
NGCT,42,62,582.666666666667,439.333333333333,626.666666666667,480
NGCT,42,63,605.333333333333,428,642,468.666666666667
NGCT,42,64,616.666666666667,418.666666666667,646,456.666666666667
NGCT,42,65,622,410,648,442.666666666667
NGCT,42,66,624,392,648,430
NGCT,42,67,627.333333333333,380,650.666666666667,416
NGCT,42,68,632,370.666666666667,654,402.666666666667
NGCT,42,69,641.333333333333,361.333333333333,659.333333333333,391.333333333333
NGCT,42,70,645.333333333333,356.666666666667,662.666666666667,381.333333333333
NGCT,42,71,0,0,0,0
NGCT,42,72,0,0,0,0
NGCT,42,73,0,0,0,0
NGCT,42,74,0,0,0,0
NGCT,43,41,0,0,0,0
NGCT,43,42,0,0,0,0
NGCT,43,43,0,0,0,0
NGCT,43,44,564,328,622,390
NGCT,43,45,562,319.333333333333,634.666666666667,396.666666666667
NGCT,43,46,553.333333333333,308,624,456.666666666667
NGCT,43,47,547.333333333333,306.666666666667,617.333333333333,465.333333333333
NGCT,43,48,548.666666666667,378.666666666667,581.333333333333,440.666666666667
NGCT,43,49,0,0,0,0
NGCT,43,50,0,0,0,0
NGCT,43,51,0,0,0,0
NGCT,43,52,0,0,0,0
NGCT,43,53,0,0,0,0
NGCT,43,54,0,0,0,0
NGCT,46,59,0,0,0,0
NGCT,46,60,0,0,0,0
NGCT,46,61,0,0,0,0
NGCT,46,62,0,0,0,0
NGCT,46,63,602,496,628,517
NGCT,46,64,0,0,0,0
NGCT,46,65,0,0,0,0
NGCT,46,66,613,488,636,505
NGCT,46,67,617,449,662,481
NGCT,46,68,624,442,672,478
NGCT,46,69,640,430,678,470
NGCT,46,70,642,432,683,470
NGCT,46,71,672,406,687,421
NGCT,46,72,668,386,685,406
NGCT,46,73,668,373,684,392
NGCT,46,74,666,362,680,383
NGCT,46,75,0,0,0,0
NGCT,46,76,0,0,0,0
NGCT,46,77,0,0,0,0
NGCT,46,78,0,0,0,0
NGCT,46,79,0,0,0,0
NGCT,46,80,0,0,0,0
NGCT,46,81,0,0,0,0
NGCT,46,82,0,0,0,0
NGCT,47,58,608,422,628,443
NGCT,47,59,619,403,644,432
NGCT,47,60,632,391,646,410
NGCT,47,61,0,0,0,0
NGCT,47,62,0,0,0,0
NGCT,47,63,0,0,0,0
NGCT,47,64,0,0,0,0
NGCT,47,65,0,0,0,0
NGCT,47,66,0,0,0,0
NGCT,47,67,0,0,0,0
NGCT,47,68,0,0,0,0
NGCT,47,69,0,0,0,0
NGCT,47,70,0,0,0,0
NGCT,47,71,0,0,0,0
NGCT,48,51,0,0,0,0
NGCT,48,52,0,0,0,0
NGCT,48,53,0,0,0,0
NGCT,48,54,548,460,610,495
NGCT,48,55,550,448,625,490
NGCT,48,56,583,452,622,479
NGCT,48,57,0,0,0,0
NGCT,48,58,0,0,0,0
NGCT,48,59,0,0,0,0
NGCT,48,60,0,0,0,0
NGCT,48,61,0,0,0,0
NGCT,48,62,0,0,0,0
NGCT,48,63,0,0,0,0
NGCT,48,64,0,0,0,0
NGCT,49,45,0,0,0,0
NGCT,49,46,0,0,0,0
NGCT,49,47,0,0,0,0
NGCT,49,48,607,389,638,418
NGCT,49,49,602,407,622,436
NGCT,49,50,0,0,0,0
NGCT,49,51,0,0,0,0
NGCT,49,52,0,0,0,0
NGCT,49,53,0,0,0,0
NGCT,49,54,0,0,0,0
NGCT,49,55,0,0,0,0
NGCT,49,56,0,0,0,0
NGCT,49,57,0,0,0,0
NGCT,49,58,0,0,0,0
NGCT,50,66,0,0,0,0
NGCT,50,67,0,0,0,0
NGCT,50,68,0,0,0,0
NGCT,50,69,0,0,0,0
NGCT,50,70,0,0,0,0
NGCT,50,71,610.666666666667,490.666666666667,641.333333333333,518
NGCT,50,72,624.666666666667,454.666666666667,684,509.333333333333
NGCT,50,73,638.666666666667,430,701.333333333333,502
NGCT,50,74,654.666666666667,412.666666666667,704,464.666666666667
NGCT,50,75,678.666666666667,404,713.333333333333,430.666666666667
NGCT,50,76,680.666666666667,399.333333333333,711.333333333333,423.333333333333
NGCT,50,77,686.666666666667,396.666666666667,704.666666666667,418
NGCT,50,78,686,393.333333333333,712,415.333333333333
NGCT,50,79,687.333333333333,390,714,416
NGCT,50,80,691.333333333333,385.333333333333,709.333333333333,406.666666666667
NGCT,50,81,0,0,0,0
NGCT,50,82,0,0,0,0
NGCT,50,83,0,0,0,0
NGCT,50,84,0,0,0,0
NGCT,50,85,0,0,0,0
NGCT,50,86,0,0,0,0
NGCT,50,87,0,0,0,0
NGCT,50,88,0,0,0,0
NGCT,50,89,0,0,0,0
NGCT,51,58,0,0,0,0
NGCT,51,59,0,0,0,0
NGCT,51,60,0,0,0,0
NGCT,51,61,0,0,0,0
NGCT,51,62,0,0,0,0
NGCT,51,63,605,424,637,462
NGCT,51,64,614,431,638,453
NGCT,51,65,625,398,645,420
NGCT,51,66,630,383,649,420
NGCT,51,67,0,0,0,0
NGCT,51,68,0,0,0,0
NGCT,51,69,0,0,0,0
NGCT,51,70,0,0,0,0
NGCT,51,71,0,0,0,0
NGCT,52,74,0,0,0,0
NGCT,52,75,643,437,674,464
NGCT,52,76,634,444,666,473
NGCT,52,77,644,432,680,459
NGCT,52,78,0,0,0,0
NGCT,52,79,657,424,691,452
NGCT,52,80,668,416,694,443
NGCT,52,81,674,415,694,434
NGCT,52,82,680,406,698,423
NGCT,52,83,676,402,701,424
NGCT,52,84,0,0,0,0
NGCT,52,85,0,0,0,0
NGCT,52,86,0,0,0,0
NGCT,52,87,0,0,0,0
NGCT,53,53,672,424,726,465
NGCT,53,54,642,414,726,477
NGCT,53,55,646,408,735,469
NGCT,53,56,699,398,733,438
NGCT,53,57,0,0,0,0
NGCT,53,58,0,0,0,0
NGCT,53,59,0,0,0,0
NGCT,53,60,0,0,0,0
NGCT,53,61,0,0,0,0
NGCT,53,62,0,0,0,0
NGCT,53,63,0,0,0,0
NGCT,53,64,0,0,0,0
NGCT,53,65,0,0,0,0
NGCT,54,79,0,0,0,0
NGCT,54,80,630,504,684,538
NGCT,54,81,636,504,680,530
NGCT,54,82,634,498,684,527
NGCT,54,83,670,492,701,523
NGCT,54,84,677,489,705,510
NGCT,54,85,690,481,712,502
NGCT,54,86,692,490,708,514
NGCT,54,87,704,478,717,495
NGCT,54,88,0,0,0,0
NGCT,54,89,0,0,0,0
NGCT,54,90,0,0,0,0
NGCT,54,91,0,0,0,0
NGCT,54,92,0,0,0,0
NGCT,55,78,0,0,0,0
NGCT,55,79,0,0,0,0
NGCT,55,80,554,435,575,450
NGCT,55,81,554,431,574,451
NGCT,55,82,562,430,583,450
NGCT,55,83,567,430,589,450
NGCT,55,84,573,423,598,444
NGCT,55,85,579,417,596,443
NGCT,55,86,586,414,606,434
NGCT,55,87,592,407,609,424
NGCT,55,88,592,400,610,416
NGCT,55,89,604,390,619,410
NGCT,55,90,0,0,0,0
NGCT,55,91,0,0,0,0
NGCT,55,92,0,0,0,0
NGCT,55,93,0,0,0,0
NGCT,55,94,0,0,0,0
NGCT,55,95,0,0,0,0
NGCT,55,96,0,0,0,0
NGCT,55,97,0,0,0,0
NGCT,55,98,0,0,0,0
NGCT,55,99,0,0,0,0
NGCT,55,100,0,0,0,0
NGCT,56,60,0,0,0,0
NGCT,56,61,0,0,0,0
NGCT,56,62,616,437,654,487
NGCT,56,63,608,436,652,504
NGCT,56,64,632,430,655,461
NGCT,56,65,640,436,659,456
NGCT,56,66,643,426,669,452
NGCT,56,67,0,0,0,0
NGCT,56,68,0,0,0,0
NGCT,56,69,0,0,0,0
NGCT,56,70,0,0,0,0
NGCT,56,71,0,0,0,0
NGCT,56,72,0,0,0,0
NGCT,56,73,0,0,0,0
NGCT,57,51,0,0,0,0
NGCT,57,52,0,0,0,0
NGCT,57,53,0,0,0,0
NGCT,57,54,586.666666666667,395.333333333333,646.666666666667,433.333333333333
NGCT,57,55,604,366.666666666667,700,422.666666666667
NGCT,57,56,614.666666666667,364,708.666666666667,418.666666666667
NGCT,57,57,690.666666666667,347.333333333333,732.666666666667,380.666666666667
NGCT,57,58,716,345.333333333333,738,372.666666666667
NGCT,57,59,724.666666666667,331.333333333333,750.666666666667,360.666666666667
NGCT,57,60,0,0,0,0
NGCT,57,61,0,0,0,0
NGCT,57,62,0,0,0,0
NGCT,57,63,0,0,0,0
NGCT,57,64,0,0,0,0
NGCT,57,65,0,0,0,0
NGCT,57,66,0,0,0,0
NGCT,57,67,0,0,0,0
NGCT,57,68,0,0,0,0
NGCT,57,69,0,0,0,0
NGCT,57,70,0,0,0,0
NGCT,57,71,0,0,0,0
NGCT,57,72,0,0,0,0
NGCT,57,73,0,0,0,0
NGCT,57,74,0,0,0,0
NGCT,58,64,555,422,582,448
NGCT,58,65,566,406,602,442
NGCT,58,66,571,400,604,429
NGCT,58,67,577,386,619,422
NGCT,58,68,590,383,623,410
NGCT,58,69,610,360,634,393
NGCT,58,70,617,353,640,373
NGCT,58,71,624,352,639,372
NGCT,58,72,619,346,642,368
NGCT,58,73,0,0,0,0
NGCT,58,74,0,0,0,0
NGCT,58,75,0,0,0,0
NGCT,58,76,0,0,0,0
NGCT,58,77,0,0,0,0
NGCT,59,51,583.333333333333,371.333333333333,665.333333333333,454.666666666667
NGCT,59,52,581.333333333333,360,672.666666666667,456
NGCT,59,53,596.666666666667,353.333333333333,674.666666666667,446
NGCT,59,54,615.333333333333,345.333333333333,670.666666666667,412.666666666667
NGCT,59,55,622.666666666667,346,672,402.666666666667
NGCT,59,56,639.333333333333,340.666666666667,672.666666666667,386.666666666667
NGCT,59,57,642.666666666667,332,670,364.666666666667
NGCT,59,58,644.666666666667,328,670,356
NGCT,59,59,0,0,0,0
NGCT,59,60,0,0,0,0
NGCT,59,61,0,0,0,0
NGCT,59,62,0,0,0,0
NGCT,59,63,0,0,0,0
NGCT,59,64,0,0,0,0
NGCT,59,65,0,0,0,0
NGCT,59,66,0,0,0,0
NGCT,59,67,0,0,0,0
NGCT,59,68,0,0,0,0
NGCT,59,69,0,0,0,0
NGCT,59,70,0,0,0,0
NGCT,59,71,0,0,0,0
NGCT,59,72,0,0,0,0
NGCT,59,73,0,0,0,0
NGCT,59,74,0,0,0,0
NGCT,62,78,0,0,0,0
NGCT,62,79,0,0,0,0
NGCT,62,80,641,362,659,388
NGCT,62,81,648,336,666,379
NGCT,62,82,648,328,669,384
NGCT,62,83,650,322,670,372
NGCT,62,84,654,326,675,359
NGCT,62,85,656,306,682,349
NGCT,62,86,667,296,685,325
NGCT,62,87,663,288,677,309
NGCT,62,88,0,0,0,0
NGCT,62,89,0,0,0,0
NGCT,62,90,0,0,0,0
NGCT,62,91,0,0,0,0
NGCT,62,92,0,0,0,0
NGCT,62,93,0,0,0,0
NGCT,62,94,0,0,0,0
NGCT,62,95,0,0,0,0
NGCT,62,96,0,0,0,0
NGCT,62,97,0,0,0,0
NGCT,62,98,0,0,0,0
NGCT,62,99,0,0,0,0
NGCT,62,100,0,0,0,0
NGCT,63,46,0,0,0,0
NGCT,63,47,0,0,0,0
NGCT,63,48,0,0,0,0
NGCT,63,49,0,0,0,0
NGCT,63,50,602.666666666667,334,669.333333333333,473.333333333333
NGCT,63,51,604.666666666667,324.666666666667,680,474.666666666667
NGCT,63,52,604.666666666667,321.333333333333,682.666666666667,476.666666666667
NGCT,63,53,638,312.666666666667,684,359.333333333333
NGCT,63,54,659.333333333333,308,682,330.666666666667
NGCT,63,55,640.666666666667,292.666666666667,664.666666666667,308.666666666667
NGCT,63,56,644,290.666666666667,656.666666666667,307.333333333333
NGCT,63,57,0,0,0,0
NGCT,63,58,0,0,0,0
NGCT,63,59,0,0,0,0
NGCT,63,60,0,0,0,0
NGCT,63,61,0,0,0,0
NGCT,63,62,0,0,0,0
NGCT,63,63,0,0,0,0
NGCT,63,64,0,0,0,0
NGCT,63,65,0,0,0,0
NGCT,63,66,0,0,0,0
NGCT,63,67,0,0,0,0
NGCT,63,68,0,0,0,0
NGCT,63,69,0,0,0,0
NGCT,64,21,0,0,0,0
NGCT,64,22,0,0,0,0
NGCT,64,23,0,0,0,0
NGCT,64,24,672,296,724,368
NGCT,64,25,674.666666666667,298.666666666667,725.333333333333,364.666666666667
NGCT,64,26,614,292,725.333333333333,416.666666666667
NGCT,64,27,0,0,0,0
NGCT,64,28,0,0,0,0
NGCT,64,29,0,0,0,0
NGCT,64,30,0,0,0,0
NGCT,64,31,0,0,0,0
NGCT,64,32,0,0,0,0
NGCT,64,33,0,0,0,0
NGCT,64,34,0,0,0,0
NGCT,64,35,0,0,0,0
NGCT,64,36,0,0,0,0
NGCT,64,37,0,0,0,0
NGCT,64,38,0,0,0,0
NGCT,64,39,0,0,0,0
NGCT,64,40,0,0,0,0
NGCT,64,41,0,0,0,0
NGCT,64,42,0,0,0,0
NGCT,64,43,0,0,0,0
NGCT,64,44,0,0,0,0
NGCT,65,56,0,0,0,0
NGCT,65,57,0,0,0,0
NGCT,65,58,598,468,644.666666666667,498.666666666667
NGCT,65,59,597.333333333333,451.333333333333,682,501.333333333333
NGCT,65,60,596,422.666666666667,694,497.333333333333
NGCT,65,61,605.333333333333,428.666666666667,691.333333333333,491.333333333333
NGCT,65,62,662,418,683.333333333333,466.666666666667
NGCT,65,63,0,0,0,0
NGCT,65,64,0,0,0,0
NGCT,65,65,0,0,0,0
NGCT,65,66,0,0,0,0
NGCT,65,67,0,0,0,0
NGCT,65,68,0,0,0,0
NGCT,65,69,0,0,0,0
NGCT,65,70,0,0,0,0
NGCT,65,71,0,0,0,0
NGCT,65,72,0,0,0,0
NGCT,65,73,0,0,0,0
NGCT,65,74,0,0,0,0
NGCT,65,75,0,0,0,0
NGCT,65,76,0,0,0,0
NGCT,65,77,0,0,0,0
NGCT,65,78,0,0,0,0
NGCT,65,79,0,0,0,0
NGCT,67,64,0,0,0,0
NGCT,67,65,590,376,678,434
NGCT,67,66,610,392,698,434
NGCT,67,67,611,387,659,424
NGCT,67,68,613,371,678,422
NGCT,67,69,630,370,677,418
NGCT,67,70,634,389,662,412
NGCT,67,71,0,0,0,0
NGCT,67,72,0,0,0,0
NGCT,67,73,0,0,0,0
NGCT,67,74,0,0,0,0
NGCT,67,75,0,0,0,0
NGCT,67,76,0,0,0,0
NGCT,67,77,0,0,0,0
NGCT,68,59,593,485,622,527
NGCT,68,60,610,479,626,506
NGCT,68,61,613,455,636,491
NGCT,68,62,622,441,645,476
NGCT,68,63,614,434,638,462
NGCT,68,64,616,424,636,448
NGCT,68,65,0,0,0,0
NGCT,68,66,0,0,0,0
NGCT,68,67,0,0,0,0
NGCT,68,68,0,0,0,0
NGCT,68,69,0,0,0,0
NGCT,68,70,0,0,0,0
NGCT,68,71,0,0,0,0
NGCT,68,72,0,0,0,0
NGCT,69,70,0,0,0,0
NGCT,69,71,0,0,0,0
NGCT,69,72,0,0,0,0
NGCT,69,73,0,0,0,0
NGCT,69,74,619,390,648,437
NGCT,69,75,640,404,664,430
NGCT,69,76,658,402,678,433
NGCT,69,77,660,408,686,438
NGCT,69,78,663,398,696,437
NGCT,69,79,0,0,0,0
NGCT,69,80,0,0,0,0
NGCT,69,81,0,0,0,0
NGCT,69,82,0,0,0,0
NGCT,70,61,0,0,0,0
NGCT,70,62,0,0,0,0
NGCT,70,63,0,0,0,0
NGCT,70,64,0,0,0,0
NGCT,70,65,603.333333333333,432.666666666667,679.333333333333,494
NGCT,70,66,602.666666666667,416.666666666667,698.666666666667,504
NGCT,70,67,589.333333333333,404,713.333333333333,514.666666666667
NGCT,70,68,604.666666666667,413.333333333333,667.333333333333,497.333333333333
NGCT,70,69,626.666666666667,422,658.666666666667,459.333333333333
NGCT,70,70,0,0,0,0
NGCT,70,71,0,0,0,0
NGCT,70,72,0,0,0,0
NGCT,70,73,0,0,0,0
NGCT,70,74,0,0,0,0
NGCT,70,75,0,0,0,0
NGCT,70,76,0,0,0,0
NGCT,70,77,0,0,0,0
NGCT,70,78,0,0,0,0
NGCT,70,79,0,0,0,0
NGCT,70,80,0,0,0,0
NGCT,70,81,0,0,0,0
NGCT,70,82,0,0,0,0
NGCT,70,83,0,0,0,0
NGCT,70,84,0,0,0,0
NGCT,71,74,612,367.333333333333,678,432
NGCT,71,75,597.333333333333,341.333333333333,685.333333333333,428.666666666667
NGCT,71,76,617.333333333333,308.666666666667,690,422
NGCT,71,77,672.666666666667,303.333333333333,693.333333333333,383.333333333333
NGCT,71,78,671.333333333333,291.333333333333,696,326
NGCT,71,79,673.333333333333,291.333333333333,697.333333333333,314.666666666667
NGCT,71,80,678,285.333333333333,699.333333333333,310.666666666667
NGCT,71,81,686,285.333333333333,700.666666666667,303.333333333333
NGCT,71,82,0,0,0,0
NGCT,71,83,0,0,0,0
NGCT,71,84,684.666666666667,272.666666666667,705.333333333333,292
NGCT,71,85,684.666666666667,271.333333333333,702,293.333333333333
NGCT,71,86,682,270.666666666667,702.666666666667,290.666666666667
NGCT,71,87,0,0,0,0
NGCT,71,88,0,0,0,0
NGCT,71,89,0,0,0,0
NGCT,71,90,0,0,0,0
NGCT,71,91,0,0,0,0
NGCT,71,92,0,0,0,0
NGCT,71,93,0,0,0,0
NGCT,71,94,0,0,0,0
NGCT,71,95,0,0,0,0
NGCT,71,96,0,0,0,0
NGCT,74,81,0,0,0,0
NGCT,74,82,0,0,0,0
NGCT,74,83,0,0,0,0
NGCT,74,84,0,0,0,0
NGCT,74,85,565,417,584,431
NGCT,74,86,563,407,598,430
NGCT,74,87,556,414,586,435
NGCT,74,88,562,415,582,429
NGCT,74,89,591,410,608,428
NGCT,74,90,594,406,614,422
NGCT,74,91,590,398,622,422
NGCT,74,92,594,393,635,420
NGCT,74,93,601,379,619,422
NGCT,74,94,612,377,638,426
NGCT,74,95,607,374,627,412
NGCT,74,96,602,376,622,408
NGCT,74,97,622,367,653,404
NGCT,74,98,642,342,658,366
NGCT,74,99,646,335,659,354
NGCT,74,100,0,0,0,0
NGCT,74,101,0,0,0,0
NGCT,74,102,0,0,0,0
NGCT,74,103,0,0,0,0
NGCT,74,104,0,0,0,0
NGCT,75,54,0,0,0,0
NGCT,75,55,0,0,0,0
NGCT,75,56,0,0,0,0
NGCT,75,57,562,388,628,421
NGCT,75,58,544,382,638,434
NGCT,75,59,613,372,646,394
NGCT,75,60,622,366,654,389
NGCT,75,61,636,353,662,382
NGCT,75,62,650,344,664,371
NGCT,75,63,0,0,0,0
NGCT,75,64,0,0,0,0
NGCT,75,65,0,0,0,0
NGCT,75,66,0,0,0,0
NGCT,75,67,0,0,0,0
NGCT,78,73,0,0,0,0
NGCT,78,74,644,546,684,576
NGCT,78,75,622,534,665,558
NGCT,78,76,604,502,686,565
NGCT,78,77,618,501,690,558
NGCT,78,78,618,492,700,558
NGCT,78,79,638,480,708,546
NGCT,78,80,668,467,717,534
NGCT,78,81,691,456,723,500
NGCT,78,82,699,454,721,484
NGCT,78,83,706,448,726,477
NGCT,78,84,713,448,730,470
NGCT,78,85,712,440,736,462
NGCT,78,86,711,442,740,460
NGCT,78,87,717,442,737,457
NGCT,78,88,714,437,740,455
NGCT,78,89,720,432,743,453
NGCT,78,90,0,0,0,0
NGCT,78,91,0,0,0,0
NGCT,78,92,0,0,0,0
NGCT,78,93,0,0,0,0
NGCT,78,94,0,0,0,0
NGCT,78,95,0,0,0,0
NGCT,79,55,602,386,648,430
NGCT,79,56,606,367,645,411
NGCT,79,57,600,366,646,412
NGCT,79,58,610,372,674,412
NGCT,79,59,647,400,676,417
NGCT,79,60,628,408,684,438
NGCT,79,61,644,414,690,430
NGCT,79,62,0,0,0,0
NGCT,79,63,0,0,0,0
NGCT,79,64,0,0,0,0
NGCT,79,65,0,0,0,0
NGCT,79,66,0,0,0,0
NGCT,79,67,0,0,0,0
NGCT,79,68,0,0,0,0
NGCT,80,66,0,0,0,0
NGCT,80,67,0,0,0,0
NGCT,80,68,609,424,632,459
NGCT,80,69,606,422,633,454
NGCT,80,70,646,422,664,446
NGCT,80,71,645,417,679,434
NGCT,80,72,659,418,685,434
NGCT,80,73,0,0,0,0
NGCT,80,74,0,0,0,0
NGCT,80,75,0,0,0,0
NGCT,80,76,0,0,0,0
NGCT,80,77,0,0,0,0
NGCT,80,78,0,0,0,0
NGCT,80,79,0,0,0,0
NGCT,82,51,603,498,653,515
NGCT,82,52,620,496,672,516
NGCT,82,53,664,471,700,496
NGCT,82,54,682,450,713,492
NGCT,82,55,692,444,716,470
NGCT,82,56,718,414,750,457
NGCT,82,57,732,402,757,437
NGCT,82,58,734,401,756,430
NGCT,82,59,708,386,734,413
NGCT,82,60,0,0,0,0
NGCT,82,61,0,0,0,0
NGCT,82,62,0,0,0,0
NGCT,82,63,0,0,0,0
NGCT,82,64,0,0,0,0
NGCT,83,55,0,0,0,0
NGCT,83,56,0,0,0,0
NGCT,83,57,0,0,0,0
NGCT,83,58,0,0,0,0
NGCT,83,59,0,0,0,0
NGCT,83,60,0,0,0,0
NGCT,83,61,0,0,0,0
NGCT,83,62,0,0,0,0
NGCT,83,63,0,0,0,0
NGCT,83,64,0,0,0,0
NGCT,83,65,0,0,0,0
NGCT,83,66,0,0,0,0
NGCT,83,67,0,0,0,0
NGCT,83,68,0,0,0,0
NGCT,83,69,0,0,0,0
NGCT,83,70,0,0,0,0
NGCT,83,71,0,0,0,0
NGCT,83,72,0,0,0,0
NGCT,83,73,0,0,0,0
NGCT,83,74,0,0,0,0
NGCT,83,75,0,0,0,0
NGCT,83,76,0,0,0,0
NGCT,83,77,0,0,0,0
NGCT,83,78,0,0,0,0
NGCT,83,79,0,0,0,0
NGCT,83,80,0,0,0,0
NGCT,83,81,0,0,0,0
NGCT,83,82,0,0,0,0
NGCT,83,83,0,0,0,0
NGCT,83,84,0,0,0,0
NGCT,83,85,0,0,0,0
NGCT,83,86,0,0,0,0
NGCT,83,87,0,0,0,0
NGCT,83,88,0,0,0,0
NGCT,84,61,0,0,0,0
NGCT,84,62,0,0,0,0
NGCT,84,63,0,0,0,0
NGCT,84,64,0,0,0,0
NGCT,84,65,0,0,0,0
NGCT,84,66,0,0,0,0
NGCT,84,67,0,0,0,0
NGCT,84,68,0,0,0,0
NGCT,84,69,0,0,0,0
NGCT,84,70,0,0,0,0
NGCT,84,71,0,0,0,0
NGCT,84,72,0,0,0,0
NGCT,84,73,0,0,0,0
NGCT,84,74,0,0,0,0
NGCT,84,75,0,0,0,0
NGCT,84,76,0,0,0,0
NGCT,84,77,0,0,0,0
NGCT,84,78,0,0,0,0
NGCT,84,79,0,0,0,0
NGCT,84,80,0,0,0,0
NGCT,84,81,0,0,0,0
NGCT,84,82,0,0,0,0
NGCT,84,83,0,0,0,0
NGCT,84,84,0,0,0,0
NGCT,84,85,0,0,0,0
NGCT,84,86,0,0,0,0
NGCT,84,87,0,0,0,0
NGCT,84,88,0,0,0,0
NGCT,84,89,0,0,0,0
NGCT,84,90,0,0,0,0
NGCT,84,91,0,0,0,0
NGCT,84,92,0,0,0,0
NGCT,84,93,0,0,0,0
NGCT,84,94,0,0,0,0
NGCT,85,74,0,0,0,0
NGCT,85,75,0,0,0,0
NGCT,85,76,0,0,0,0
NGCT,85,77,0,0,0,0
NGCT,85,78,0,0,0,0
NGCT,85,79,0,0,0,0
NGCT,85,80,0,0,0,0
NGCT,85,81,0,0,0,0
NGCT,85,82,0,0,0,0
NGCT,85,83,0,0,0,0
NGCT,85,84,0,0,0,0
NGCT,85,85,0,0,0,0
NGCT,85,86,0,0,0,0
NGCT,85,87,0,0,0,0
NGCT,86,52,0,0,0,0
NGCT,86,53,0,0,0,0
NGCT,86,54,0,0,0,0
NGCT,86,55,0,0,0,0
NGCT,86,56,0,0,0,0
NGCT,86,57,0,0,0,0
NGCT,86,58,0,0,0,0
NGCT,86,59,0,0,0,0
NGCT,86,60,0,0,0,0
NGCT,86,61,0,0,0,0
NGCT,86,62,0,0,0,0
NGCT,86,63,0,0,0,0
NGCT,86,64,0,0,0,0
NGCT,86,65,0,0,0,0
NGCT,87,56,0,0,0,0
NGCT,87,57,0,0,0,0
NGCT,87,58,0,0,0,0
NGCT,87,59,0,0,0,0
NGCT,87,60,0,0,0,0
NGCT,87,61,0,0,0,0
NGCT,87,62,0,0,0,0
NGCT,87,63,0,0,0,0
NGCT,87,64,0,0,0,0
NGCT,87,65,0,0,0,0
NGCT,87,66,0,0,0,0
NGCT,87,67,0,0,0,0
NGCT,87,68,0,0,0,0
NGCT,87,69,0,0,0,0
NGCT,87,70,0,0,0,0
NGCT,87,71,0,0,0,0
NGCT,87,72,0,0,0,0
NGCT,87,73,0,0,0,0
NGCT,87,74,0,0,0,0
NGCT,87,75,0,0,0,0
NGCT,87,76,0,0,0,0
NGCT,87,77,0,0,0,0
NGCT,87,78,0,0,0,0
NGCT,87,79,0,0,0,0
NGCT,88,56,0,0,0,0
NGCT,88,57,0,0,0,0
NGCT,88,58,0,0,0,0
NGCT,88,59,0,0,0,0
NGCT,88,60,0,0,0,0
NGCT,88,61,0,0,0,0
NGCT,88,62,0,0,0,0
NGCT,88,63,0,0,0,0
NGCT,88,64,0,0,0,0
NGCT,88,65,0,0,0,0
NGCT,88,66,0,0,0,0
NGCT,88,67,0,0,0,0
NGCT,88,68,0,0,0,0
NGCT,88,69,0,0,0,0
NGCT,88,70,0,0,0,0
NGCT,88,71,0,0,0,0
NGCT,88,72,0,0,0,0
NGCT,88,73,0,0,0,0
NGCT,88,74,0,0,0,0
NGCT,88,75,0,0,0,0
NGCT,88,76,0,0,0,0
NGCT,88,77,0,0,0,0
NGCT,88,78,0,0,0,0
NGCT,88,79,0,0,0,0
NGCT,89,84,0,0,0,0
NGCT,89,85,0,0,0,0
NGCT,89,86,0,0,0,0
NGCT,89,87,0,0,0,0
NGCT,89,88,0,0,0,0
NGCT,89,89,0,0,0,0
NGCT,89,90,0,0,0,0
NGCT,89,91,0,0,0,0
NGCT,89,92,0,0,0,0
NGCT,89,93,0,0,0,0
NGCT,89,94,0,0,0,0
NGCT,89,95,0,0,0,0
NGCT,89,96,0,0,0,0
NGCT,89,97,0,0,0,0
NGCT,89,98,0,0,0,0
NGCT,89,99,0,0,0,0
NGCT,89,100,0,0,0,0
NGCT,89,101,0,0,0,0
NGCT,89,102,0,0,0,0
NGCT,89,103,0,0,0,0
NGCT,89,104,0,0,0,0
NGCT,89,105,0,0,0,0
NGCT,89,106,0,0,0,0
NGCT,90,41,0,0,0,0
NGCT,90,42,0,0,0,0
NGCT,90,43,0,0,0,0
NGCT,90,44,0,0,0,0
NGCT,90,45,0,0,0,0
NGCT,90,46,0,0,0,0
NGCT,90,47,0,0,0,0
NGCT,90,48,0,0,0,0
NGCT,90,49,0,0,0,0
NGCT,90,50,0,0,0,0
NGCT,90,51,0,0,0,0
NGCT,90,52,0,0,0,0
NGCT,90,53,0,0,0,0
NGCT,90,54,0,0,0,0
NGCT,90,55,0,0,0,0
NGCT,90,56,0,0,0,0
NGCT,90,57,0,0,0,0
NGCT,90,58,0,0,0,0
NGCT,90,59,0,0,0,0
NGCT,90,60,0,0,0,0
NGCT,90,61,0,0,0,0
NGCT,90,62,0,0,0,0
NGCT,90,63,0,0,0,0
NGCT,90,64,0,0,0,0
NGCT,91,66,0,0,0,0
NGCT,91,67,0,0,0,0
NGCT,91,68,0,0,0,0
NGCT,91,69,0,0,0,0
NGCT,91,70,0,0,0,0
NGCT,91,71,0,0,0,0
NGCT,91,72,0,0,0,0
NGCT,91,73,0,0,0,0
NGCT,91,74,0,0,0,0
NGCT,91,75,0,0,0,0
NGCT,91,76,0,0,0,0
NGCT,91,77,0,0,0,0
NGCT,91,78,0,0,0,0
NGCT,91,79,0,0,0,0
NGCT,92,39,0,0,0,0
NGCT,92,40,0,0,0,0
NGCT,92,41,0,0,0,0
NGCT,92,42,0,0,0,0
NGCT,92,43,0,0,0,0
NGCT,92,44,0,0,0,0
NGCT,92,45,0,0,0,0
NGCT,92,46,0,0,0,0
NGCT,92,47,0,0,0,0
NGCT,92,48,0,0,0,0
NGCT,92,49,0,0,0,0
NGCT,92,50,0,0,0,0
NGCT,92,51,0,0,0,0
NGCT,92,52,0,0,0,0
NGCT,93,60,0,0,0,0
NGCT,93,61,0,0,0,0
NGCT,93,62,0,0,0,0
NGCT,93,63,0,0,0,0
NGCT,93,64,0,0,0,0
NGCT,93,65,0,0,0,0
NGCT,93,66,0,0,0,0
NGCT,93,67,0,0,0,0
NGCT,93,68,0,0,0,0
NGCT,93,69,0,0,0,0
NGCT,93,70,0,0,0,0
NGCT,93,71,0,0,0,0
NGCT,93,72,0,0,0,0
NGCT,93,73,0,0,0,0
NGCT,94,61,0,0,0,0
NGCT,94,62,0,0,0,0
NGCT,94,63,0,0,0,0
NGCT,94,64,0,0,0,0
NGCT,94,65,0,0,0,0
NGCT,94,66,0,0,0,0
NGCT,94,67,0,0,0,0
NGCT,94,68,0,0,0,0
NGCT,94,69,0,0,0,0
NGCT,94,70,0,0,0,0
NGCT,94,71,0,0,0,0
NGCT,94,72,0,0,0,0
NGCT,94,73,0,0,0,0
NGCT,94,74,0,0,0,0
NGCT,94,75,0,0,0,0
NGCT,94,76,0,0,0,0
NGCT,94,77,0,0,0,0
NGCT,94,78,0,0,0,0
NGCT,94,79,0,0,0,0
NGCT,94,80,0,0,0,0
NGCT,94,81,0,0,0,0
NGCT,94,82,0,0,0,0
NGCT,94,83,0,0,0,0
NGCT,94,84,0,0,0,0
NGCT,95,62,0,0,0,0
NGCT,95,63,0,0,0,0
NGCT,95,64,0,0,0,0
NGCT,95,65,0,0,0,0
NGCT,95,66,0,0,0,0
NGCT,95,67,0,0,0,0
NGCT,95,68,0,0,0,0
NGCT,95,69,0,0,0,0
NGCT,95,70,0,0,0,0
NGCT,95,71,0,0,0,0
NGCT,95,72,0,0,0,0
NGCT,95,73,0,0,0,0
NGCT,95,74,0,0,0,0
NGCT,95,75,0,0,0,0
NGCT,95,76,0,0,0,0
NGCT,95,77,0,0,0,0
NGCT,95,78,0,0,0,0
NGCT,95,79,0,0,0,0
NGCT,95,80,0,0,0,0
NGCT,95,81,0,0,0,0
NGCT,95,82,0,0,0,0
NGCT,95,83,0,0,0,0
NGCT,95,84,0,0,0,0
NGCT,96,77,0,0,0,0
NGCT,96,78,0,0,0,0
NGCT,96,79,0,0,0,0
NGCT,96,80,0,0,0,0
NGCT,96,81,0,0,0,0
NGCT,96,82,0,0,0,0
NGCT,96,83,0,0,0,0
NGCT,96,84,0,0,0,0
NGCT,96,85,0,0,0,0
NGCT,96,86,0,0,0,0
NGCT,96,87,0,0,0,0
NGCT,96,88,0,0,0,0
NGCT,96,89,0,0,0,0
NGCT,96,90,0,0,0,0
NGCT,97,60,0,0,0,0
NGCT,97,61,0,0,0,0
NGCT,97,62,0,0,0,0
NGCT,97,63,0,0,0,0
NGCT,97,64,0,0,0,0
NGCT,97,65,0,0,0,0
NGCT,97,66,0,0,0,0
NGCT,97,67,0,0,0,0
NGCT,97,68,0,0,0,0
NGCT,97,69,0,0,0,0
NGCT,97,70,0,0,0,0
NGCT,97,71,0,0,0,0
NGCT,97,72,0,0,0,0
NGCT,97,73,0,0,0,0
NGCT,99,46,0,0,0,0
NGCT,99,47,0,0,0,0
NGCT,99,48,0,0,0,0
NGCT,99,49,0,0,0,0
NGCT,99,50,0,0,0,0
NGCT,99,51,0,0,0,0
NGCT,99,52,0,0,0,0
NGCT,99,53,0,0,0,0
NGCT,99,54,0,0,0,0
NGCT,99,55,0,0,0,0
NGCT,99,56,0,0,0,0
NGCT,99,57,0,0,0,0
NGCT,99,58,0,0,0,0
NGCT,99,59,0,0,0,0
NGCT,99,60,0,0,0,0
NGCT,99,61,0,0,0,0
NGCT,99,62,0,0,0,0
NGCT,99,63,0,0,0,0
NGCT,99,64,0,0,0,0
NGCT,99,65,0,0,0,0
NGCT,99,66,0,0,0,0
NGCT,99,67,0,0,0,0
NGCT,99,68,0,0,0,0
NGCT,99,69,0,0,0,0
