1, 1
NGCT,1,0,0,0,0,0
NGCT,1,1,0,0,0,0
NGCT,1,2,0,0,0,0
NGCT,1,3,0,0,0,0
NGCT,1,4,0,0,0,0
NGCT,1,5,0,0,0,0
NGCT,1,6,0,0,0,0
NGCT,1,7,463.0,429.0,503,449
NGCT,1,8,467.0,427.0,501,446
NGCT,1,9,468.0,389.0,562,445
NGCT,1,10,504.0,372.0,568,437
NGCT,1,11,506.0,343.0,599,492
NGCT,1,12,520.0,344.0,600,491
NGCT,1,13,541.0,336.0,583,467
NGCT,1,14,558.0,328.0,587,361
NGCT,1,15,568.0,319.0,588,349
NGCT,1,16,572.0,308.0,600,339
NGCT,1,17,573.0,311.0,598,330
NGCT,1,18,579.0,304.0,601,325
NGCT,1,19,570.0,295.0,603,313
NGCT,1,20,574.0,292.0,600,313
NGCT,1,21,559.0,275.0,594,302
NGCT,1,22,561.0,272.0,588,300
NGCT,1,23,564.0,278.0,586,292
NGCT,1,24,564.0,273.0,585,291
NGCT,1,25,565.0,274.0,583,287
NGCT,1,26,571.0,274.0,585,286
NGCT,1,27,570.0,267.0,590,287
NGCT,1,28,572.0,267.0,594,282
NGCT,1,29,565.0,265.0,589,280
NGCT,1,30,566.0,265.0,585,281
NGCT,1,31,564.0,273.0,591,282
NGCT,1,32,568.0,270.0,585,284
NGCT,1,33,566.0,275.0,587,292
NGCT,1,34,563.0,274.0,591,295
NGCT,1,35,575.0,273.0,588,290
NGCT,1,36,569.0,273.0,587,294
NGCT,1,37,0,0,0,0
NGCT,1,38,0,0,0,0
NGCT,1,39,0,0,0,0
NGCT,3,40,0,0,0,0
NGCT,3,41,0,0,0,0
NGCT,3,42,0,0,0,0
NGCT,3,43,0,0,0,0
NGCT,3,44,0,0,0,0
NGCT,3,45,558.0,410.0,640,468
NGCT,3,46,561.0,375.0,656,447
NGCT,3,47,596.0,356.0,680,433
NGCT,3,48,594.0,386.0,674,462
NGCT,3,49,633.0,440.0,660,460
NGCT,3,50,0,0,0,0
NGCT,3,51,0,0,0,0
NGCT,3,52,0,0,0,0
NGCT,3,53,0,0,0,0
NGCT,3,54,0,0,0,0
NGCT,4,25,0,0,0,0
NGCT,4,26,0,0,0,0
NGCT,4,27,0,0,0,0
NGCT,4,28,557.0,470.0,644,506
NGCT,4,29,554.0,437.0,652,505
NGCT,4,30,550.0,418.0,642,513
NGCT,4,31,0,0,0,0
NGCT,4,32,0,0,0,0
NGCT,4,33,0,0,0,0
NGCT,4,34,0,0,0,0
NGCT,5,50,584.0,536.0,654,572
NGCT,5,51,623.0,538.0,671,565
NGCT,5,52,598.0,511.0,671,575
NGCT,5,53,625.0,498.0,692,571
NGCT,5,54,620.0,482.0,699,578
NGCT,5,55,683.0,458.0,709,476
NGCT,5,56,0,0,0,0
NGCT,5,57,698.0,430.0,718,445
NGCT,5,58,0,0,0,0
NGCT,5,59,0,0,0,0
NGCT,6,45,560.0,440.0,603,490
NGCT,6,46,607.0,394.0,647,429
NGCT,6,47,617.0,383.0,652,416
NGCT,6,48,627.0,349.0,653,400
NGCT,6,49,633.0,342.0,647,370
NGCT,6,50,0,0,0,0
NGCT,6,51,0,0,0,0
NGCT,6,52,0,0,0,0
NGCT,6,53,0,0,0,0
NGCT,6,54,0,0,0,0
NGCT,7,20,0,0,0,0
NGCT,7,21,558.0,481.0,613,529
NGCT,7,22,562.0,463.0,623,522
NGCT,7,23,568.0,448.0,626,529
NGCT,7,24,592.0,444.0,635,491
NGCT,7,25,0,0,0,0
NGCT,7,26,0,0,0,0
NGCT,7,27,0,0,0,0
NGCT,7,28,0,0,0,0
NGCT,7,29,0,0,0,0
NGCT,9,12,0,0,0,0
NGCT,9,13,530.0,514.0,610,551
NGCT,9,14,552.0,492.0,636,533
NGCT,9,15,560.0,489.0,641,526
NGCT,9,16,563.0,473.0,659,532
NGCT,9,17,563.0,477.0,665,531
NGCT,9,18,595.0,447.0,683,534
NGCT,9,19,636.0,432.0,691,492
NGCT,9,20,0,0,0,0
NGCT,9,21,0,0,0,0
NGCT,9,22,0,0,0,0
NGCT,9,23,0,0,0,0
NGCT,9,24,0,0,0,0
NGCT,9,25,0,0,0,0
NGCT,9,26,0,0,0,0
NGCT,9,27,0,0,0,0
NGCT,9,28,0,0,0,0
NGCT,9,29,0,0,0,0
NGCT,9,30,0,0,0,0
NGCT,9,31,0,0,0,0
NGCT,9,32,0,0,0,0
NGCT,9,33,0,0,0,0
NGCT,9,34,0,0,0,0
NGCT,9,35,0,0,0,0
NGCT,9,36,0,0,0,0
NGCT,9,37,0,0,0,0
NGCT,9,38,0,0,0,0
NGCT,9,39,0,0,0,0
NGCT,9,40,0,0,0,0
NGCT,9,41,0,0,0,0
NGCT,9,42,0,0,0,0
NGCT,9,43,0,0,0,0
NGCT,9,44,0,0,0,0
NGCT,9,45,0,0,0,0
NGCT,9,46,0,0,0,0
NGCT,9,47,0,0,0,0
NGCT,9,48,0,0,0,0
NGCT,9,49,0,0,0,0
NGCT,9,50,0,0,0,0
NGCT,9,51,0,0,0,0
NGCT,9,52,0,0,0,0
NGCT,9,53,0,0,0,0
NGCT,9,54,0,0,0,0
NGCT,9,55,0,0,0,0
NGCT,9,56,0,0,0,0
NGCT,9,57,0,0,0,0
NGCT,9,58,0,0,0,0
NGCT,9,59,0,0,0,0
NGCT,10,10,524.0,494.0,547,508
NGCT,10,11,532.0,485.0,557,504
NGCT,10,12,532.0,466.0,613,506
NGCT,10,13,554.0,454.0,618,495
NGCT,10,14,583.0,439.0,626,492
NGCT,10,15,583.0,429.0,632,492
NGCT,10,16,588.0,428.0,635,517
NGCT,10,17,593.0,419.0,638,534
NGCT,10,18,601.0,418.0,647,517
NGCT,10,19,602.0,401.0,654,519
NGCT,10,20,596.0,401.0,656,512
NGCT,10,21,609.0,375.0,640,505
NGCT,10,22,617.0,367.0,648,514
NGCT,10,23,614.0,362.0,641,498
NGCT,10,24,621.0,361.0,640,376
NGCT,10,25,614.0,353.0,634,370
NGCT,10,26,0,0,0,0
NGCT,10,27,615.0,345.0,639,356
NGCT,10,28,0,0,0,0
NGCT,10,29,0,0,0,0
NGCT,11,10,0,0,0,0
NGCT,11,11,0,0,0,0
NGCT,11,12,0,0,0,0
NGCT,11,13,0,0,0,0
NGCT,11,14,0,0,0,0
NGCT,11,15,0,0,0,0
NGCT,11,16,0,0,0,0
NGCT,11,17,0,0,0,0
NGCT,11,18,0,0,0,0
NGCT,11,19,0,0,0,0
NGCT,11,20,0,0,0,0
NGCT,11,21,0,0,0,0
NGCT,11,22,0,0,0,0
NGCT,11,23,0,0,0,0
NGCT,11,24,0,0,0,0
NGCT,11,25,0,0,0,0
NGCT,11,26,0,0,0,0
NGCT,11,27,0,0,0,0
NGCT,11,28,0,0,0,0
NGCT,11,29,0,0,0,0
NGCT,11,30,0,0,0,0
NGCT,11,31,0,0,0,0
NGCT,11,32,0,0,0,0
NGCT,11,33,0,0,0,0
NGCT,11,34,0,0,0,0
NGCT,11,35,0,0,0,0
NGCT,11,36,0,0,0,0
NGCT,11,37,0,0,0,0
NGCT,11,38,0,0,0,0
NGCT,11,39,0,0,0,0
NGCT,11,40,0,0,0,0
NGCT,11,41,0,0,0,0
NGCT,11,42,597.0,444.0,712,496
NGCT,11,43,614.0,446.0,702,489
NGCT,11,44,596.0,488.0,671,531
NGCT,11,45,610.0,505.0,649,562
NGCT,11,46,620.0,509.0,653,551
NGCT,11,47,635.0,536.0,668,571
NGCT,11,48,633.0,554.0,654,574
NGCT,11,49,629.0,552.0,650,576
NGCT,11,50,624.0,562.0,648,583
NGCT,11,51,623.0,561.0,645,581
NGCT,11,52,613.0,564.0,640,586
NGCT,11,53,613.0,566.0,639,587
NGCT,11,54,614.0,563.0,639,582
NGCT,11,55,0,0,0,0
NGCT,11,56,0,0,0,0
NGCT,11,57,0,0,0,0
NGCT,11,58,0,0,0,0
NGCT,11,59,0,0,0,0
NGCT,12,55,0,0,0,0
NGCT,12,56,601.0,469.0,675,529
NGCT,12,57,584.0,457.0,691,522
NGCT,12,58,619.0,448.0,678,547
NGCT,12,59,605.0,510.0,635,541
NGCT,12,60,609.0,519.0,638,553
NGCT,12,61,622.0,539.0,646,589
NGCT,12,62,626.0,576.0,645,607
NGCT,12,63,0,0,0,0
NGCT,12,64,0,0,0,0
NGCT,13,50,514.0,577.0,534,592
NGCT,13,51,522.0,554.0,597,596
NGCT,13,52,538.0,558.0,617,587
NGCT,13,53,582.0,472.0,643,629
NGCT,13,54,586.0,479.0,643,627
NGCT,13,55,584.0,478.0,649,645
NGCT,13,56,585.0,447.0,645,634
NGCT,13,57,590.0,443.0,650,638
NGCT,13,58,609.0,441.0,644,629
NGCT,13,59,628.0,441.0,649,453
NGCT,13,60,0,0,0,0
NGCT,13,61,0,0,0,0
NGCT,13,62,0,0,0,0
NGCT,13,63,0,0,0,0
NGCT,13,64,0,0,0,0
NGCT,13,65,0,0,0,0
NGCT,13,66,0,0,0,0
NGCT,13,67,0,0,0,0
NGCT,13,68,0,0,0,0
NGCT,13,69,0,0,0,0
NGCT,14,50,0,0,0,0
NGCT,14,51,0,0,0,0
NGCT,14,52,0,0,0,0
NGCT,14,53,0,0,0,0
NGCT,14,54,537.0,478.0,626,515
NGCT,14,55,545.0,472.0,634,512
NGCT,14,56,595.0,456.0,661,520
NGCT,14,57,601.0,448.0,677,522
NGCT,14,58,646.0,448.0,672,464
NGCT,14,59,668.0,437.0,693,454
NGCT,14,60,676.0,419.0,707,447
NGCT,14,61,0,0,0,0
NGCT,14,62,0,0,0,0
NGCT,14,63,0,0,0,0
NGCT,14,64,0,0,0,0
NGCT,15,35,0,0,0,0
NGCT,15,36,592.0,522.0,626,536
NGCT,15,37,612.0,477.0,701,562
NGCT,15,38,607.0,457.0,728,559
NGCT,15,39,610.0,465.0,752,554
NGCT,15,40,620.0,452.0,774,551
NGCT,15,41,641.0,404.0,794,557
NGCT,15,42,663.0,379.0,801,523
NGCT,15,43,686.0,374.0,809,511
NGCT,15,44,677.0,359.0,816,480
NGCT,15,45,781.0,406.0,821,459
NGCT,15,46,788.0,399.0,818,443
NGCT,15,47,788.0,404.0,807,435
NGCT,15,48,0,0,0,0
NGCT,15,49,0,0,0,0
NGCT,15,50,0,0,0,0
NGCT,15,51,0,0,0,0
NGCT,15,52,0,0,0,0
NGCT,15,53,0,0,0,0
NGCT,15,54,0,0,0,0
NGCT,17,25,0,0,0,0
NGCT,17,26,0,0,0,0
NGCT,17,27,610.0,454.0,661,498
NGCT,17,28,571.0,473.0,635,500
NGCT,17,29,567.0,485.0,620,509
NGCT,17,30,597.0,490.0,629,517
NGCT,17,31,0,0,0,0
NGCT,17,32,0,0,0,0
NGCT,17,33,0,0,0,0
NGCT,17,34,0,0,0,0
NGCT,18,45,0,0,0,0
NGCT,18,46,0,0,0,0
NGCT,18,47,0,0,0,0
NGCT,18,48,544.0,467.0,649,513
NGCT,18,49,589.0,476.0,624,499
NGCT,18,50,579.0,435.0,693,502
NGCT,18,51,614.0,419.0,701,511
NGCT,18,52,616.0,405.0,707,499
NGCT,18,53,688.0,403.0,705,425
NGCT,18,54,0,0,0,0
NGCT,19,70,576.0,420.0,621,459
NGCT,19,71,587.0,402.0,646,449
NGCT,19,72,578.0,390.0,651,454
NGCT,19,73,617.0,364.0,659,428
NGCT,19,74,578.0,365.0,661,469
NGCT,19,75,580.0,375.0,663,476
NGCT,19,76,577.0,344.0,658,477
NGCT,19,77,588.0,344.0,663,479
NGCT,19,78,581.0,344.0,667,488
NGCT,19,79,647.0,342.0,678,358
NGCT,19,80,656.0,327.0,680,355
NGCT,19,81,659.0,331.0,678,346
NGCT,19,82,662.0,322.0,673,343
NGCT,19,83,658.0,315.0,679,344
NGCT,19,84,656.0,314.0,680,341
NGCT,19,85,0,0,0,0
NGCT,19,86,658.0,304.0,675,322
NGCT,19,87,0,0,0,0
NGCT,19,88,0,0,0,0
NGCT,19,89,0,0,0,0
NGCT,22,40,0,0,0,0
NGCT,22,41,0,0,0,0
NGCT,22,42,0,0,0,0
NGCT,22,43,0,0,0,0
NGCT,22,44,0,0,0,0
NGCT,22,45,0,0,0,0
NGCT,22,46,0,0,0,0
NGCT,22,47,0,0,0,0
NGCT,22,48,0,0,0,0
NGCT,22,49,0,0,0,0
NGCT,22,50,0,0,0,0
NGCT,22,51,0,0,0,0
NGCT,22,52,0,0,0,0
NGCT,22,53,0,0,0,0
NGCT,22,54,0,0,0,0
NGCT,22,55,0,0,0,0
NGCT,22,56,0,0,0,0
NGCT,22,57,0,0,0,0
NGCT,22,58,0,0,0,0
NGCT,22,59,0,0,0,0
NGCT,22,60,0,0,0,0
NGCT,22,61,0,0,0,0
NGCT,22,62,0,0,0,0
NGCT,22,63,773.333333333333,587.333333333333,823.333333333333,606.666666666667
NGCT,22,64,767.333333333333,584.666666666667,836,608
NGCT,22,65,778.0,575.333333333333,840,609.333333333333
NGCT,22,66,782.666666666667,556.666666666667,846.666666666667,619.333333333333
NGCT,22,67,794.0,556.666666666667,853.333333333333,627.333333333333
NGCT,22,68,790.666666666667,530.666666666667,862.666666666667,621.333333333333
NGCT,22,69,851.333333333333,516.0,864,535.333333333333
NGCT,22,70,861.333333333333,500.666666666667,876,522
NGCT,22,71,0,0,0,0
NGCT,22,72,0,0,0,0
NGCT,23,15,0,0,0,0
NGCT,23,16,0,0,0,0
NGCT,23,17,719.333333333333,630.0,768.666666666667,671.333333333333
NGCT,23,18,738.666666666667,626.666666666667,784.666666666667,674
NGCT,23,19,725.333333333333,618.0,802.666666666667,676
NGCT,23,20,760.666666666667,602.666666666667,827.333333333333,678
NGCT,23,21,769.333333333333,590.666666666667,847.333333333333,684
NGCT,23,22,793.333333333333,592.666666666667,848.666666666667,632.666666666667
NGCT,23,23,778.666666666667,578.666666666667,862.666666666667,756.666666666667
NGCT,23,24,770.666666666667,568.0,868.666666666667,789.333333333333
NGCT,23,25,774.0,553.333333333333,876.666666666667,752
NGCT,23,26,774.0,540.0,886.666666666667,762.666666666667
NGCT,23,27,751.333333333333,536.666666666667,889.333333333333,784
NGCT,23,28,765.333333333333,532.666666666667,892,770
NGCT,23,29,770.0,524.0,889.333333333333,764
NGCT,23,30,764.666666666667,731.333333333333,803.333333333333,754.666666666667
NGCT,23,31,763.333333333333,736.0,802,756.666666666667
NGCT,23,32,764.666666666667,738.0,800.666666666667,756.666666666667
NGCT,23,33,0,0,0,0
NGCT,23,34,0,0,0,0
NGCT,24,55,726.0,662.0,790,696
NGCT,24,56,728.666666666667,648.0,825.333333333333,696.666666666667
NGCT,24,57,732.666666666667,640.666666666667,836.666666666667,696
NGCT,24,58,729.333333333333,646.0,848,698
NGCT,24,59,736.666666666667,644.666666666667,853.333333333333,697.333333333333
NGCT,24,60,740.0,635.333333333333,866,703.333333333333
NGCT,24,61,842.0,628.666666666667,870,646.666666666667
NGCT,24,62,846.666666666667,624.666666666667,870,641.333333333333
NGCT,24,63,0,0,0,0
NGCT,24,64,0,0,0,0
NGCT,26,50,0,0,0,0
NGCT,26,51,686.666666666667,564.666666666667,712.666666666667,580.666666666667
NGCT,26,52,676.0,531.333333333333,712.666666666667,568
NGCT,26,53,681.333333333333,511.333333333333,725.333333333333,564
NGCT,26,54,682.666666666667,487.333333333333,738.666666666667,621.333333333333
NGCT,26,55,688.0,480.0,740,615.333333333333
NGCT,26,56,684.0,466.0,740,614.666666666667
NGCT,26,57,707.333333333333,461.333333333333,753.333333333333,650.666666666667
NGCT,26,58,711.333333333333,445.333333333333,774.666666666667,636
NGCT,26,59,719.333333333333,442.0,782,649.333333333333
NGCT,26,60,0,0,0,0
NGCT,26,61,0,0,0,0
NGCT,26,62,733.333333333333,415.333333333333,765.333333333333,632
NGCT,26,63,732.0,410.0,764,637.333333333333
NGCT,26,64,0,0,0,0
NGCT,26,65,0,0,0,0
NGCT,26,66,0,0,0,0
NGCT,26,67,0,0,0,0
NGCT,26,68,0,0,0,0
NGCT,26,69,0,0,0,0
NGCT,27,40,0,0,0,0
NGCT,27,41,0,0,0,0
NGCT,27,42,0,0,0,0
NGCT,27,43,0,0,0,0
NGCT,27,44,0,0,0,0
NGCT,27,45,733.333333333333,562.0,813.333333333333,645.333333333333
NGCT,27,46,741.333333333333,574.0,787.333333333333,649.333333333333
NGCT,27,47,773.333333333333,544.0,810.666666666667,642.666666666667
NGCT,27,48,772.666666666667,542.666666666667,809.333333333333,656
NGCT,27,49,794.666666666667,533.333333333333,810,558
NGCT,27,50,791.333333333333,540.0,831.333333333333,561.333333333333
NGCT,27,51,798.0,527.333333333333,818,543.333333333333
NGCT,27,52,798.0,526.666666666667,822.666666666667,540.666666666667
NGCT,27,53,794.666666666667,524.0,821.333333333333,542.666666666667
NGCT,27,54,803.333333333333,524.666666666667,819.333333333333,531.333333333333
NGCT,27,55,806.666666666667,518.0,828.666666666667,532.666666666667
NGCT,27,56,0,0,0,0
NGCT,27,57,0,0,0,0
NGCT,27,58,0,0,0,0
NGCT,27,59,0,0,0,0
NGCT,28,50,0,0,0,0
NGCT,28,51,0,0,0,0
NGCT,28,52,705.333333333333,590.666666666667,718,599.333333333333
NGCT,28,53,704.0,587.333333333333,721.333333333333,602.666666666667
NGCT,28,54,0,0,0,0
NGCT,28,55,742.666666666667,590.0,765.333333333333,611.333333333333
NGCT,28,56,743.333333333333,572.666666666667,782,621.333333333333
NGCT,28,57,757.333333333333,565.333333333333,791.333333333333,619.333333333333
NGCT,28,58,764.0,548.0,805.333333333333,626
NGCT,28,59,766.666666666667,538.666666666667,813.333333333333,627.333333333333
NGCT,28,60,778.666666666667,530.666666666667,816.666666666667,633.333333333333
NGCT,28,61,793.333333333333,525.333333333333,822.666666666667,652
NGCT,28,62,804.0,519.333333333333,847.333333333333,658.666666666667
NGCT,28,63,813.333333333333,510.0,851.333333333333,663.333333333333
NGCT,28,64,0,0,0,0
NGCT,28,65,0,0,0,0
NGCT,28,66,0,0,0,0
NGCT,28,67,0,0,0,0
NGCT,28,68,0,0,0,0
NGCT,28,69,0,0,0,0
NGCT,29,50,677.333333333333,596.666666666667,700,614.666666666667
NGCT,29,51,0,0,0,0
NGCT,29,52,698.666666666667,600.666666666667,710.666666666667,612
NGCT,29,53,700.666666666667,589.333333333333,724.666666666667,601.333333333333
NGCT,29,54,708.0,593.333333333333,733.333333333333,606
NGCT,29,55,0,0,0,0
NGCT,29,56,752.0,579.333333333333,776.666666666667,599.333333333333
NGCT,29,57,757.333333333333,569.333333333333,786,616.666666666667
NGCT,29,58,768.0,569.333333333333,800.666666666667,621.333333333333
NGCT,29,59,770.0,542.0,814,626
NGCT,29,60,796.666666666667,532.0,820.666666666667,662.666666666667
NGCT,29,61,797.333333333333,524.666666666667,822.666666666667,646.666666666667
NGCT,29,62,805.333333333333,519.333333333333,838.666666666667,658
NGCT,29,63,0,0,0,0
NGCT,29,64,0,0,0,0
NGCT,30,50,0,0,0,0
NGCT,30,51,0,0,0,0
NGCT,30,52,0,0,0,0
NGCT,30,53,0,0,0,0
NGCT,30,54,0,0,0,0
NGCT,30,55,0,0,0,0
NGCT,30,56,0,0,0,0
NGCT,30,57,0,0,0,0
NGCT,30,58,0,0,0,0
NGCT,30,59,0,0,0,0
NGCT,30,60,0,0,0,0
NGCT,30,61,0,0,0,0
NGCT,30,62,0,0,0,0
NGCT,30,63,660.666666666667,608.666666666667,711.333333333333,624.666666666667
NGCT,30,64,682.0,603.333333333333,714.666666666667,621.333333333333
NGCT,30,65,680.0,592.666666666667,719.333333333333,624
NGCT,30,66,671.333333333333,586.0,727.333333333333,632
NGCT,30,67,666.0,579.333333333333,730,636.666666666667
NGCT,30,68,704.666666666667,578.666666666667,739.333333333333,629.333333333333
NGCT,30,69,708.0,552.666666666667,769.333333333333,636.666666666667
NGCT,30,70,708.0,534.0,776,628.666666666667
NGCT,30,71,745.333333333333,512.0,780,575.333333333333
NGCT,30,72,754.0,508.0,780,565.333333333333
NGCT,30,73,718.666666666667,515.333333333333,785.333333333333,640
NGCT,30,74,738.0,489.333333333333,786,650.666666666667
NGCT,30,75,740.666666666667,485.333333333333,786,653.333333333333
NGCT,30,76,742.666666666667,473.333333333333,785.333333333333,662.666666666667
NGCT,30,77,0,0,0,0
NGCT,30,78,0,0,0,0
NGCT,30,79,0,0,0,0
NGCT,31,15,0,0,0,0
NGCT,31,16,772.0,527.3333333333334,802.0,564.0
NGCT,31,17,780.6666666666667,529.3333333333334,800.6666666666667,548.0
NGCT,31,18,786.0,527.3333333333334,806.0,545.3333333333334
NGCT,31,19,783.3333333333333,524.0,805.3333333333333,541.3333333333334
NGCT,31,20,764.6666666666667,518.6666666666666,832.6666666666667,606.0
NGCT,31,21,753.3333333333333,610.0,776.0,624.6666666666666
NGCT,31,22,0,0,0,0
NGCT,31,23,0,0,0,0
NGCT,31,24,0,0,0,0
NGCT,31,25,0,0,0,0
NGCT,31,26,0,0,0,0
NGCT,31,27,0,0,0,0
NGCT,31,28,0,0,0,0
NGCT,31,29,0,0,0,0
NGCT,32,60,764.6666666666667,502.6666666666667,820.6666666666667,643.3333333333333
NGCT,32,61,768.6666666666667,498.0,824.0,653.3333333333333
NGCT,32,62,794.0,496.0,825.3333333333333,643.3333333333333
NGCT,32,63,788.0,496.0,824.0,647.3333333333333
NGCT,32,64,786.6666666666667,494.6666666666667,839.3333333333333,652.6666666666667
NGCT,32,65,796.6666666666667,478.0,827.3333333333333,666.6666666666667
NGCT,32,66,811.3333333333333,472.6666666666667,833.3333333333333,486.0
NGCT,32,67,0,0,0,0
NGCT,32,68,0,0,0,0
NGCT,32,69,0,0,0,0
NGCT,33,53,766.6666666666667,524.0,832.6666666666667,560.0
NGCT,33,54,799.3333333333333,528.0,831.3333333333333,548.6666666666666
NGCT,33,55,0,0,0,0
NGCT,33,56,0,0,0,0
NGCT,33,57,772.0,476.6666666666667,859.3333333333333,607.3333333333334
NGCT,33,58,762.0,466.6666666666667,861.3333333333333,616.6666666666666
NGCT,33,59,762.0,462.6666666666667,869.3333333333333,629.3333333333334
NGCT,33,60,767.3333333333333,448.0,858.0,632.0
NGCT,33,61,0,0,0,0
NGCT,33,62,0,0,0,0
NGCT,33,63,0,0,0,0
NGCT,33,64,0,0,0,0
NGCT,34,70,0,0,0,0
NGCT,34,71,666.0,552.0,691.3333333333333,560.6666666666666
NGCT,34,72,654.0,550.6666666666666,688.6666666666667,566.6666666666666
NGCT,34,73,695.3333333333333,537.3333333333334,712.6666666666667,553.3333333333334
NGCT,34,74,682.6666666666667,532.6666666666666,718.0,558.0
NGCT,34,75,686.0,527.3333333333334,724.0,558.6666666666666
NGCT,34,76,697.3333333333333,518.6666666666666,730.6666666666667,550.0
NGCT,34,77,703.3333333333333,514.0,738.6666666666667,547.3333333333334
NGCT,34,78,692.6666666666667,498.0,745.3333333333333,576.6666666666666
NGCT,34,79,692.0,492.6666666666667,745.3333333333333,582.6666666666666
NGCT,34,80,698.6666666666667,478.6666666666667,756.0,584.6666666666666
NGCT,34,81,738.6666666666667,473.3333333333333,756.6666666666667,492.0
NGCT,34,82,732.0,464.6666666666667,764.0,486.6666666666667
NGCT,34,83,740.0,449.3333333333333,759.3333333333333,475.3333333333333
NGCT,34,84,0,0,0,0
NGCT,34,85,743.3333333333333,432.0,758.6666666666667,447.3333333333333
NGCT,34,86,727.3333333333333,426.6666666666667,756.0,624.6666666666666
NGCT,34,87,555.3333333333334,427.3333333333333,760.0,626.0
NGCT,34,88,728.0,417.3333333333333,758.0,632.6666666666666
NGCT,34,89,721.3333333333333,420.6666666666667,757.3333333333333,640.6666666666667
NGCT,34,90,0,0,0,0
NGCT,34,91,0,0,0,0
NGCT,34,92,0,0,0,0
NGCT,34,93,0,0,0,0
NGCT,34,94,0,0,0,0
NGCT,34,95,0,0,0,0
NGCT,34,96,0,0,0,0
NGCT,34,97,0,0,0,0
NGCT,34,98,0,0,0,0
NGCT,34,99,0,0,0,0
NGCT,35,60,0,0,0,0
NGCT,35,61,683.3333333333333,508.0,739.3333333333333,548.0
NGCT,35,62,698.6666666666667,512.0,728.0,535.3333333333334
NGCT,35,63,685.3333333333333,507.3333333333333,758.6666666666667,546.6666666666666
NGCT,35,64,718.6666666666667,479.3333333333333,779.3333333333333,542.0
NGCT,35,65,716.0,530.6666666666666,743.3333333333333,560.6666666666666
NGCT,35,66,716.6666666666667,534.6666666666666,748.6666666666667,564.6666666666666
NGCT,35,67,728.0,547.3333333333334,752.6666666666667,565.3333333333334
NGCT,35,68,734.6666666666667,542.6666666666666,756.0,565.3333333333334
NGCT,35,69,735.3333333333333,546.0,761.3333333333333,576.6666666666666
NGCT,35,70,748.0,558.6666666666666,768.0,576.6666666666666
NGCT,35,71,0,0,0,0
NGCT,35,72,0,0,0,0
NGCT,35,73,0,0,0,0
NGCT,35,74,0,0,0,0
NGCT,37,10,0,0,0,0
NGCT,37,11,688.0,529.3333333333334,748.0,538.6666666666666
NGCT,37,12,0,0,0,0
NGCT,37,13,0,0,0,0
NGCT,37,14,749.3333333333333,512.0,777.3333333333333,533.3333333333334
NGCT,37,15,749.3333333333333,505.3333333333333,790.6666666666667,533.3333333333334
NGCT,37,16,757.3333333333333,508.0,783.3333333333333,532.6666666666666
NGCT,37,17,780.6666666666667,493.3333333333333,802.6666666666667,516.6666666666666
NGCT,37,18,779.3333333333333,483.3333333333333,804.0,517.3333333333334
NGCT,37,19,0,0,0,0
NGCT,39,5,0,0,0,0
NGCT,39,6,717.3333333333333,556.0,744.6666666666667,576.6666666666666
NGCT,39,7,0,0,0,0
NGCT,39,8,758.6666666666667,572.6666666666666,778.6666666666667,605.3333333333334
NGCT,39,9,760.0,590.6666666666666,782.6666666666667,617.3333333333334
NGCT,39,10,763.3333333333333,602.0,788.6666666666667,635.3333333333334
NGCT,39,11,710.6666666666667,552.6666666666666,791.3333333333333,642.6666666666667
NGCT,39,12,709.3333333333333,538.0,793.3333333333333,641.3333333333333
NGCT,39,13,680.6666666666667,586.6666666666666,783.3333333333333,636.6666666666666
NGCT,39,14,0,0,0,0
NGCT,42,20,669.3333333333333,582.0,746.6666666666667,621.3333333333334
NGCT,42,21,684.6666666666667,570.6666666666666,756.0,617.3333333333334
NGCT,42,22,692.0,563.3333333333334,768.0,628.0
NGCT,42,23,728.0,557.3333333333334,773.3333333333333,645.3333333333333
NGCT,42,24,725.3333333333333,540.6666666666666,777.3333333333333,624.6666666666666
NGCT,42,25,726.6666666666667,516.6666666666666,776.0,664.0
NGCT,42,26,765.3333333333333,506.6666666666667,779.3333333333333,528.6666666666666
NGCT,42,27,0,0,0,0
NGCT,42,28,0,0,0,0
NGCT,42,29,0,0,0,0
NGCT,42,30,0,0,0,0
NGCT,42,31,0,0,0,0
NGCT,42,32,0,0,0,0
NGCT,42,33,0,0,0,0
NGCT,42,34,0,0,0,0
NGCT,42,35,0,0,0,0
NGCT,42,36,0,0,0,0
NGCT,42,37,0,0,0,0
NGCT,42,38,0,0,0,0
NGCT,42,39,0,0,0,0
NGCT,42,40,0,0,0,0
NGCT,42,41,0,0,0,0
NGCT,42,42,0,0,0,0
NGCT,42,43,0,0,0,0
NGCT,42,44,0,0,0,0
NGCT,42,45,0,0,0,0
NGCT,42,46,0,0,0,0
NGCT,42,47,0,0,0,0
NGCT,42,48,0,0,0,0
NGCT,42,49,0,0,0,0
NGCT,42,50,0,0,0,0
NGCT,42,51,0,0,0,0
NGCT,42,52,0,0,0,0
NGCT,42,53,0,0,0,0
NGCT,42,54,0,0,0,0
NGCT,43,5,717.3333333333333,502.0,733.3333333333333,535.3333333333334
NGCT,43,6,0,0,0,0
NGCT,43,7,690.0,530.6666666666666,722.0,581.3333333333334
NGCT,43,8,681.3333333333333,503.3333333333333,713.3333333333333,582.6666666666666
NGCT,43,9,644.6666666666667,512.6666666666666,710.6666666666667,593.3333333333334
NGCT,43,10,708.6666666666667,592.0,746.6666666666667,622.6666666666666
NGCT,43,11,734.6666666666667,624.6666666666666,756.6666666666667,656.0
NGCT,43,12,736.0,648.0,750.6666666666667,670.0
NGCT,43,13,0,0,0,0
NGCT,43,14,0,0,0,0
NGCT,43,15,0,0,0,0
NGCT,43,16,0,0,0,0
NGCT,43,17,0,0,0,0
NGCT,43,18,0,0,0,0
NGCT,43,19,0,0,0,0
NGCT,43,20,0,0,0,0
NGCT,43,21,0,0,0,0
NGCT,43,22,0,0,0,0
NGCT,43,23,0,0,0,0
NGCT,43,24,0,0,0,0
NGCT,43,25,0,0,0,0
NGCT,43,26,0,0,0,0
NGCT,43,27,0,0,0,0
NGCT,43,28,0,0,0,0
NGCT,43,29,0,0,0,0
NGCT,43,30,0,0,0,0
NGCT,43,31,0,0,0,0
NGCT,43,32,0,0,0,0
NGCT,43,33,0,0,0,0
NGCT,43,34,0,0,0,0
NGCT,46,45,0,0,0,0
NGCT,46,46,0,0,0,0
NGCT,46,47,0,0,0,0
NGCT,46,48,0,0,0,0
NGCT,46,49,0,0,0,0
NGCT,46,50,0,0,0,0
NGCT,46,51,0,0,0,0
NGCT,46,52,0,0,0,0
NGCT,46,53,0,0,0,0
NGCT,46,54,0,0,0,0
NGCT,46,55,0,0,0,0
NGCT,46,56,0,0,0,0
NGCT,46,57,0,0,0,0
NGCT,46,58,0,0,0,0
NGCT,46,59,0,0,0,0
NGCT,46,60,0,0,0,0
NGCT,46,61,0,0,0,0
NGCT,46,62,0,0,0,0
NGCT,46,63,694.6666666666667,623.3333333333334,756.0,648.6666666666667
NGCT,46,64,701.3333333333333,622.0,741.3333333333333,643.3333333333333
NGCT,46,65,709.3333333333333,618.0,738.0,644.0
NGCT,46,66,713.3333333333333,612.6666666666666,764.6666666666667,640.6666666666667
NGCT,46,67,745.3333333333333,577.3333333333334,790.0,637.3333333333334
NGCT,46,68,752.0,570.6666666666666,800.6666666666667,642.0
NGCT,46,69,764.0,558.6666666666666,806.6666666666667,659.3333333333333
NGCT,46,70,766.6666666666667,560.6666666666666,811.3333333333333,644.0
NGCT,46,71,780.0,534.6666666666666,815.3333333333333,644.6666666666667
NGCT,46,72,796.6666666666667,514.0,813.3333333333333,534.6666666666666
NGCT,46,73,796.6666666666667,501.3333333333333,812.0,520.6666666666666
NGCT,46,74,794.6666666666667,490.6666666666667,808.0,511.3333333333333
NGCT,46,75,0,0,0,0
NGCT,46,76,0,0,0,0
NGCT,46,77,0,0,0,0
NGCT,46,78,0,0,0,0
NGCT,46,79,0,0,0,0
NGCT,47,45,0,0,0,0
NGCT,47,46,0,0,0,0
NGCT,47,47,687.3333333333333,572.6666666666666,717.3333333333333,594.0
NGCT,47,48,701.3333333333333,561.3333333333334,723.3333333333333,583.3333333333334
NGCT,47,49,706.0,550.0,767.3333333333333,596.6666666666666
NGCT,47,50,747.3333333333333,531.3333333333334,772.0,560.0
NGCT,47,51,760.6666666666667,519.3333333333334,793.3333333333333,598.0
NGCT,47,52,0,0,0,0
NGCT,47,53,0,0,0,0
NGCT,47,54,0,0,0,0
NGCT,47,55,0,0,0,0
NGCT,47,56,0,0,0,0
NGCT,47,57,0,0,0,0
NGCT,47,58,0,0,0,0
NGCT,47,59,0,0,0,0
NGCT,47,60,0,0,0,0
NGCT,47,61,0,0,0,0
NGCT,47,62,0,0,0,0
NGCT,47,63,0,0,0,0
NGCT,47,64,0,0,0,0
NGCT,47,65,0,0,0,0
NGCT,47,66,0,0,0,0
NGCT,47,67,0,0,0,0
NGCT,47,68,0,0,0,0
NGCT,47,69,0,0,0,0
NGCT,47,70,0,0,0,0
NGCT,47,71,0,0,0,0
NGCT,47,72,0,0,0,0
NGCT,47,73,0,0,0,0
NGCT,47,74,0,0,0,0
NGCT,47,75,0,0,0,0
NGCT,47,76,0,0,0,0
NGCT,47,77,0,0,0,0
NGCT,47,78,0,0,0,0
NGCT,47,79,0,0,0,0
NGCT,48,35,0,0,0,0
NGCT,48,36,648.6666666666667,604.6666666666666,710.0,624.0
NGCT,48,37,672.6666666666667,588.0,738.6666666666667,650.0
NGCT,48,38,672.6666666666667,576.0,753.3333333333333,653.3333333333333
NGCT,48,39,685.3333333333333,580.6666666666666,750.6666666666667,664.0
NGCT,48,40,0,0,0,0
NGCT,48,41,0,0,0,0
NGCT,48,42,0,0,0,0
NGCT,48,43,0,0,0,0
NGCT,48,44,0,0,0,0
NGCT,49,45,0,0,0,0
NGCT,49,46,0,0,0,0
NGCT,49,47,672.0,517.3333333333334,766.6666666666667,605.3333333333334
NGCT,49,48,662.6666666666667,535.3333333333334,750.0,605.3333333333334
NGCT,49,49,687.3333333333333,582.0,718.0,612.6666666666666
NGCT,49,50,688.6666666666667,590.0,719.3333333333333,610.6666666666666
NGCT,49,51,703.3333333333333,592.0,725.3333333333333,614.0
NGCT,49,52,717.3333333333333,603.3333333333334,733.3333333333333,649.3333333333333
NGCT,49,53,716.0,606.0,739.3333333333333,646.6666666666667
NGCT,49,54,728.0,621.3333333333334,738.6666666666667,653.3333333333333
NGCT,49,55,728.0,631.3333333333334,744.6666666666667,667.3333333333333
NGCT,49,56,0,0,0,0
NGCT,50,65,0,0,0,0
NGCT,50,66,0,0,0,0
NGCT,50,67,0,0,0,0
NGCT,50,68,0,0,0,0
NGCT,50,69,754.0,560.0,822.6666666666667,644.0
NGCT,50,70,772.6666666666667,558.6666666666666,821.3333333333333,643.3333333333333
NGCT,50,71,737.3333333333333,556.0,822.0,684.0
NGCT,50,72,0,0,0,0
NGCT,50,73,0,0,0,0
NGCT,50,74,0,0,0,0
NGCT,51,30,0,0,0,0
NGCT,51,31,0,0,0,0
NGCT,51,32,0,0,0,0
NGCT,51,33,0,0,0,0
NGCT,51,34,657.3333333333333,552.6666666666666,765.3333333333333,627.3333333333334
NGCT,51,35,671.3333333333333,559.3333333333334,766.6666666666667,627.3333333333334
NGCT,51,36,684.0,526.0,773.3333333333333,628.0
NGCT,51,37,676.6666666666667,511.3333333333333,777.3333333333333,628.6666666666666
NGCT,51,38,682.6666666666667,618.0,709.3333333333333,641.3333333333333
NGCT,51,39,0,0,0,0
NGCT,51,40,0,0,0,0
NGCT,51,41,0,0,0,0
NGCT,51,42,0,0,0,0
NGCT,51,43,0,0,0,0
NGCT,51,44,0,0,0,0
NGCT,51,45,0,0,0,0
NGCT,51,46,0,0,0,0
NGCT,51,47,0,0,0,0
NGCT,51,48,0,0,0,0
NGCT,51,49,0,0,0,0
NGCT,51,50,0,0,0,0
NGCT,51,51,0,0,0,0
NGCT,51,52,0,0,0,0
NGCT,51,53,0,0,0,0
NGCT,51,54,0,0,0,0
NGCT,51,55,0,0,0,0
NGCT,51,56,0,0,0,0
NGCT,51,57,0,0,0,0
NGCT,51,58,0,0,0,0
NGCT,51,59,0,0,0,0
NGCT,51,60,0,0,0,0
NGCT,51,61,0,0,0,0
NGCT,51,62,0,0,0,0
NGCT,51,63,0,0,0,0
NGCT,51,64,0,0,0,0
NGCT,51,65,0,0,0,0
NGCT,51,66,0,0,0,0
NGCT,51,67,0,0,0,0
NGCT,51,68,0,0,0,0
NGCT,51,69,0,0,0,0
NGCT,52,75,771.3333333333333,565.3333333333334,802.6666666666667,592.6666666666666
NGCT,52,76,762.6666666666667,572.0,794.6666666666667,601.3333333333334
NGCT,52,77,772.0,560.0,808.6666666666667,587.3333333333334
NGCT,52,78,0,0,0,0
NGCT,52,79,785.3333333333333,552.0,819.3333333333333,580.0
NGCT,52,80,796.6666666666667,544.6666666666666,822.0,571.3333333333334
NGCT,52,81,802.6666666666667,543.3333333333334,822.6666666666667,562.6666666666666
NGCT,52,82,762.6666666666667,534.6666666666666,826.0,642.0
NGCT,52,83,760.6666666666667,530.6666666666666,829.3333333333333,636.6666666666666
NGCT,52,84,764.0,614.6666666666666,788.6666666666667,662.6666666666667
NGCT,52,85,772.0,621.3333333333334,792.6666666666667,666.0
NGCT,52,86,776.6666666666667,632.6666666666666,796.6666666666667,662.0
NGCT,52,87,773.3333333333333,628.6666666666666,798.0,652.0
NGCT,52,88,0,0,0,0
NGCT,52,89,0,0,0,0
NGCT,53,45,0,0,0,0
NGCT,53,46,0,0,0,0
NGCT,53,47,0,0,0,0
NGCT,53,48,0,0,0,0
NGCT,53,49,728.0,552.0,854.6666666666667,642.0
NGCT,53,50,760.0,542.0,854.0,646.6666666666667
NGCT,53,51,774.0,536.0,863.3333333333333,669.3333333333333
NGCT,53,52,778.0,526.0,861.3333333333333,651.3333333333333
NGCT,53,53,754.0,628.0,812.6666666666667,666.6666666666667
NGCT,53,54,754.0,625.3333333333334,822.6666666666667,670.0
NGCT,53,55,784.0,637.3333333333334,823.3333333333333,667.3333333333333
NGCT,53,56,0,0,0,0
NGCT,53,57,0,0,0,0
NGCT,53,58,810.6666666666667,642.0,843.3333333333333,677.3333333333333
NGCT,53,59,818.6666666666667,651.3333333333333,841.3333333333333,676.6666666666667
NGCT,53,60,822.6666666666667,654.0,846.6666666666667,683.3333333333333
NGCT,53,61,0,0,0,0
NGCT,53,62,0,0,0,0
NGCT,53,63,0,0,0,0
NGCT,53,64,0,0,0,0
NGCT,54,25,734.6666666666667,639.3333333333334,808.6666666666667,664.6666666666667
NGCT,54,26,732.6666666666667,632.0,808.6666666666667,665.3333333333333
NGCT,54,27,730.6666666666667,626.6666666666666,812.6666666666667,676.0
NGCT,54,28,747.3333333333333,620.6666666666666,829.3333333333333,683.3333333333333
NGCT,54,29,753.3333333333333,617.3333333333334,833.3333333333333,685.3333333333333
NGCT,54,30,776.6666666666667,609.3333333333334,840.0,702.6666666666667
NGCT,54,31,759.3333333333333,618.0,836.6666666666667,711.3333333333333
NGCT,54,32,760.6666666666667,606.6666666666666,845.3333333333333,722.6666666666667
NGCT,54,33,775.3333333333333,691.3333333333333,788.6666666666667,714.6666666666667
NGCT,54,34,0,0,0,0
NGCT,55,0,0,0,0,0
NGCT,55,1,0,0,0,0
NGCT,55,2,682.6666666666667,563.3333333333334,703.3333333333333,578.0
NGCT,55,3,682.6666666666667,559.3333333333334,702.6666666666667,579.3333333333334
NGCT,55,4,673.3333333333333,558.6666666666666,711.3333333333333,594.0
NGCT,55,5,673.3333333333333,558.6666666666666,717.3333333333333,595.3333333333334
NGCT,55,6,674.6666666666667,551.3333333333334,726.6666666666667,594.6666666666666
NGCT,55,7,674.0,545.3333333333334,724.0,602.0
NGCT,55,8,672.0,542.6666666666666,734.6666666666667,606.6666666666666
NGCT,55,9,678.6666666666667,535.3333333333334,737.3333333333333,609.3333333333334
NGCT,55,10,672.6666666666667,528.6666666666666,738.0,615.3333333333334
NGCT,55,11,684.0,518.6666666666666,747.3333333333333,633.3333333333334
NGCT,55,12,685.3333333333333,603.3333333333334,702.0,622.6666666666666
NGCT,55,13,0,0,0,0
NGCT,55,14,0,0,0,0
NGCT,55,15,0,0,0,0
NGCT,55,16,0,0,0,0
NGCT,55,17,0,0,0,0
NGCT,55,18,0,0,0,0
NGCT,55,19,0,0,0,0
NGCT,56,25,0,0,0,0
NGCT,56,26,683.3333333333333,565.3333333333334,782.6666666666667,674.0
NGCT,56,27,690.0,564.6666666666666,780.0,701.3333333333333
NGCT,56,28,709.3333333333333,558.0,783.3333333333333,718.0
NGCT,56,29,712.0,564.0,787.3333333333333,718.6666666666667
NGCT,56,30,716.6666666666667,554.0,797.3333333333333,716.6666666666667
NGCT,56,31,0,0,0,0
NGCT,56,32,0,0,0,0
NGCT,56,33,0,0,0,0
NGCT,56,34,0,0,0,0
NGCT,57,15,0,0,0,0
NGCT,57,16,0,0,0,0
NGCT,57,17,0,0,0,0
NGCT,57,18,0,0,0,0
NGCT,57,19,0,0,0,0
NGCT,57,20,0,0,0,0
NGCT,57,21,0,0,0,0
NGCT,57,22,0,0,0,0
NGCT,57,23,0,0,0,0
NGCT,57,24,0,0,0,0
NGCT,57,25,0,0,0,0
NGCT,57,26,0,0,0,0
NGCT,57,27,0,0,0,0
NGCT,57,28,0,0,0,0
NGCT,57,29,0,0,0,0
NGCT,57,30,0,0,0,0
NGCT,57,31,0,0,0,0
NGCT,57,32,0,0,0,0
NGCT,57,33,0,0,0,0
NGCT,57,34,0,0,0,0
NGCT,57,35,0,0,0,0
NGCT,57,36,0,0,0,0
NGCT,57,37,0,0,0,0
NGCT,57,38,0,0,0,0
NGCT,57,39,0,0,0,0
NGCT,57,40,0,0,0,0
NGCT,57,41,0,0,0,0
NGCT,57,42,0,0,0,0
NGCT,57,43,0,0,0,0
NGCT,57,44,0,0,0,0
NGCT,57,45,0,0,0,0
NGCT,57,46,0,0,0,0
NGCT,57,47,0,0,0,0
NGCT,57,48,0,0,0,0
NGCT,57,49,0,0,0,0
NGCT,57,50,0,0,0,0
NGCT,57,51,0,0,0,0
NGCT,57,52,659.3333333333333,522.6666666666666,772.6666666666667,557.3333333333334
NGCT,57,53,736.0,509.3333333333333,818.0,547.3333333333334
NGCT,57,54,741.3333333333333,500.0,832.0,600.6666666666666
NGCT,57,55,751.3333333333333,487.3333333333333,860.6666666666667,622.6666666666666
NGCT,57,56,768.0,616.6666666666666,785.3333333333333,636.6666666666666
NGCT,57,57,0,0,0,0
NGCT,57,58,0,0,0,0
NGCT,57,59,0,0,0,0
NGCT,58,55,0,0,0,0
NGCT,58,56,0,0,0,0
NGCT,58,57,0,0,0,0
NGCT,58,58,0,0,0,0
NGCT,58,59,0,0,0,0
NGCT,58,60,643.3333333333333,572.6666666666666,690.6666666666667,588.0
NGCT,58,61,650.6666666666667,571.3333333333334,692.6666666666667,589.3333333333334
NGCT,58,62,648.0,557.3333333333334,699.3333333333333,585.3333333333334
NGCT,58,63,646.0,550.0,710.6666666666667,576.0
NGCT,58,64,673.3333333333333,534.0,730.6666666666667,570.0
NGCT,58,65,676.0,528.0,732.6666666666667,574.6666666666666
NGCT,58,66,679.3333333333333,514.0,747.3333333333333,576.6666666666666
NGCT,58,67,683.3333333333333,511.3333333333333,751.3333333333333,581.3333333333334
NGCT,58,68,694.0,488.6666666666667,762.0,588.0
NGCT,58,69,704.0,481.3333333333333,768.6666666666667,584.6666666666666
NGCT,58,70,706.6666666666667,480.0,767.3333333333333,590.6666666666666
NGCT,58,71,710.6666666666667,474.0,770.6666666666667,582.6666666666666
NGCT,58,72,0,0,0,0
NGCT,58,73,0,0,0,0
NGCT,58,74,0,0,0,0
NGCT,59,39,712.0,492.0,798.0,581.3333333333334
NGCT,59,40,715.3333333333333,486.0,798.0,595.3333333333334
NGCT,59,41,737.3333333333333,483.3333333333333,799.3333333333333,615.3333333333334
NGCT,59,42,740.6666666666667,482.0,795.3333333333333,622.6666666666666
NGCT,59,43,0,0,0,0
NGCT,59,44,772.6666666666667,466.6666666666667,798.0,482.6666666666667
NGCT,59,45,782.0,460.0,795.3333333333333,474.6666666666667
NGCT,59,46,782.6666666666667,454.0,797.3333333333333,470.0
NGCT,59,47,786.6666666666667,452.0,801.3333333333333,463.3333333333333
NGCT,59,48,0,0,0,0
NGCT,59,49,0,0,0,0
NGCT,59,50,0,0,0,0
NGCT,59,51,0,0,0,0
NGCT,59,52,0,0,0,0
NGCT,59,53,0,0,0,0
NGCT,59,54,0,0,0,0
NGCT,59,55,0,0,0,0
NGCT,59,56,0,0,0,0
NGCT,59,57,0,0,0,0
NGCT,59,58,0,0,0,0
NGCT,59,59,0,0,0,0
NGCT,59,60,0,0,0,0
NGCT,59,61,0,0,0,0
NGCT,59,62,0,0,0,0
NGCT,59,63,0,0,0,0
NGCT,59,64,0,0,0,0
NGCT,62,0,0,0,0,0
NGCT,62,1,0,0,0,0
NGCT,62,2,743.3333333333333,490.6666666666667,810.0,529.3333333333334
NGCT,62,3,742.0,464.0,811.3333333333333,532.0
NGCT,62,4,747.3333333333333,456.6666666666667,813.3333333333333,534.6666666666666
NGCT,62,5,757.3333333333333,450.6666666666667,820.0,522.6666666666666
NGCT,62,6,782.6666666666667,454.6666666666667,828.0,514.0
NGCT,62,7,784.0,434.6666666666667,810.0,477.3333333333333
NGCT,62,8,795.3333333333333,424.0,813.3333333333333,453.3333333333333
NGCT,62,9,791.3333333333333,416.0,805.3333333333333,437.3333333333333
NGCT,62,10,0,0,0,0
NGCT,62,11,0,0,0,0
NGCT,62,12,0,0,0,0
NGCT,62,13,0,0,0,0
NGCT,62,14,0,0,0,0
NGCT,62,15,0,0,0,0
NGCT,62,16,0,0,0,0
NGCT,62,17,0,0,0,0
NGCT,62,18,0,0,0,0
NGCT,62,19,0,0,0,0
NGCT,62,20,0,0,0,0
NGCT,62,21,0,0,0,0
NGCT,62,22,0,0,0,0
NGCT,62,23,0,0,0,0
NGCT,62,24,0,0,0,0
NGCT,62,25,0,0,0,0
NGCT,62,26,0,0,0,0
NGCT,62,27,0,0,0,0
NGCT,62,28,0,0,0,0
NGCT,62,29,0,0,0,0
NGCT,62,30,0,0,0,0
NGCT,62,31,0,0,0,0
NGCT,62,32,0,0,0,0
NGCT,62,33,0,0,0,0
NGCT,62,34,0,0,0,0
NGCT,62,35,0,0,0,0
NGCT,62,36,0,0,0,0
NGCT,62,37,0,0,0,0
NGCT,62,38,0,0,0,0
NGCT,62,39,0,0,0,0
NGCT,62,40,0,0,0,0
NGCT,62,41,0,0,0,0
NGCT,62,42,0,0,0,0
NGCT,62,43,0,0,0,0
NGCT,62,44,0,0,0,0
NGCT,62,45,0,0,0,0
NGCT,62,46,0,0,0,0
NGCT,62,47,0,0,0,0
NGCT,62,48,0,0,0,0
NGCT,62,49,0,0,0,0
NGCT,62,50,0,0,0,0
NGCT,62,51,0,0,0,0
NGCT,62,52,0,0,0,0
NGCT,62,53,0,0,0,0
NGCT,62,54,0,0,0,0
NGCT,63,45,0,0,0,0
NGCT,63,46,0,0,0,0
NGCT,63,47,690.0,599.3333333333334,739.3333333333333,620.6666666666666
NGCT,63,48,700.0,564.0,794.0,619.3333333333334
NGCT,63,49,722.6666666666667,535.3333333333334,768.0,620.6666666666666
NGCT,63,50,731.3333333333333,537.3333333333334,767.3333333333333,657.3333333333333
NGCT,63,51,730.0,622.6666666666666,766.0,664.0
NGCT,63,52,734.6666666666667,635.3333333333334,770.0,665.3333333333333
NGCT,63,53,743.3333333333333,643.3333333333333,779.3333333333333,671.3333333333333
NGCT,63,54,754.6666666666667,652.0,776.6666666666667,674.0
NGCT,63,55,758.6666666666667,655.3333333333333,778.6666666666667,680.6666666666667
NGCT,63,56,762.6666666666667,662.0,784.0,687.3333333333333
NGCT,63,57,0,0,0,0
NGCT,63,58,0,0,0,0
NGCT,63,59,0,0,0,0
NGCT,64,15,0,0,0,0
NGCT,64,16,0,0,0,0
NGCT,64,17,0,0,0,0
NGCT,64,18,778.0,428.6666666666667,847.3333333333333,520.6666666666666
NGCT,64,19,787.3333333333333,423.3333333333333,851.3333333333333,562.6666666666666
NGCT,64,20,806.6666666666667,425.3333333333333,852.0,562.6666666666666
NGCT,64,21,784.0,553.3333333333334,816.0,587.3333333333334
NGCT,64,22,790.0,560.6666666666666,828.0,604.6666666666666
NGCT,64,23,802.6666666666667,572.0,832.0,610.6666666666666
NGCT,64,24,0,0,0,0
NGCT,65,32,0,0,0,0
NGCT,65,33,0,0,0,0
NGCT,65,34,724.6666666666667,580.6666666666666,812.0,622.6666666666666
NGCT,65,35,728.0,566.6666666666666,822.0,622.0
NGCT,65,36,738.6666666666667,556.0,829.3333333333333,621.3333333333334
NGCT,65,37,765.3333333333333,551.3333333333334,810.6666666666667,646.6666666666667
NGCT,65,38,742.6666666666667,514.0,839.3333333333333,652.6666666666667
NGCT,65,39,754.0,506.6666666666667,846.0,662.6666666666667
NGCT,65,40,767.3333333333333,646.6666666666667,800.0,671.3333333333333
NGCT,65,41,0,0,0,0
NGCT,65,42,0,0,0,0
NGCT,65,43,0,0,0,0
NGCT,65,44,0,0,0,0
NGCT,65,45,0,0,0,0
NGCT,65,46,0,0,0,0
NGCT,65,47,0,0,0,0
NGCT,65,48,0,0,0,0
NGCT,65,49,0,0,0,0
NGCT,65,50,0,0,0,0
NGCT,65,51,0,0,0,0
NGCT,65,52,0,0,0,0
NGCT,65,53,0,0,0,0
NGCT,65,54,0,0,0,0
NGCT,65,55,0,0,0,0
NGCT,65,56,0,0,0,0
NGCT,65,57,0,0,0,0
NGCT,65,58,0,0,0,0
NGCT,65,59,0,0,0,0
NGCT,65,60,0,0,0,0
NGCT,65,61,0,0,0,0
NGCT,65,62,0,0,0,0
NGCT,65,63,0,0,0,0
NGCT,65,64,0,0,0,0
NGCT,66,0,724.6666666666667,592.0,749.3333333333333,623.3333333333334
NGCT,66,1,727.3333333333333,604.0,749.3333333333333,630.0
NGCT,66,2,730.6666666666667,592.0,765.3333333333333,624.0
NGCT,66,3,731.3333333333333,597.3333333333334,764.6666666666667,624.0
NGCT,66,4,738.6666666666667,595.3333333333334,765.3333333333333,617.3333333333334
NGCT,66,5,738.0,596.0,766.6666666666667,620.0
NGCT,66,6,742.0,598.0,767.3333333333333,622.6666666666666
NGCT,66,7,740.0,601.3333333333334,768.0,629.3333333333334
NGCT,66,8,738.6666666666667,602.0,767.3333333333333,634.0
NGCT,66,9,736.6666666666667,601.3333333333334,765.3333333333333,634.0
NGCT,66,10,740.6666666666667,612.0,762.0,635.3333333333334
NGCT,66,11,735.3333333333333,616.6666666666666,758.6666666666667,637.3333333333334
NGCT,66,12,739.3333333333333,620.0,754.0,632.6666666666666
NGCT,66,13,738.0,620.0,754.0,634.6666666666666
NGCT,66,14,728.0,614.0,750.6666666666667,630.6666666666666
NGCT,66,15,724.0,619.3333333333334,752.6666666666667,634.6666666666666
NGCT,66,16,0,0,0,0
NGCT,66,17,0,0,0,0
NGCT,66,18,0,0,0,0
NGCT,66,19,0,0,0,0
NGCT,67,65,0,0,0,0
NGCT,67,66,0,0,0,0
NGCT,67,67,739.3333333333333,515.3333333333334,798.6666666666667,573.3333333333334
NGCT,67,68,737.3333333333333,499.3333333333333,811.3333333333333,582.0
NGCT,67,69,734.6666666666667,498.6666666666667,805.3333333333333,611.3333333333334
NGCT,67,70,745.3333333333333,517.3333333333334,792.0,634.6666666666666
NGCT,67,71,771.3333333333333,617.3333333333334,793.3333333333333,653.3333333333333
NGCT,67,72,777.3333333333333,620.6666666666666,800.6666666666667,656.6666666666667
NGCT,67,73,770.6666666666667,628.6666666666666,804.0,658.0
NGCT,67,74,0,0,0,0
NGCT,68,50,696.6666666666667,607.3333333333334,754.6666666666667,684.0
NGCT,68,51,708.6666666666667,583.3333333333334,764.0,715.3333333333333
NGCT,68,52,714.6666666666667,569.3333333333334,773.3333333333333,733.3333333333333
NGCT,68,53,718.0,562.6666666666666,766.0,742.0
NGCT,68,54,714.0,552.0,764.0,745.3333333333333
NGCT,68,55,0,0,0,0
NGCT,68,56,0,0,0,0
NGCT,68,57,0,0,0,0
NGCT,68,58,0,0,0,0
NGCT,68,59,0,0,0,0
NGCT,69,0,0,0,0,0
NGCT,69,1,0,0,0,0
NGCT,69,2,0,0,0,0
NGCT,69,3,0,0,0,0
NGCT,69,4,747.3333333333333,518.6666666666666,776.6666666666667,565.3333333333334
NGCT,69,5,768.0,532.0,792.6666666666667,558.6666666666666
NGCT,69,6,786.6666666666667,530.6666666666666,806.6666666666667,561.3333333333334
NGCT,69,7,788.0,536.6666666666666,814.6666666666667,566.6666666666666
NGCT,69,8,791.3333333333333,526.0,824.0,565.3333333333334
NGCT,69,9,0,0,0,0
NGCT,69,10,0,0,0,0
NGCT,69,11,716.6666666666667,622.6666666666666,741.3333333333333,650.0
NGCT,69,12,707.3333333333333,640.6666666666667,737.3333333333333,658.0
NGCT,69,13,737.3333333333333,664.0,764.0,694.6666666666667
NGCT,69,14,743.3333333333333,670.0,764.6666666666667,695.3333333333333
NGCT,69,15,0,0,0,0
NGCT,69,16,0,0,0,0
NGCT,69,17,0,0,0,0
NGCT,69,18,0,0,0,0
NGCT,69,19,0,0,0,0
NGCT,70,15,0,0,0,0
NGCT,70,16,751.3333333333333,615.3333333333334,778.6666666666667,662.6666666666667
NGCT,70,17,752.6666666666667,628.6666666666666,776.0,662.6666666666667
NGCT,70,18,748.6666666666667,575.3333333333334,782.0,653.3333333333333
NGCT,70,19,740.6666666666667,572.6666666666666,800.6666666666667,661.3333333333333
NGCT,70,20,742.6666666666667,568.0,802.6666666666667,609.3333333333334
NGCT,70,21,730.6666666666667,554.0,813.3333333333333,625.3333333333334
NGCT,70,22,732.6666666666667,542.6666666666666,812.6666666666667,641.3333333333333
NGCT,70,23,714.0,581.3333333333334,784.0,648.0
NGCT,70,24,752.6666666666667,575.3333333333334,781.3333333333333,648.0
NGCT,70,25,0,0,0,0
NGCT,70,26,750.0,631.3333333333334,780.6666666666667,679.3333333333333
NGCT,70,27,762.0,648.6666666666667,791.3333333333333,689.3333333333333
NGCT,70,28,763.3333333333333,658.0,790.6666666666667,688.6666666666667
NGCT,70,29,766.6666666666667,672.6666666666667,787.3333333333333,693.3333333333333
NGCT,70,30,0,0,0,0
NGCT,70,31,0,0,0,0
NGCT,70,32,0,0,0,0
NGCT,70,33,0,0,0,0
NGCT,70,34,0,0,0,0
NGCT,70,35,0,0,0,0
NGCT,70,36,0,0,0,0
NGCT,70,37,0,0,0,0
NGCT,70,38,0,0,0,0
NGCT,70,39,0,0,0,0
NGCT,70,40,0,0,0,0
NGCT,70,41,0,0,0,0
NGCT,70,42,0,0,0,0
NGCT,70,43,0,0,0,0
NGCT,70,44,0,0,0,0
NGCT,70,45,0,0,0,0
NGCT,70,46,0,0,0,0
NGCT,70,47,0,0,0,0
NGCT,70,48,0,0,0,0
NGCT,70,49,0,0,0,0
NGCT,70,50,0,0,0,0
NGCT,70,51,0,0,0,0
NGCT,70,52,0,0,0,0
NGCT,70,53,0,0,0,0
NGCT,70,54,0,0,0,0
NGCT,70,55,0,0,0,0
NGCT,70,56,0,0,0,0
NGCT,70,57,0,0,0,0
NGCT,70,58,0,0,0,0
NGCT,70,59,0,0,0,0
NGCT,70,60,0,0,0,0
NGCT,70,61,0,0,0,0
NGCT,70,62,0,0,0,0
NGCT,70,63,0,0,0,0
NGCT,70,64,0,0,0,0
NGCT,71,0,702.0,527.3333333333334,779.3333333333333,586.6666666666666
NGCT,71,1,720.0,472.6666666666667,809.3333333333333,582.0
NGCT,71,2,721.3333333333333,465.3333333333333,814.6666666666667,587.3333333333334
NGCT,71,3,744.0,438.0,816.0,598.0
NGCT,71,4,745.3333333333333,424.6666666666667,818.6666666666667,598.6666666666666
NGCT,71,5,751.3333333333333,426.0,825.3333333333333,602.0
NGCT,71,6,759.3333333333333,420.6666666666667,824.0,610.0
NGCT,71,7,758.0,580.6666666666666,776.6666666666667,610.6666666666666
NGCT,71,8,762.6666666666667,591.3333333333334,783.3333333333333,610.6666666666666
NGCT,71,9,762.6666666666667,600.6666666666666,782.0,616.0
NGCT,71,10,764.6666666666667,602.0,783.3333333333333,617.3333333333334
NGCT,71,11,765.3333333333333,601.3333333333334,782.6666666666667,621.3333333333334
NGCT,71,12,0,0,0,0
NGCT,71,13,0,0,0,0
NGCT,71,14,0,0,0,0
NGCT,71,15,0,0,0,0
NGCT,71,16,0,0,0,0
NGCT,71,17,0,0,0,0
NGCT,71,18,0,0,0,0
NGCT,71,19,0,0,0,0
NGCT,74,15,0,0,0,0
NGCT,74,16,624.6666666666666,561.3333333333334,698.6666666666667,581.3333333333334
NGCT,74,17,622.6666666666666,548.6666666666666,700.0,575.3333333333334
NGCT,74,18,620.6666666666666,545.3333333333334,712.6666666666667,585.3333333333334
NGCT,74,19,631.3333333333334,535.3333333333334,726.0,592.6666666666666
NGCT,74,20,648.6666666666667,542.6666666666666,714.6666666666667,585.3333333333334
NGCT,74,21,690.6666666666667,543.3333333333334,710.6666666666667,557.3333333333334
NGCT,74,22,683.3333333333333,538.0,736.0,588.0
NGCT,74,23,690.0,534.0,742.0,593.3333333333334
NGCT,74,24,696.0,526.6666666666666,750.0,595.3333333333334
NGCT,74,25,701.3333333333333,521.3333333333334,763.3333333333333,570.0
NGCT,74,26,706.0,507.3333333333333,747.3333333333333,589.3333333333334
NGCT,74,27,707.3333333333333,505.3333333333333,766.0,585.3333333333334
NGCT,74,28,708.0,502.0,755.3333333333333,584.0
NGCT,74,29,716.6666666666667,504.6666666666667,750.6666666666667,574.0
NGCT,74,30,723.3333333333333,495.3333333333333,781.3333333333333,585.3333333333334
NGCT,74,31,722.6666666666667,470.6666666666667,786.0,592.0
NGCT,74,32,726.0,463.3333333333333,787.3333333333333,588.6666666666666
NGCT,74,33,730.6666666666667,576.6666666666666,750.0,592.0
NGCT,74,34,0,0,0,0
NGCT,74,35,0,0,0,0
NGCT,74,36,0,0,0,0
NGCT,74,37,0,0,0,0
NGCT,74,38,0,0,0,0
NGCT,74,39,0,0,0,0
NGCT,74,40,0,0,0,0
NGCT,74,41,0,0,0,0
NGCT,74,42,0,0,0,0
NGCT,74,43,0,0,0,0
NGCT,74,44,0,0,0,0
NGCT,74,45,0,0,0,0
NGCT,74,46,0,0,0,0
NGCT,74,47,0,0,0,0
NGCT,74,48,0,0,0,0
NGCT,74,49,0,0,0,0
NGCT,74,50,0,0,0,0
NGCT,74,51,0,0,0,0
NGCT,74,52,0,0,0,0
NGCT,74,53,0,0,0,0
NGCT,74,54,0,0,0,0
NGCT,74,55,0,0,0,0
NGCT,74,56,0,0,0,0
NGCT,74,57,0,0,0,0
NGCT,74,58,0,0,0,0
NGCT,74,59,0,0,0,0
NGCT,74,60,0,0,0,0
NGCT,74,61,0,0,0,0
NGCT,74,62,0,0,0,0
NGCT,74,63,0,0,0,0
NGCT,74,64,0,0,0,0
NGCT,74,65,0,0,0,0
NGCT,74,66,0,0,0,0
NGCT,74,67,0,0,0,0
NGCT,74,68,0,0,0,0
NGCT,74,69,0,0,0,0
NGCT,74,70,0,0,0,0
NGCT,74,71,0,0,0,0
NGCT,74,72,0,0,0,0
NGCT,74,73,0,0,0,0
NGCT,74,74,0,0,0,0
NGCT,74,75,0,0,0,0
NGCT,74,76,0,0,0,0
NGCT,74,77,0,0,0,0
NGCT,75,55,0,0,0,0
NGCT,75,56,668.6666666666667,546.0,712.6666666666667,606.6666666666666
NGCT,75,57,652.0,516.0,756.6666666666667,615.3333333333334
NGCT,75,58,645.3333333333333,510.6666666666667,766.0,621.3333333333334
NGCT,75,59,711.3333333333333,500.0,774.0,618.0
NGCT,75,60,711.3333333333333,494.0,782.0,635.3333333333334
NGCT,75,61,698.0,481.3333333333333,790.6666666666667,648.0
NGCT,75,62,701.3333333333333,472.6666666666667,792.0,654.6666666666667
NGCT,75,63,0,0,0,0
NGCT,75,64,0,0,0,0
NGCT,78,0,0,0,0,0
NGCT,78,1,772.0,674.0,812.6666666666667,704.0
NGCT,78,2,750.0,662.0,793.3333333333333,686.6666666666667
NGCT,78,3,704.6666666666667,630.6666666666666,814.0,715.3333333333333
NGCT,78,4,708.6666666666667,629.3333333333334,818.0,720.6666666666667
NGCT,78,5,719.3333333333333,620.6666666666666,828.6666666666667,709.3333333333333
NGCT,78,6,712.6666666666667,608.0,836.6666666666667,719.3333333333333
NGCT,78,7,771.3333333333333,595.3333333333334,845.3333333333333,718.6666666666667
NGCT,78,8,794.6666666666667,584.6666666666666,851.3333333333333,721.3333333333333
NGCT,78,9,746.0,582.6666666666666,849.3333333333333,724.0
NGCT,78,10,752.6666666666667,576.6666666666666,854.0,758.0
NGCT,78,11,748.6666666666667,576.6666666666666,858.0,757.3333333333333
NGCT,78,12,762.6666666666667,568.0,864.6666666666667,778.6666666666667
NGCT,78,13,758.0,570.0,868.6666666666667,772.6666666666667
NGCT,78,14,769.3333333333333,570.0,865.3333333333333,778.0
NGCT,78,15,783.3333333333333,565.3333333333334,868.0,785.3333333333333
NGCT,78,16,780.6666666666667,560.6666666666666,871.3333333333333,788.6666666666667
NGCT,78,17,0,0,0,0
NGCT,78,18,0,0,0,0
NGCT,78,19,0,0,0,0
NGCT,78,20,0,0,0,0
NGCT,78,21,0,0,0,0
NGCT,78,22,0,0,0,0
NGCT,78,23,0,0,0,0
NGCT,78,24,0,0,0,0
NGCT,78,25,0,0,0,0
NGCT,78,26,0,0,0,0
NGCT,78,27,0,0,0,0
NGCT,78,28,0,0,0,0
NGCT,78,29,0,0,0,0
NGCT,79,55,702.6666666666667,495.3333333333333,773.3333333333333,570.0
NGCT,79,56,695.3333333333333,494.6666666666667,791.3333333333333,584.0
NGCT,79,57,704.6666666666667,500.6666666666667,802.0,577.3333333333334
NGCT,79,58,703.3333333333333,528.6666666666666,804.6666666666667,583.3333333333334
NGCT,79,59,716.0,536.0,812.6666666666667,594.0
NGCT,79,60,772.0,542.0,818.6666666666667,558.6666666666666
NGCT,79,61,0,0,0,0
NGCT,79,62,0,0,0,0
NGCT,79,63,0,0,0,0
NGCT,79,64,0,0,0,0
NGCT,79,65,0,0,0,0
NGCT,79,66,0,0,0,0
NGCT,79,67,0,0,0,0
NGCT,79,68,0,0,0,0
NGCT,79,69,0,0,0,0
NGCT,80,20,0,0,0,0
NGCT,80,21,737.3333333333333,552.0,779.3333333333333,602.6666666666666
NGCT,80,22,734.6666666666667,550.6666666666666,790.6666666666667,606.0
NGCT,80,23,753.3333333333333,550.0,798.0,595.3333333333334
NGCT,80,24,773.3333333333333,545.3333333333334,807.3333333333333,562.6666666666666
NGCT,80,25,787.3333333333333,546.6666666666666,813.3333333333333,562.6666666666666
NGCT,80,26,0,0,0,0
NGCT,80,27,0,0,0,0
NGCT,80,28,0,0,0,0
NGCT,80,29,0,0,0,0
NGCT,82,40,711.3333333333333,624.6666666666666,800.0,663.3333333333333
NGCT,82,41,758.6666666666667,599.3333333333334,828.0,645.3333333333333
NGCT,82,42,764.6666666666667,578.0,841.3333333333333,644.6666666666667
NGCT,82,43,768.6666666666667,572.6666666666666,844.6666666666667,648.0
NGCT,82,44,774.6666666666667,542.6666666666666,878.0,649.3333333333333
NGCT,82,45,796.6666666666667,530.0,885.3333333333333,668.6666666666667
NGCT,82,46,803.3333333333333,529.3333333333334,884.0,669.3333333333333
NGCT,82,47,806.6666666666667,514.0,862.6666666666667,675.3333333333333
NGCT,82,48,802.6666666666667,662.6666666666667,824.0,678.6666666666667
NGCT,82,49,0,0,0,0
NGCT,82,50,0,0,0,0
NGCT,82,51,0,0,0,0
NGCT,82,52,0,0,0,0
NGCT,82,53,0,0,0,0
NGCT,82,54,0,0,0,0
NGCT,82,55,0,0,0,0
NGCT,82,56,0,0,0,0
NGCT,82,57,0,0,0,0
NGCT,82,58,0,0,0,0
NGCT,82,59,0,0,0,0
NGCT,82,60,0,0,0,0
NGCT,82,61,0,0,0,0
NGCT,82,62,0,0,0,0
NGCT,82,63,0,0,0,0
NGCT,82,64,0,0,0,0
NGCT,83,55,0,0,0,0
NGCT,83,56,0,0,0,0
NGCT,83,57,675.3333333333333,536.6666666666666,710.6666666666667,568.6666666666666
NGCT,83,58,676.0,475.3333333333333,759.3333333333333,567.3333333333334
NGCT,83,59,647.3333333333333,471.3333333333333,767.3333333333333,572.6666666666666
NGCT,83,60,640.0,455.3333333333333,771.3333333333333,593.3333333333334
NGCT,83,61,644.6666666666667,437.3333333333333,775.3333333333333,606.0
NGCT,83,62,680.0,430.0,774.0,612.0
NGCT,83,63,687.3333333333333,414.6666666666667,772.0,602.6666666666666
NGCT,83,64,715.3333333333333,402.6666666666667,769.3333333333333,640.0
NGCT,83,65,725.3333333333333,398.6666666666667,776.6666666666667,644.0
NGCT,83,66,719.3333333333333,400.0,770.0,654.6666666666667
NGCT,83,67,728.0,401.3333333333333,774.6666666666667,657.3333333333333
NGCT,83,68,725.3333333333333,398.0,789.3333333333333,645.3333333333333
NGCT,83,69,720.6666666666667,395.3333333333333,795.3333333333333,662.6666666666667
NGCT,83,70,725.3333333333333,397.3333333333333,794.0,666.6666666666667
NGCT,83,71,768.6666666666667,392.6666666666667,806.0,415.3333333333333
NGCT,83,72,779.3333333333333,394.6666666666667,805.3333333333333,415.3333333333333
NGCT,83,73,747.3333333333333,635.3333333333334,771.3333333333333,650.6666666666667
NGCT,83,74,0,0,0,0
NGCT,83,75,0,0,0,0
NGCT,83,76,0,0,0,0
NGCT,83,77,0,0,0,0
NGCT,83,78,0,0,0,0
NGCT,83,79,0,0,0,0
NGCT,83,80,0,0,0,0
NGCT,83,81,0,0,0,0
NGCT,83,82,0,0,0,0
NGCT,83,83,0,0,0,0
NGCT,83,84,0,0,0,0
NGCT,83,85,0,0,0,0
NGCT,83,86,0,0,0,0
NGCT,83,87,0,0,0,0
NGCT,83,88,0,0,0,0
NGCT,83,89,0,0,0,0
NGCT,83,90,0,0,0,0
NGCT,83,91,0,0,0,0
NGCT,83,92,0,0,0,0
NGCT,83,93,0,0,0,0
NGCT,83,94,0,0,0,0
NGCT,84,60,0,0,0,0
NGCT,84,61,704.6666666666667,520.6666666666666,737.3333333333333,559.3333333333334
NGCT,84,62,691.3333333333333,488.0,768.6666666666667,566.0
NGCT,84,63,677.3333333333333,470.6666666666667,782.6666666666667,570.0
NGCT,84,64,716.0,459.3333333333333,790.0,570.0
NGCT,84,65,688.0,448.0,791.3333333333333,601.3333333333334
NGCT,84,66,687.3333333333333,436.6666666666667,806.6666666666667,614.0
NGCT,84,67,689.3333333333333,423.3333333333333,805.3333333333333,618.0
NGCT,84,68,703.3333333333333,418.0,814.0,636.6666666666666
NGCT,84,69,710.6666666666667,404.6666666666667,814.6666666666667,628.0
NGCT,84,70,716.0,598.0,756.6666666666667,629.3333333333334
NGCT,84,71,720.0,388.0,813.3333333333333,622.6666666666666
NGCT,84,72,726.0,388.0,814.0,622.0
NGCT,84,73,751.3333333333333,598.0,786.0,630.0
NGCT,84,74,748.6666666666667,602.6666666666666,786.6666666666667,636.6666666666666
NGCT,84,75,772.0,601.3333333333334,793.3333333333333,632.0
NGCT,84,76,776.0,600.6666666666666,795.3333333333333,621.3333333333334
NGCT,84,77,0,0,0,0
NGCT,84,78,0,0,0,0
NGCT,84,79,0,0,0,0
NGCT,85,5,0,0,0,0
NGCT,85,6,0,0,0,0
NGCT,85,7,0,0,0,0
NGCT,85,8,0,0,0,0
NGCT,85,9,0,0,0,0
NGCT,85,10,0,0,0,0
NGCT,85,11,0,0,0,0
NGCT,85,12,0,0,0,0
NGCT,85,13,0,0,0,0
NGCT,85,14,0,0,0,0
NGCT,85,15,658.6666666666667,643.3333333333333,738.0,671.3333333333333
NGCT,85,16,664.6666666666667,642.0,737.3333333333333,670.0
NGCT,85,17,659.3333333333333,631.3333333333334,749.3333333333333,670.0
NGCT,85,18,662.0,621.3333333333334,762.6666666666667,666.6666666666667
NGCT,85,19,676.0,616.6666666666666,760.6666666666667,670.6666666666667
NGCT,85,20,692.0,604.0,779.3333333333333,672.0
NGCT,85,21,723.3333333333333,602.6666666666666,779.3333333333333,676.0
NGCT,85,22,733.3333333333333,603.3333333333334,758.6666666666667,686.0
NGCT,85,23,747.3333333333333,580.6666666666666,791.3333333333333,694.0
NGCT,85,24,764.6666666666667,594.6666666666666,779.3333333333333,611.3333333333334
NGCT,85,25,0,0,0,0
NGCT,85,26,0,0,0,0
NGCT,86,20,0,0,0,0
NGCT,86,21,0,0,0,0
NGCT,86,22,0,0,0,0
NGCT,86,23,0,0,0,0
NGCT,86,24,0,0,0,0
NGCT,86,25,0,0,0,0
NGCT,86,26,0,0,0,0
NGCT,86,27,0,0,0,0
NGCT,86,28,0,0,0,0
NGCT,86,29,0,0,0,0
NGCT,86,30,0,0,0,0
NGCT,86,31,0,0,0,0
NGCT,86,32,0,0,0,0
NGCT,86,33,0,0,0,0
NGCT,86,34,0,0,0,0
NGCT,86,35,0,0,0,0
NGCT,86,36,711.3333333333333,538.6666666666666,733.3333333333333,558.6666666666666
NGCT,86,37,700.0,520.0,786.0,567.3333333333334
NGCT,86,38,742.6666666666667,512.0,805.3333333333333,564.6666666666666
NGCT,86,39,746.6666666666667,510.6666666666667,804.0,560.0
NGCT,86,40,811.3333333333333,497.3333333333333,842.0,513.3333333333334
NGCT,86,41,834.6666666666667,483.3333333333333,856.6666666666667,500.6666666666667
NGCT,86,42,847.3333333333333,478.6666666666667,862.6666666666667,493.3333333333333
NGCT,86,43,848.6666666666667,468.6666666666667,864.0,482.6666666666667
NGCT,86,44,0,0,0,0
NGCT,87,5,0,0,0,0
NGCT,87,6,0,0,0,0
NGCT,87,7,0,0,0,0
NGCT,87,8,0,0,0,0
NGCT,87,9,0,0,0,0
NGCT,87,10,0,0,0,0
NGCT,87,11,0,0,0,0
NGCT,87,12,0,0,0,0
NGCT,87,13,0,0,0,0
NGCT,87,14,0,0,0,0
NGCT,87,15,0,0,0,0
NGCT,87,16,0,0,0,0
NGCT,87,17,0,0,0,0
NGCT,87,18,0,0,0,0
NGCT,87,19,0,0,0,0
NGCT,87,20,0,0,0,0
NGCT,87,21,0,0,0,0
NGCT,87,22,0,0,0,0
NGCT,87,23,0,0,0,0
NGCT,87,24,0,0,0,0
NGCT,87,25,0,0,0,0
NGCT,87,26,0,0,0,0
NGCT,87,27,0,0,0,0
NGCT,87,28,0,0,0,0
NGCT,87,29,0,0,0,0
NGCT,87,30,0,0,0,0
NGCT,87,31,0,0,0,0
NGCT,87,32,0,0,0,0
NGCT,87,33,0,0,0,0
NGCT,87,34,0,0,0,0
NGCT,87,35,0,0,0,0
NGCT,87,36,0,0,0,0
NGCT,87,37,0,0,0,0
NGCT,87,38,0,0,0,0
NGCT,87,39,0,0,0,0
NGCT,87,40,0,0,0,0
NGCT,87,41,0,0,0,0
NGCT,87,42,0,0,0,0
NGCT,87,43,0,0,0,0
NGCT,87,44,0,0,0,0
NGCT,87,45,0,0,0,0
NGCT,87,46,0,0,0,0
NGCT,87,47,0,0,0,0
NGCT,87,48,0,0,0,0
NGCT,87,49,0,0,0,0
NGCT,87,50,0,0,0,0
NGCT,87,51,0,0,0,0
NGCT,87,52,0,0,0,0
NGCT,87,53,0,0,0,0
NGCT,87,54,0,0,0,0
NGCT,87,55,0,0,0,0
NGCT,87,56,0,0,0,0
NGCT,87,57,0,0,0,0
NGCT,87,58,0,0,0,0
NGCT,87,59,710.6666666666667,625.3333333333334,729.3333333333333,672.0
NGCT,87,60,716.0,617.3333333333334,732.6666666666667,661.3333333333333
NGCT,87,61,0,0,0,0
NGCT,87,62,0,0,0,0
NGCT,87,63,0,0,0,0
NGCT,87,64,665.3333333333333,590.6666666666666,739.3333333333333,643.3333333333333
NGCT,87,65,679.3333333333333,588.0,747.3333333333333,656.6666666666667
NGCT,87,66,682.6666666666667,569.3333333333334,766.0,661.3333333333333
NGCT,87,67,684.6666666666667,534.6666666666666,761.3333333333333,669.3333333333333
NGCT,87,68,724.0,526.0,752.6666666666667,678.6666666666667
NGCT,87,69,735.3333333333333,520.0,753.3333333333333,540.6666666666666
NGCT,87,70,734.6666666666667,513.3333333333334,752.0,538.6666666666666
NGCT,87,71,734.6666666666667,493.3333333333333,752.6666666666667,522.6666666666666
NGCT,87,72,737.3333333333333,489.3333333333333,756.6666666666667,509.3333333333333
NGCT,87,73,736.0,482.6666666666667,758.0,500.0
NGCT,87,74,728.0,478.6666666666667,751.3333333333333,496.0
NGCT,87,75,726.0,476.6666666666667,750.6666666666667,494.6666666666667
NGCT,87,76,730.6666666666667,476.0,748.0,491.3333333333333
NGCT,87,77,0,0,0,0
NGCT,87,78,0,0,0,0
NGCT,87,79,0,0,0,0
NGCT,88,35,0,0,0,0
NGCT,88,36,683.3333333333333,568.6666666666666,702.6666666666667,581.3333333333334
NGCT,88,37,683.3333333333333,558.0,724.0,596.6666666666666
NGCT,88,38,681.3333333333333,548.0,740.6666666666667,602.6666666666666
NGCT,88,39,690.6666666666667,530.0,765.3333333333333,592.6666666666666
NGCT,88,40,694.0,512.0,782.0,600.0
NGCT,88,41,692.6666666666667,511.3333333333333,760.0,604.6666666666666
NGCT,88,42,697.3333333333333,500.6666666666667,777.3333333333333,607.3333333333334
NGCT,88,43,724.0,576.6666666666666,760.0,601.3333333333334
NGCT,88,44,728.0,596.0,750.6666666666667,627.3333333333334
NGCT,88,45,728.6666666666667,606.6666666666666,747.3333333333333,630.0
NGCT,88,46,0,0,0,0
NGCT,89,0,0,0,0,0
NGCT,89,1,0,0,0,0
NGCT,89,2,0,0,0,0
NGCT,89,3,766.0,520.0,786.6666666666667,544.0
NGCT,89,4,770.6666666666667,519.3333333333334,790.0,543.3333333333334
NGCT,89,5,684.0,476.6666666666667,798.6666666666667,560.0
NGCT,89,6,696.0,478.6666666666667,800.6666666666667,551.3333333333334
NGCT,89,7,698.6666666666667,478.6666666666667,812.0,548.0
NGCT,89,8,726.0,453.3333333333333,833.3333333333333,555.3333333333334
NGCT,89,9,761.3333333333333,435.3333333333333,825.3333333333333,565.3333333333334
NGCT,89,10,764.0,424.6666666666667,831.3333333333333,567.3333333333334
NGCT,89,11,791.3333333333333,421.3333333333333,835.3333333333333,605.3333333333334
NGCT,89,12,771.3333333333333,407.3333333333333,842.0,590.6666666666666
NGCT,89,13,776.6666666666667,404.6666666666667,841.3333333333333,593.3333333333334
NGCT,89,14,781.3333333333333,398.6666666666667,844.0,600.0
NGCT,89,15,786.6666666666667,396.0,847.3333333333333,610.6666666666666
NGCT,89,16,788.6666666666667,592.0,806.0,612.6666666666666
NGCT,89,17,790.0,599.3333333333334,825.3333333333333,623.3333333333334
NGCT,89,18,804.6666666666667,598.0,828.6666666666667,623.3333333333334
NGCT,89,19,791.3333333333333,604.0,810.0,628.6666666666666
NGCT,89,20,0,0,0,0
NGCT,89,21,0,0,0,0
NGCT,89,22,0,0,0,0
NGCT,89,23,0,0,0,0
NGCT,89,24,0,0,0,0
NGCT,89,25,0,0,0,0
NGCT,89,26,0,0,0,0
NGCT,89,27,0,0,0,0
NGCT,89,28,0,0,0,0
NGCT,89,29,0,0,0,0
NGCT,89,30,0,0,0,0
NGCT,89,31,0,0,0,0
NGCT,89,32,0,0,0,0
NGCT,89,33,0,0,0,0
NGCT,89,34,0,0,0,0
NGCT,89,35,0,0,0,0
NGCT,89,36,0,0,0,0
NGCT,89,37,0,0,0,0
NGCT,89,38,0,0,0,0
NGCT,89,39,0,0,0,0
NGCT,89,40,0,0,0,0
NGCT,89,41,0,0,0,0
NGCT,89,42,0,0,0,0
NGCT,89,43,0,0,0,0
NGCT,89,44,0,0,0,0
NGCT,89,45,0,0,0,0
NGCT,89,46,0,0,0,0
NGCT,89,47,0,0,0,0
NGCT,89,48,0,0,0,0
NGCT,89,49,0,0,0,0
NGCT,89,50,0,0,0,0
NGCT,89,51,0,0,0,0
NGCT,89,52,0,0,0,0
NGCT,89,53,0,0,0,0
NGCT,89,54,0,0,0,0
NGCT,89,55,0,0,0,0
NGCT,89,56,0,0,0,0
NGCT,89,57,0,0,0,0
NGCT,89,58,0,0,0,0
NGCT,89,59,0,0,0,0
NGCT,89,60,0,0,0,0
NGCT,89,61,0,0,0,0
NGCT,89,62,0,0,0,0
NGCT,89,63,0,0,0,0
NGCT,89,64,0,0,0,0
NGCT,89,65,0,0,0,0
NGCT,89,66,0,0,0,0
NGCT,89,67,0,0,0,0
NGCT,89,68,0,0,0,0
NGCT,89,69,0,0,0,0
NGCT,89,70,0,0,0,0
NGCT,89,71,0,0,0,0
NGCT,89,72,0,0,0,0
NGCT,89,73,0,0,0,0
NGCT,89,74,0,0,0,0
NGCT,90,40,0,0,0,0
NGCT,90,41,0,0,0,0
NGCT,90,42,0,0,0,0
NGCT,90,43,750.6666666666667,542.0,800.6666666666667,560.6666666666666
NGCT,90,44,759.3333333333333,530.0,782.6666666666667,552.6666666666666
NGCT,90,45,754.6666666666667,542.6666666666666,772.0,566.0
NGCT,90,46,0,0,0,0
NGCT,90,47,719.3333333333333,630.0,759.3333333333333,653.3333333333333
NGCT,90,48,0,0,0,0
NGCT,90,49,0,0,0,0
NGCT,91,45,0,0,0,0
NGCT,91,46,0,0,0,0
NGCT,91,47,0,0,0,0
NGCT,91,48,0,0,0,0
NGCT,91,49,0,0,0,0
NGCT,91,50,0,0,0,0
NGCT,91,51,0,0,0,0
NGCT,91,52,0,0,0,0
NGCT,91,53,0,0,0,0
NGCT,91,54,0,0,0,0
NGCT,91,55,0,0,0,0
NGCT,91,56,0,0,0,0
NGCT,91,57,0,0,0,0
NGCT,91,58,0,0,0,0
NGCT,91,59,0,0,0,0
NGCT,91,60,0,0,0,0
NGCT,91,61,665.3333333333333,602.0,691.3333333333333,628.0
NGCT,91,62,664.6666666666667,601.3333333333334,690.0,626.6666666666666
NGCT,91,63,658.0,610.0,688.6666666666667,632.6666666666666
NGCT,91,64,657.3333333333333,604.0,688.6666666666667,628.0
NGCT,91,65,666.0,596.6666666666666,696.6666666666667,626.6666666666666
NGCT,91,66,658.6666666666667,591.3333333333334,704.6666666666667,612.0
NGCT,91,67,687.3333333333333,592.6666666666666,719.3333333333333,616.0
NGCT,91,68,658.0,550.0,698.6666666666667,587.3333333333334
NGCT,91,69,659.3333333333333,552.6666666666666,708.0,618.6666666666666
NGCT,91,70,661.3333333333333,541.3333333333334,714.6666666666667,613.3333333333334
NGCT,91,71,689.3333333333333,531.3333333333334,724.0,612.6666666666666
NGCT,91,72,700.6666666666667,521.3333333333334,736.0,659.3333333333333
NGCT,91,73,703.3333333333333,490.6666666666667,741.3333333333333,665.3333333333333
NGCT,91,74,718.0,483.3333333333333,743.3333333333333,636.6666666666666
NGCT,91,75,714.6666666666667,475.3333333333333,739.3333333333333,642.6666666666667
NGCT,91,76,722.6666666666667,455.3333333333333,756.0,477.3333333333333
NGCT,91,77,0,0,0,0
NGCT,91,78,0,0,0,0
NGCT,91,79,0,0,0,0
NGCT,92,40,0,0,0,0
NGCT,92,41,740.0,544.6666666666666,768.6666666666667,591.3333333333334
NGCT,92,42,742.6666666666667,550.0,768.6666666666667,586.0
NGCT,92,43,742.6666666666667,520.0,769.3333333333333,534.6666666666666
NGCT,92,44,746.0,502.0,764.6666666666667,526.6666666666666
NGCT,92,45,743.3333333333333,500.0,764.6666666666667,521.3333333333334
NGCT,92,46,0,0,0,0
NGCT,92,47,0,0,0,0
NGCT,92,48,0,0,0,0
NGCT,92,49,0,0,0,0
NGCT,93,35,0,0,0,0
NGCT,93,36,0,0,0,0
NGCT,93,37,0,0,0,0
NGCT,93,38,0,0,0,0
NGCT,93,39,0,0,0,0
NGCT,93,40,0,0,0,0
NGCT,93,41,0,0,0,0
NGCT,93,42,0,0,0,0
NGCT,93,43,0,0,0,0
NGCT,93,44,0,0,0,0
NGCT,93,45,0,0,0,0
NGCT,93,46,0,0,0,0
NGCT,93,47,0,0,0,0
NGCT,93,48,0,0,0,0
NGCT,93,49,0,0,0,0
NGCT,93,50,0,0,0,0
NGCT,93,51,0,0,0,0
NGCT,93,52,0,0,0,0
NGCT,93,53,0,0,0,0
NGCT,93,54,0,0,0,0
NGCT,93,55,0,0,0,0
NGCT,93,56,0,0,0,0
NGCT,93,57,0,0,0,0
NGCT,93,58,0,0,0,0
NGCT,93,59,673.3333333333333,626.6666666666666,705.3333333333333,648.0
NGCT,93,60,679.3333333333333,614.0,710.0,647.3333333333333
NGCT,93,61,658.0,612.6666666666666,738.6666666666667,654.0
NGCT,93,62,694.0,588.0,756.0,645.3333333333333
NGCT,93,63,690.6666666666667,597.3333333333334,732.6666666666667,636.0
NGCT,93,64,693.3333333333333,600.0,725.3333333333333,653.3333333333333
NGCT,93,65,690.6666666666667,582.6666666666666,751.3333333333333,656.0
NGCT,93,66,707.3333333333333,609.3333333333334,727.3333333333333,644.0
NGCT,93,67,700.6666666666667,612.6666666666666,734.0,652.0
NGCT,93,68,717.3333333333333,624.0,749.3333333333333,678.6666666666667
NGCT,93,69,0,0,0,0
NGCT,94,47,0,0,0,0
NGCT,94,48,0,0,0,0
NGCT,94,49,0,0,0,0
NGCT,94,50,0,0,0,0
NGCT,94,51,0,0,0,0
NGCT,94,52,0,0,0,0
NGCT,94,53,0,0,0,0
NGCT,94,54,0,0,0,0
NGCT,94,55,0,0,0,0
NGCT,94,56,621.3333333333334,583.3333333333334,652.0,606.0
NGCT,94,57,616.0,584.6666666666666,656.0,613.3333333333334
NGCT,94,58,644.6666666666667,584.0,688.0,620.6666666666666
NGCT,94,59,642.6666666666667,584.0,693.3333333333333,611.3333333333334
NGCT,94,60,635.3333333333334,560.0,731.3333333333333,616.0
NGCT,94,61,688.6666666666667,559.3333333333334,731.3333333333333,592.0
NGCT,94,62,686.0,561.3333333333334,712.6666666666667,598.6666666666666
NGCT,94,63,0,0,0,0
NGCT,94,64,0,0,0,0
NGCT,94,65,0,0,0,0
NGCT,94,66,0,0,0,0
NGCT,94,67,0,0,0,0
NGCT,94,68,0,0,0,0
NGCT,94,69,0,0,0,0
NGCT,95,0,0,0,0,0
NGCT,95,1,0,0,0,0
NGCT,95,2,0,0,0,0
NGCT,95,3,0,0,0,0
NGCT,95,4,671.3333333333333,492.6666666666667,772.0,538.0
NGCT,95,5,695.3333333333333,477.3333333333333,761.3333333333333,542.0
NGCT,95,6,699.3333333333333,516.6666666666666,729.3333333333333,544.6666666666666
NGCT,95,7,697.3333333333333,501.3333333333333,731.3333333333333,551.3333333333334
NGCT,95,8,710.6666666666667,535.3333333333334,739.3333333333333,564.6666666666666
NGCT,95,9,725.3333333333333,544.0,746.6666666666667,590.0
NGCT,95,10,733.3333333333333,572.0,756.0,620.6666666666666
NGCT,95,11,725.3333333333333,596.6666666666666,755.3333333333333,639.3333333333334
NGCT,95,12,736.0,600.0,754.0,631.3333333333334
NGCT,95,13,0,0,0,0
NGCT,95,14,0,0,0,0
NGCT,96,5,695.3333333333333,568.0,719.3333333333333,590.6666666666666
NGCT,96,6,700.0,566.6666666666666,732.0,595.3333333333334
NGCT,96,7,679.3333333333333,565.3333333333334,756.6666666666667,612.0
NGCT,96,8,680.6666666666667,559.3333333333334,764.0,618.6666666666666
NGCT,96,9,688.6666666666667,560.6666666666666,775.3333333333333,618.0
NGCT,96,10,692.6666666666667,603.3333333333334,717.3333333333333,630.0
NGCT,96,11,704.0,616.0,720.0,638.0
NGCT,96,12,704.6666666666667,624.0,720.0,644.0
NGCT,96,13,702.6666666666667,626.6666666666666,720.6666666666667,644.6666666666667
NGCT,96,14,0,0,0,0
NGCT,96,15,0,0,0,0
NGCT,96,16,0,0,0,0
NGCT,96,17,0,0,0,0
NGCT,96,18,0,0,0,0
NGCT,96,19,0,0,0,0
NGCT,96,20,0,0,0,0
NGCT,96,21,0,0,0,0
NGCT,96,22,0,0,0,0
NGCT,96,23,0,0,0,0
NGCT,96,24,0,0,0,0
NGCT,96,25,0,0,0,0
NGCT,96,26,0,0,0,0
NGCT,96,27,0,0,0,0
NGCT,96,28,0,0,0,0
NGCT,96,29,0,0,0,0
NGCT,96,30,0,0,0,0
NGCT,96,31,0,0,0,0
NGCT,96,32,0,0,0,0
NGCT,96,33,0,0,0,0
NGCT,96,34,0,0,0,0
NGCT,96,35,0,0,0,0
NGCT,96,36,0,0,0,0
NGCT,96,37,0,0,0,0
NGCT,96,38,0,0,0,0
NGCT,96,39,0,0,0,0
NGCT,96,40,0,0,0,0
NGCT,96,41,0,0,0,0
NGCT,96,42,0,0,0,0
NGCT,96,43,0,0,0,0
NGCT,96,44,0,0,0,0
NGCT,96,45,0,0,0,0
NGCT,96,46,0,0,0,0
NGCT,96,47,0,0,0,0
NGCT,96,48,0,0,0,0
NGCT,96,49,0,0,0,0
NGCT,96,50,0,0,0,0
NGCT,96,51,0,0,0,0
NGCT,96,52,0,0,0,0
NGCT,96,53,0,0,0,0
NGCT,96,54,0,0,0,0
NGCT,96,55,0,0,0,0
NGCT,96,56,0,0,0,0
NGCT,96,57,0,0,0,0
NGCT,96,58,0,0,0,0
NGCT,96,59,0,0,0,0
NGCT,96,60,0,0,0,0
NGCT,96,61,0,0,0,0
NGCT,96,62,0,0,0,0
NGCT,96,63,0,0,0,0
NGCT,96,64,0,0,0,0
NGCT,96,65,0,0,0,0
NGCT,96,66,0,0,0,0
NGCT,96,67,0,0,0,0
NGCT,96,68,0,0,0,0
NGCT,96,69,0,0,0,0
NGCT,96,70,0,0,0,0
NGCT,96,71,0,0,0,0
NGCT,96,72,0,0,0,0
NGCT,96,73,0,0,0,0
NGCT,96,74,0,0,0,0
NGCT,97,60,736.6666666666667,546.6666666666666,797.3333333333333,583.3333333333334
NGCT,97,61,725.3333333333333,534.0,816.6666666666667,591.3333333333334
NGCT,97,62,749.3333333333333,546.0,800.0,599.3333333333334
NGCT,97,63,746.6666666666667,582.0,766.6666666666667,612.0
NGCT,97,64,746.6666666666667,588.6666666666666,766.0,617.3333333333334
NGCT,97,65,0,0,0,0
NGCT,97,66,0,0,0,0
NGCT,97,67,0,0,0,0
NGCT,97,68,0,0,0,0
NGCT,97,69,0,0,0,0
NGCT,98,60,0,0,0,0
NGCT,98,61,0,0,0,0
NGCT,98,62,0,0,0,0
NGCT,98,63,0,0,0,0
NGCT,98,64,704.0,530.0,775.3333333333333,594.6666666666666
NGCT,98,65,712.6666666666667,598.0,735.3333333333333,621.3333333333334
NGCT,98,66,725.3333333333333,584.0,752.0,601.3333333333334
NGCT,98,67,0,0,0,0
NGCT,98,68,0,0,0,0
NGCT,98,69,0,0,0,0
NGCT,99,45,0,0,0,0
NGCT,99,46,0,0,0,0
NGCT,99,47,722.6666666666667,514.6666666666666,760.0,549.3333333333334
NGCT,99,48,0,0,0,0
NGCT,99,49,710.0,522.6666666666666,766.0,580.6666666666666
NGCT,99,50,693.3333333333333,516.0,771.3333333333333,577.3333333333334
NGCT,99,51,0,0,0,0
NGCT,99,52,692.6666666666667,584.0,738.0,616.6666666666666
NGCT,99,53,709.3333333333333,598.0,738.6666666666667,623.3333333333334
NGCT,99,54,726.6666666666667,611.3333333333334,759.3333333333333,635.3333333333334
NGCT,99,55,732.6666666666667,614.0,764.0,643.3333333333333
NGCT,99,56,0,0,0,0
NGCT,99,57,0,0,0,0
NGCT,99,58,0,0,0,0
NGCT,99,59,0,0,0,0
