NGCT1_SLICE52_LAD,0.0,0,0,0,0,0.0,0.0,0.0,0.0,0.0,0.0,0.0,0.0
NGCT1_SLICE53_LAD,0.0,0,0,0,0,0.0,0.0,0.0,0.0,0.0,0.0,0.0,0.0
NGCT1_SLICE54_LAD,0.0,0,0,0,0,0.0,0.0,0.0,0.0,0.0,0.0,0.0,0.0
NGCT1_SLICE55_LAD,0.0,0,0,0,0,0.0,0.0,0.0,0.0,0.0,0.0,0.0,0.0
NGCT1_SLICE56_LAD,0.0,0,0,0,0,0.0,0.0,0.0,0.0,0.0,0.0,0.0,0.0
NGCT1_SLICE57_LAD,0.0,0,0,0,0,0.0,0.0,0.0,0.0,0.0,0.0,0.0,0.0
NGCT1_SLICE58_LAD,0.0,0,0,0,0,0.0,0.0,0.0,0.0,0.0,0.0,0.0,0.0
NGCT1_SLICE59_LAD,0.0,0,0,0,0,0.0,0.0,0.0,0.0,0.0,0.0,0.0,0.0
NGCT1_SLICE60_LAD,0.0,0,0,0,0,0.0,0.0,0.0,0.0,0.0,0.0,0.0,0.0
NGCT1_SLICE61_LAD,121.1875,243,189,285,220,260.5,194.5,281.0,208.5,17.5,5.5,-4.0,-11.5
NGCT1_SLICE62_LAD,188.125,256,170,298,218,265.5,186.0,284.0,203.5,9.5,16.0,-14.0,-14.5
NGCT1_SLICE63_LAD,79.4375,263,162,302,208,267.5,171.5,288.5,203.0,4.5,9.5,-13.5,-5.0
NGCT1_SLICE64_LAD,24.5,270,165,292,190,277.0,172.0,292.0,190.0,7.0,7.0,0.0,0.0
NGCT1_SLICE65_LAD,168.3125,258,153,304,196,274.0,168.0,291.5,190.0,16.0,15.0,-12.5,-6.0
NGCT1_SLICE66_LAD,72.375,274,150,301,184,279.0,164.0,293.5,180.5,5.0,14.0,-7.5,-3.5
NGCT1_SLICE67_LAD,150.875,269,148,302,188,284.0,159.5,294.0,174.5,15.0,11.5,-8.0,-13.5
NGCT1_SLICE68_LAD,32.5625,282,151,307,177,286.0,154.0,300.0,169.5,4.0,3.0,-7.0,-7.5
NGCT1_SLICE69_LAD,59.875,274,154,299,174,286.5,155.5,299.0,165.0,12.5,1.5,0.0,-9.0
NGCT1_SLICE70_LAD,68.9375,285,141,312,164,289.5,152.0,300.5,162.5,4.5,11.0,-11.5,-1.5
NGCT1_SLICE71_LAD,87.1875,271,141,312,156,285.0,147.5,301.5,156.5,14.0,6.5,-10.5,0.5
NGCT1_SLICE72_LAD,76.8125,275,135,300,163,287.0,146.0,300.0,156.5,12.0,11.0,0.0,-6.5
NGCT1_SLICE73_LAD,44.625,277,131,304,160,279.5,137.5,297.0,151.0,2.5,6.5,-7.0,-9.0
NGCT1_SLICE74_LAD,33.8125,279,127,300,154,280.5,136.0,294.0,150.0,1.5,9.0,-6.0,-4.0
NGCT1_SLICE75_LAD,63.75,271,137,296,157,282.0,139.0,293.0,146.0,11.0,2.0,-3.0,-11.0
NGCT1_SLICE76_LAD,71.9375,281,132,303,158,282.0,136.5,292.5,145.5,1.0,4.5,-10.5,-12.5
NGCT1_SLICE77_LAD,72.9375,277,124,296,152,282.5,137.0,291.5,143.5,5.5,13.0,-4.5,-8.5
NGCT1_SLICE78_LAD,102.375,281,124,305,151,285.5,137.0,292.5,143.0,4.5,13.0,-12.5,-8.0
NGCT1_SLICE79_LAD,107.625,281,120,305,155,285.0,133.5,295.0,143.5,4.0,13.5,-10.0,-11.5
NGCT1_SLICE80_LAD,54.5625,275,126,301,146,286.0,133.5,297.0,141.0,11.0,7.5,-4.0,-5.0
NGCT1_SLICE81_LAD,58.6875,276,128,303,150,282.5,132.5,294.5,140.0,6.5,4.5,-8.5,-10.0
NGCT1_SLICE82_LAD,28.4375,274,130,295,145,283.0,132.5,292.5,140.5,9.0,2.5,-2.5,-4.5
NGCT1_SLICE83_LAD,20.625,280,131,299,147,282.0,136.5,295.5,141.0,2.0,5.5,-3.5,-6.0
NGCT1_SLICE84_LAD,55.5625,272,128,297,145,284.0,135.0,292.5,142.0,12.0,7.0,-4.5,-3.0
NGCT1_SLICE85_LAD,56.625,281,127,297,156,283.0,137.5,293.5,146.0,2.0,10.5,-3.5,-10.0
NGCT1_SLICE86_LAD,27.9375,276,134,296,156,281.5,137.0,295.5,147.5,5.5,3.0,-0.5,-8.5
NGCT1_SLICE87_LAD,26.875,281,132,300,148,287.5,136.5,294.0,145.0,6.5,4.5,-6.0,-3.0
NGCT1_SLICE88_LAD,30.1875,279,131,301,149,284.5,136.5,293.5,147.0,5.5,5.5,-7.5,-2.0
NGCT1_SLICE89_LAD,0.0,0,0,0,0,0.0,0.0,0.0,0.0,0.0,0.0,0.0,0.0
NGCT1_SLICE90_LAD,0.0,0,0,0,0,0.0,0.0,0.0,0.0,0.0,0.0,0.0,0.0
NGCT3_SLICE40_LAD,0.0,0,0,0,0,0.0,0.0,0.0,0.0,0.0,0.0,0.0,0.0
NGCT3_SLICE41_LAD,0.0,0,0,0,0,0.0,0.0,0.0,0.0,0.0,0.0,0.0,0.0
NGCT3_SLICE42_LAD,0.0,0,0,0,0,0.0,0.0,0.0,0.0,0.0,0.0,0.0,0.0
NGCT3_SLICE43_LAD,0.0,0,0,0,0,0.0,0.0,0.0,0.0,0.0,0.0,0.0,0.0
NGCT3_SLICE44_LAD,0.0,0,0,0,0,0.0,0.0,0.0,0.0,0.0,0.0,0.0,0.0
NGCT3_SLICE45_LAD,0.0,0,0,0,0,0.0,0.0,0.0,0.0,0.0,0.0,0.0,0.0
NGCT3_SLICE46_LAD,39.0625,291,203,325,223,302.0,205.0,320.0,220.5,11.0,2.0,-5.0,-2.5
NGCT3_SLICE47_LAD,33.375,294,181,334,217,301.0,187.5,328.0,214.5,7.0,6.5,-6.0,-2.5
NGCT3_SLICE48_LAD,18.875,314,173,340,204,319.5,178.0,340.0,199.5,5.5,5.0,0.0,-4.5
NGCT3_SLICE49_LAD,52.5,304,186,342,219,314.0,193.0,337.0,213.0,10.0,7.0,-5.0,-6.0
NGCT4_SLICE71_LAD,0.0,0,0,0,0,0.0,0.0,0.0,0.0,0.0,0.0,0.0,0.0
NGCT4_SLICE72_LAD,0.0,0,0,0,0,0.0,0.0,0.0,0.0,0.0,0.0,0.0,0.0
NGCT4_SLICE73_LAD,0.0,0,0,0,0,0.0,0.0,0.0,0.0,0.0,0.0,0.0,0.0
NGCT4_SLICE74_LAD,0.0,0,0,0,0,0.0,0.0,0.0,0.0,0.0,0.0,0.0,0.0
NGCT4_SLICE75_LAD,58.625,287,224,309,251,294.5,235.0,308.0,243.5,7.5,11.0,-1.0,-7.5
NGCT4_SLICE76_LAD,50.125,290,210,323,248,297.0,218.5,317.5,241.0,7.0,8.5,-5.5,-7.0
NGCT4_SLICE77_LAD,46.5,294,208,321,239,305.0,209.0,321.0,231.0,11.0,1.0,0.0,-8.0
NGCT4_SLICE78_LAD,0.0,0,0,0,0,0.0,0.0,0.0,0.0,0.0,0.0,0.0,0.0
NGCT4_SLICE79_LAD,0.0,0,0,0,0,0.0,0.0,0.0,0.0,0.0,0.0,0.0,0.0
NGCT4_SLICE80_LAD,0.0,0,0,0,0,0.0,0.0,0.0,0.0,0.0,0.0,0.0,0.0
NGCT5_SLICE50_LAD,0.0,0,0,0,0,0.0,0.0,0.0,0.0,0.0,0.0,0.0,0.0
NGCT5_SLICE51_LAD,47.625,299,266,335,284,306.5,274.0,327.0,281.5,7.5,8.0,-8.0,-2.5
NGCT5_SLICE52_LAD,36.5625,321,260,340,284,324.0,269.0,335.5,278.0,3.0,9.0,-4.5,-6.0
NGCT5_SLICE53_LAD,66.375,316,252,344,277,326.0,255.5,335.5,268.0,10.0,3.5,-8.5,-9.0
NGCT5_SLICE54_LAD,34.875,320,240,350,273,325.5,249.0,346.0,269.5,5.5,9.0,-4.0,-3.5
NGCT5_SLICE55_LAD,34.375,332,232,354,258,336.0,241.0,349.5,253.5,4.0,9.0,-4.5,-4.5
NGCT5_SLICE56_LAD,43.125,332,220,355,239,341.5,229.0,354.5,238.0,9.5,9.0,-0.5,-1.0
NGCT5_SLICE57_LAD,0.0,0,0,0,0,0.0,0.0,0.0,0.0,0.0,0.0,0.0,0.0
NGCT5_SLICE58_LAD,24.0625,341,210,360,225,349.0,215.0,359.0,222.5,8.0,5.0,-1.0,-2.5
NGCT5_SLICE59_LAD,0.0,0,0,0,0,0.0,0.0,0.0,0.0,0.0,0.0,0.0,0.0
NGCT6_SLICE46_LAD,14.583333333333943,280,223,306,251,281.3333333333335,224.3333333333335,300.0,246.6666666666665,1.333333333333485,1.3333333333335133,-6.0,-4.333333333333513
NGCT6_SLICE47_LAD,22.83333333333273,273,213,304,239,281.6666666666665,217.0,303.6666666666665,238.6666666666665,8.666666666666515,4.0,-0.3333333333334849,-0.33333333333351334
NGCT6_SLICE48_LAD,36.08333333333427,280,193,323,240,287.0,197.3333333333335,320.3333333333335,231.6666666666665,7.0,4.333333333333513,-2.666666666666515,-8.333333333333513
NGCT6_SLICE49_LAD,14.388888888888587,298,170,327,215,302.0,175.6666666666665,325.0,212.6666666666665,4.0,5.666666666666487,-2.0,-2.3333333333335133
NGCT6_SLICE50_LAD,36.61111111111186,302,164,330,209,308.0,172.3333333333335,326.0,204.0,6.0,8.333333333333513,-4.0,-5.0
NGCT6_SLICE51_LAD,23.166666666667243,310,160,328,187,314.0,168.3333333333335,325.3333333333335,187.3333333333335,4.0,8.333333333333513,-2.666666666666515,0.33333333333351334
NGCT6_SLICE52_LAD,0.0,0,0,0,0,0.0,0.0,0.0,0.0,0.0,0.0,0.0,0.0
NGCT6_SLICE53_LAD,0.0,0,0,0,0,0.0,0.0,0.0,0.0,0.0,0.0,0.0,0.0
NGCT6_SLICE54_LAD,0.0,0,0,0,0,0.0,0.0,0.0,0.0,0.0,0.0,0.0,0.0
NGCT6_SLICE55_LAD,0.0,0,0,0,0,0.0,0.0,0.0,0.0,0.0,0.0,0.0,0.0
NGCT7_SLICE83_LAD,0.0,0,0,0,0,0.0,0.0,0.0,0.0,0.0,0.0,0.0,0.0
NGCT7_SLICE84_LAD,0.0,0,0,0,0,0.0,0.0,0.0,0.0,0.0,0.0,0.0,0.0
NGCT7_SLICE85_LAD,12.75,283,239,309,253,289.5,240.5,306.5,253.5,6.5,1.5,-2.5,0.5
NGCT7_SLICE86_LAD,37.6875,287,222,318,257,288.5,231.5,311.5,253.0,1.5,9.5,-6.5,-4.0
NGCT7_SLICE87_LAD,17.375,290,217,313,252,294.5,224.0,313.0,251.5,4.5,7.0,0.0,-0.5
NGCT7_SLICE88_LAD,39.125,290,214,325,246,296.0,222.0,317.5,245.5,6.0,8.0,-7.5,-0.5
NGCT7_SLICE89_LAD,0.0,0,0,0,0,0.0,0.0,0.0,0.0,0.0,0.0,0.0,0.0
NGCT7_SLICE90_LAD,0.0,0,0,0,0,0.0,0.0,0.0,0.0,0.0,0.0,0.0,0.0
NGCT7_SLICE91_LAD,0.0,0,0,0,0,0.0,0.0,0.0,0.0,0.0,0.0,0.0,0.0
NGCT7_SLICE92_LAD,0.0,0,0,0,0,0.0,0.0,0.0,0.0,0.0,0.0,0.0,0.0
NGCT9_SLICE69_LAD,0.0,0,0,0,0,0.0,0.0,0.0,0.0,0.0,0.0,0.0,0.0
NGCT9_SLICE70_LAD,0.0,0,0,0,0,0.0,0.0,0.0,0.0,0.0,0.0,0.0,0.0
NGCT9_SLICE71_LAD,57.125,284,251,313,279,292.5,257.0,305.0,271.5,8.5,6.0,-8.0,-7.5
NGCT9_SLICE72_LAD,44.5625,286,238,321,272,293.5,246.0,318.0,265.0,7.5,8.0,-3.0,-7.0
NGCT9_SLICE73_LAD,33.1875,290,239,328,267,295.5,244.5,320.5,263.0,5.5,5.5,-7.5,-4.0
NGCT9_SLICE74_LAD,25.6875,291,233,336,267,294.5,236.5,329.5,261.0,3.5,3.5,-6.5,-6.0
NGCT9_SLICE75_LAD,28.4375,298,236,340,260,304.5,238.5,332.5,257.0,6.5,2.5,-7.5,-3.0
NGCT9_SLICE76_LAD,21.6875,311,222,349,253,314.5,223.5,341.5,249.0,3.5,1.5,-7.5,-4.0
NGCT9_SLICE77_LAD,22.8125,311,214,347,252,318.0,216.0,345.5,246.0,7.0,2.0,-1.5,-6.0
NGCT9_SLICE78_LAD,0.0,0,0,0,0,0.0,0.0,0.0,0.0,0.0,0.0,0.0,0.0
NGCT10_SLICE73_LAD,0.0,0,0,0,0,0.0,0.0,0.0,0.0,0.0,0.0,0.0,0.0
NGCT10_SLICE74_LAD,0.0,0,0,0,0,0.0,0.0,0.0,0.0,0.0,0.0,0.0,0.0
NGCT10_SLICE75_LAD,0.0,0,0,0,0,0.0,0.0,0.0,0.0,0.0,0.0,0.0,0.0
NGCT10_SLICE76_LAD,40.3125,274,228,314,248,282.0,233.0,306.5,244.0,8.0,5.0,-7.5,-4.0
NGCT10_SLICE77_LAD,31.0625,291,220,312,235,299.0,227.0,309.0,233.5,8.0,7.0,-3.0,-1.5
NGCT10_SLICE78_LAD,12.6875,301,217,313,240,302.5,219.5,313.0,233.5,1.5,2.5,0.0,-6.5
NGCT10_SLICE79_LAD,20.125,300,208,320,233,302.5,214.5,316.0,229.0,2.5,6.5,-4.0,-4.0
NGCT10_SLICE80_LAD,46.3125,298,210,325,233,306.0,214.0,317.5,226.0,8.0,4.0,-7.5,-7.0
NGCT10_SLICE81_LAD,32.8125,298,202,320,232,305.0,209.5,319.0,227.0,7.0,7.5,-1.0,-5.0
NGCT10_SLICE82_LAD,5.125,307,207,324,222,310.5,209.0,323.5,220.0,3.5,2.0,-0.5,-2.0
NGCT10_SLICE83_LAD,16.625,309,196,330,221,314.0,200.5,327.0,217.5,5.0,4.5,-3.0,-3.5
NGCT10_SLICE84_LAD,20.8125,311,193,329,223,312.0,200.5,328.0,218.0,1.0,7.5,-1.0,-5.0
NGCT10_SLICE85_LAD,28.125,305,186,324,202,313.0,187.5,320.0,196.5,8.0,1.5,-4.0,-5.5
NGCT10_SLICE86_LAD,28.125,304,176,321,195,311.0,183.5,320.0,192.5,7.0,7.5,-1.0,-2.5
NGCT10_SLICE87_LAD,12.9375,307,180,319,196,311.5,181.0,319.5,190.5,4.5,1.0,0.5,-5.5
NGCT10_SLICE88_LAD,24.625,306,176,327,191,310.5,180.5,320.0,188.0,4.5,4.5,-7.0,-3.0
NGCT10_SLICE89_LAD,11.3125,304,176,323,185,307.0,176.5,317.0,185.0,3.0,0.5,-6.0,0.0
NGCT10_SLICE90_LAD,0.0,0,0,0,0,0.0,0.0,0.0,0.0,0.0,0.0,0.0,0.0
NGCT10_SLICE91_LAD,7.1875,305,171,324,178,307.5,172.5,319.5,178.0,2.5,1.5,-4.5,0.0
NGCT10_SLICE92_LAD,0.0,0,0,0,0,0.0,0.0,0.0,0.0,0.0,0.0,0.0,0.0
NGCT12_SLICE55_LAD,0.0,0,0,0,0,0.0,0.0,0.0,0.0,0.0,0.0,0.0,0.0
NGCT12_SLICE56_LAD,0.0,0,0,0,0,0.0,0.0,0.0,0.0,0.0,0.0,0.0,0.0
NGCT12_SLICE57_LAD,33.75,298,229,344,257,300.5,234.5,337.5,249.5,2.5,5.5,-6.5,-7.5
NGCT12_SLICE58_LAD,14.1875,319,224,351,244,320.5,228.5,345.5,242.0,1.5,4.5,-5.5,-2.0
NGCT12_SLICE59_LAD,6.3125,315,222,339,241,319.5,224.0,339.0,240.0,4.5,2.0,0.0,-1.0
NGCT12_SLICE60_LAD,0.0,0,0,0,0,0.0,0.0,0.0,0.0,0.0,0.0,0.0,0.0
NGCT12_SLICE61_LAD,0.0,0,0,0,0,0.0,0.0,0.0,0.0,0.0,0.0,0.0,0.0
NGCT12_SLICE62_LAD,0.0,0,0,0,0,0.0,0.0,0.0,0.0,0.0,0.0,0.0,0.0
NGCT12_SLICE63_LAD,9.625,309,284,323,306,313.0,288.0,322.5,303.5,4.0,4.0,-0.5,-2.5
NGCT12_SLICE64_LAD,0.0,0,0,0,0,0.0,0.0,0.0,0.0,0.0,0.0,0.0,0.0
NGCT13_SLICE50_LAD,0.0,0,0,0,0,0.0,0.0,0.0,0.0,0.0,0.0,0.0,0.0
NGCT13_SLICE51_LAD,0.0,0,0,0,0,0.0,0.0,0.0,0.0,0.0,0.0,0.0,0.0
NGCT13_SLICE52_LAD,8.125,272,275,301,298,274.5,277.0,298.5,294.0,2.5,2.0,-2.5,-4.0
NGCT13_SLICE53_LAD,25.1875,273,275,314,296,279.5,279.0,308.5,292.5,6.5,4.0,-5.5,-3.5
NGCT13_SLICE54_LAD,16.0625,293,232,325,273,299.0,236.0,321.5,273.0,6.0,4.0,-3.5,0.0
NGCT13_SLICE55_LAD,14.1875,306,235,326,259,308.0,239.5,321.5,255.5,2.0,4.5,-4.5,-3.5
NGCT13_SLICE56_LAD,17.6875,307,235,327,251,313.5,239.0,324.5,248.5,6.5,4.0,-2.5,-2.5
NGCT13_SLICE57_LAD,35.125,303,216,327,232,311.0,223.5,322.5,232.0,8.0,7.5,-4.5,0.0
NGCT13_SLICE58_LAD,33.125,307,213,332,237,308.5,221.5,325.0,234.0,1.5,8.5,-7.0,-3.0
NGCT13_SLICE59_LAD,30.1875,306,212,322,235,308.5,220.5,322.0,228.5,2.5,8.5,0.0,-6.5
NGCT13_SLICE60_LAD,26.4375,307,217,331,228,314.0,220.5,324.5,226.5,7.0,3.5,-6.5,-1.5
NGCT13_SLICE61_LAD,0.0,0,0,0,0,0.0,0.0,0.0,0.0,0.0,0.0,0.0,0.0
NGCT13_SLICE62_LAD,0.0,0,0,0,0,0.0,0.0,0.0,0.0,0.0,0.0,0.0,0.0
NGCT13_SLICE63_LAD,0.0,0,0,0,0,0.0,0.0,0.0,0.0,0.0,0.0,0.0,0.0
NGCT13_SLICE64_LAD,0.0,0,0,0,0,0.0,0.0,0.0,0.0,0.0,0.0,0.0,0.0
NGCT13_SLICE65_LAD,0.0,0,0,0,0,0.0,0.0,0.0,0.0,0.0,0.0,0.0,0.0
NGCT13_SLICE66_LAD,0.0,0,0,0,0,0.0,0.0,0.0,0.0,0.0,0.0,0.0,0.0
NGCT13_SLICE67_LAD,0.0,0,0,0,0,0.0,0.0,0.0,0.0,0.0,0.0,0.0,0.0
NGCT13_SLICE68_LAD,0.0,0,0,0,0,0.0,0.0,0.0,0.0,0.0,0.0,0.0,0.0
NGCT13_SLICE69_LAD,0.0,0,0,0,0,0.0,0.0,0.0,0.0,0.0,0.0,0.0,0.0
NGCT14_SLICE54_LAD,9.0625,285,235,315,254,288.5,239.0,313.0,252.0,3.5,4.0,-2.0,-2.0
NGCT14_SLICE55_LAD,16.3125,289,231,318,255,292.0,236.0,317.0,249.5,3.0,5.0,-1.0,-5.5
NGCT14_SLICE56_LAD,20.375,309,222,332,247,310.0,228.0,330.5,240.5,1.0,6.0,-1.5,-6.5
NGCT14_SLICE57_LAD,24.875,313,217,340,238,319.0,224.0,338.5,234.5,6.0,7.0,-1.5,-3.5
NGCT14_SLICE58_LAD,34.75,316,217,341,236,323.0,224.0,336.0,232.0,7.0,7.0,-5.0,-4.0
NGCT14_SLICE59_LAD,13.125,333,214,349,232,334.0,218.5,346.5,227.0,1.0,4.5,-2.5,-5.0
NGCT14_SLICE60_LAD,17.6875,332,208,359,225,338.0,209.5,353.5,223.5,6.0,1.5,-5.5,-1.5
NGCT14_SLICE61_LAD,0.0,0,0,0,0,0.0,0.0,0.0,0.0,0.0,0.0,0.0,0.0
NGCT14_SLICE62_LAD,0.0,0,0,0,0,0.0,0.0,0.0,0.0,0.0,0.0,0.0,0.0
NGCT14_SLICE63_LAD,0.0,0,0,0,0,0.0,0.0,0.0,0.0,0.0,0.0,0.0,0.0
NGCT15_SLICE36_LAD,0.0,0,0,0,0,0.0,0.0,0.0,0.0,0.0,0.0,0.0,0.0
NGCT15_SLICE37_LAD,14.6875,319,235,346,254,324.5,238.5,342.0,253.5,5.5,3.5,-4.0,-0.5
NGCT15_SLICE38_LAD,17.6875,300,227,337,257,304.5,228.5,331.0,253.5,4.5,1.5,-6.0,-3.5
NGCT15_SLICE39_LAD,20.1875,299,227,336,253,305.0,232.5,332.5,251.5,6.0,5.5,-3.5,-1.5
NGCT15_SLICE40_LAD,20.3125,305,225,332,241,310.0,226.0,329.5,234.0,5.0,1.0,-2.5,-7.0
NGCT15_SLICE41_LAD,23.25,325,198,342,214,329.0,202.0,336.0,209.0,4.0,4.0,-6.0,-5.0
NGCT15_SLICE42_LAD,14.4375,329,188,345,206,331.5,189.5,344.5,199.0,2.5,1.5,-0.5,-7.0
NGCT15_SLICE43_LAD,19.5625,338,182,358,201,343.0,187.0,354.5,197.0,5.0,5.0,-3.5,-4.0
NGCT15_SLICE44_LAD,12.875,335,178,356,188,338.5,179.5,350.0,187.0,3.5,1.5,-6.0,-1.0
NGCT15_SLICE45_LAD,0.0,0,0,0,0,0.0,0.0,0.0,0.0,0.0,0.0,0.0,0.0
NGCT18_SLICE48_LAD,0.0,0,0,0,0,0.0,0.0,0.0,0.0,0.0,0.0,0.0,0.0
NGCT18_SLICE49_LAD,0.0,0,0,0,0,0.0,0.0,0.0,0.0,0.0,0.0,0.0,0.0
NGCT18_SLICE50_LAD,0.0,0,0,0,0,0.0,0.0,0.0,0.0,0.0,0.0,0.0,0.0
NGCT18_SLICE51_LAD,0.0,0,0,0,0,0.0,0.0,0.0,0.0,0.0,0.0,0.0,0.0
NGCT18_SLICE52_LAD,14.375,307,230,324,257,310.0,233.5,324.5,251.0,3.0,3.5,0.5,-6.0
NGCT18_SLICE53_LAD,0.0,0,0,0,0,0.0,0.0,0.0,0.0,0.0,0.0,0.0,0.0
NGCT18_SLICE54_LAD,19.875,314,211,351,236,318.0,217.5,346.5,235.0,4.0,6.5,-4.5,-1.0
NGCT18_SLICE55_LAD,13.1875,326,208,356,227,330.5,209.5,350.5,227.0,4.5,1.5,-5.5,0.0
NGCT18_SLICE56_LAD,20.1875,332,196,355,217,338.0,202.5,353.5,217.5,6.0,6.5,-1.5,0.5
NGCT18_SLICE57_LAD,4.4375,341,199,354,213,344.0,201.5,352.5,212.5,3.0,2.5,-1.5,-0.5
NGCT19_SLICE68_LAD,22.0625,280,204,319,238,286.0,206.0,315.5,232.0,6.0,2.0,-3.5,-6.0
NGCT19_SLICE69_LAD,21.625,283,203,313,232,288.0,210.0,310.5,229.5,5.0,7.0,-2.5,-2.5
NGCT19_SLICE70_LAD,5.625,290,198,324,225,293.5,201.0,323.0,224.5,3.5,3.0,-1.0,-0.5
NGCT19_SLICE71_LAD,29.125,301,188,329,222,306.0,195.0,325.5,216.5,5.0,7.0,-3.5,-5.5
NGCT19_SLICE72_LAD,16.125,305,175,331,215,308.5,182.0,329.5,214.0,3.5,7.0,-1.5,-1.0
NGCT19_SLICE73_LAD,11.1875,309,182,335,212,311.0,182.5,330.5,207.5,2.0,0.5,-4.5,-4.5
NGCT19_SLICE74_LAD,8.75,315,183,333,205,315.5,187.5,331.5,201.5,0.5,4.5,-1.5,-3.5
NGCT19_SLICE75_LAD,19.875,317,167,335,187,320.5,172.0,329.0,184.5,3.5,5.0,-6.0,-2.5
NGCT19_SLICE76_LAD,8.8125,315,171,332,184,320.0,172.0,331.5,181.0,5.0,1.0,-0.5,-3.0
NGCT19_SLICE77_LAD,35.1875,314,166,340,182,321.5,172.0,333.5,179.5,7.5,6.0,-6.5,-2.5
NGCT19_SLICE78_LAD,28.5625,319,164,345,182,323.5,171.0,339.0,179.0,4.5,7.0,-6.0,-3.0
NGCT19_SLICE79_LAD,20.375,324,159,345,182,328.0,163.5,340.0,177.5,4.0,4.5,-5.0,-4.5
NGCT19_SLICE80_LAD,22.875,326,159,345,174,329.5,165.5,339.0,173.0,3.5,6.5,-6.0,-1.0
NGCT19_SLICE81_LAD,17.625,325,159,342,172,331.0,161.0,336.5,171.5,6.0,2.0,-5.5,-0.5
NGCT19_SLICE82_LAD,15.375,328,154,343,178,329.0,157.5,339.5,172.0,1.0,3.5,-3.5,-6.0
NGCT19_SLICE83_LAD,4.0625,326,156,343,172,328.0,157.0,340.0,170.5,2.0,1.0,-3.0,-1.5
NGCT19_SLICE84_LAD,0.0,0,0,0,0,0.0,0.0,0.0,0.0,0.0,0.0,0.0,0.0
NGCT19_SLICE85_LAD,16.0625,328,146,339,166,329.0,152.0,337.5,161.0,1.0,6.0,-1.5,-5.0
NGCT19_SLICE86_LAD,0.0,0,0,0,0,0.0,0.0,0.0,0.0,0.0,0.0,0.0,0.0
NGCT19_SLICE87_LAD,0.0,0,0,0,0,0.0,0.0,0.0,0.0,0.0,0.0,0.0,0.0
NGCT22_SLICE63_LAD,0.0,0,0,0,0,0.0,0.0,0.0,0.0,0.0,0.0,0.0,0.0
NGCT22_SLICE64_LAD,27.1875,318,223,353,243,322.5,229.5,347.5,239.0,4.5,6.5,-5.5,-4.0
NGCT22_SLICE65_LAD,16.5625,335,224,359,235,340.0,228.0,354.0,235.5,5.0,4.0,-5.0,0.5
NGCT22_SLICE66_LAD,14.375,341,219,362,235,342.0,223.5,356.0,234.5,1.0,4.5,-6.0,-0.5
NGCT22_SLICE67_LAD,6.5625,345,212,360,235,348.5,214.0,359.0,232.0,3.5,2.0,-1.0,-3.0
NGCT22_SLICE68_LAD,6.0625,351,210,365,223,352.0,214.0,362.5,222.0,1.0,4.0,-2.5,-1.0
NGCT22_SLICE69_LAD,10.875,355,200,367,212,361.5,201.0,367.0,211.5,6.5,1.0,0.0,-0.5
NGCT22_SLICE70_LAD,12.375,357,193,372,207,361.5,194.0,368.0,203.5,4.5,1.0,-4.0,-3.5
NGCT22_SLICE71_LAD,21.3125,363,180,375,203,366.5,186.0,374.0,197.0,3.5,6.0,-1.0,-6.0
NGCT22_SLICE72_LAD,0.0,0,0,0,0,0.0,0.0,0.0,0.0,0.0,0.0,0.0,0.0
NGCT23_SLICE64_LAD,0.0,0,0,0,0,0.0,0.0,0.0,0.0,0.0,0.0,0.0,0.0
NGCT23_SLICE65_LAD,0.0,0,0,0,0,0.0,0.0,0.0,0.0,0.0,0.0,0.0,0.0
NGCT23_SLICE66_LAD,0.0,0,0,0,0,0.0,0.0,0.0,0.0,0.0,0.0,0.0,0.0
NGCT23_SLICE67_LAD,16.3125,302,246,322,262,306.0,251.0,320.0,257.5,4.0,5.0,-2.0,-4.5
NGCT23_SLICE68_LAD,19.8125,301,243,332,261,306.0,249.0,328.0,259.5,5.0,6.0,-4.0,-1.5
NGCT23_SLICE69_LAD,8.8125,298,242,338,264,298.5,245.0,337.0,259.0,0.5,3.0,-1.0,-5.0
NGCT23_SLICE70_LAD,6.8125,317,232,350,259,318.0,237.0,349.5,258.0,1.0,5.0,-0.5,-1.0
NGCT23_SLICE71_LAD,6.375,318,229,363,256,321.0,231.0,359.5,255.5,3.0,2.0,-3.5,-0.5
NGCT23_SLICE72_LAD,21.0625,327,227,362,257,332.5,232.0,360.0,252.0,5.5,5.0,-2.0,-5.0
NGCT23_SLICE73_LAD,9.5,341,221,370,252,343.0,225.0,367.0,249.0,2.0,4.0,-3.0,-3.0
NGCT23_SLICE74_LAD,15.3125,352,219,372,241,356.5,220.0,370.0,235.0,4.5,1.0,-2.0,-6.0
NGCT23_SLICE75_LAD,15.375,357,206,376,236,359.5,212.5,374.0,233.0,2.5,6.5,-2.0,-3.0
NGCT23_SLICE76_LAD,18.0625,360,205,384,226,365.5,206.0,379.0,222.0,5.5,1.0,-5.0,-4.0
NGCT23_SLICE77_LAD,5.9375,368,201,382,222,368.5,204.0,380.5,218.5,0.5,3.0,-1.5,-3.5
NGCT23_SLICE78_LAD,17.25,366,196,383,220,370.0,202.0,382.0,216.0,4.0,6.0,-1.0,-4.0
NGCT23_SLICE79_LAD,10.3125,368,195,384,220,370.0,198.0,380.5,216.0,2.0,3.0,-3.5,-4.0
NGCT23_SLICE80_LAD,0.0,0,0,0,0,0.0,0.0,0.0,0.0,0.0,0.0,0.0,0.0
NGCT23_SLICE81_LAD,0.0,0,0,0,0,0.0,0.0,0.0,0.0,0.0,0.0,0.0,0.0
NGCT23_SLICE82_LAD,0.0,0,0,0,0,0.0,0.0,0.0,0.0,0.0,0.0,0.0,0.0
NGCT23_SLICE83_LAD,0.0,0,0,0,0,0.0,0.0,0.0,0.0,0.0,0.0,0.0,0.0
NGCT24_SLICE59_LAD,0.0,0,0,0,0,0.0,0.0,0.0,0.0,0.0,0.0,0.0,0.0
NGCT24_SLICE60_LAD,0.0,0,0,0,0,0.0,0.0,0.0,0.0,0.0,0.0,0.0,0.0
NGCT24_SLICE61_LAD,0.0,0,0,0,0,0.0,0.0,0.0,0.0,0.0,0.0,0.0,0.0
NGCT24_SLICE62_LAD,0.0,0,0,0,0,0.0,0.0,0.0,0.0,0.0,0.0,0.0,0.0
NGCT24_SLICE63_LAD,0.0,0,0,0,0,0.0,0.0,0.0,0.0,0.0,0.0,0.0,0.0
NGCT24_SLICE64_LAD,0.0,0,0,0,0,0.0,0.0,0.0,0.0,0.0,0.0,0.0,0.0
NGCT24_SLICE65_LAD,0.0,0,0,0,0,0.0,0.0,0.0,0.0,0.0,0.0,0.0,0.0
NGCT24_SLICE66_LAD,0.0,0,0,0,0,0.0,0.0,0.0,0.0,0.0,0.0,0.0,0.0
NGCT24_SLICE67_LAD,0.0,0,0,0,0,0.0,0.0,0.0,0.0,0.0,0.0,0.0,0.0
NGCT24_SLICE68_LAD,8.75,301,265,337,275,304.0,266.0,332.0,275.0,3.0,1.0,-5.0,0.0
NGCT24_SLICE69_LAD,4.75,307,257,347,277,308.0,261.0,346.0,276.0,1.0,4.0,-1.0,-1.0
NGCT24_SLICE70_LAD,20.22222222222303,305,249,356,278,308.3333333333335,256.3333333333335,352.0,278.0,3.333333333333485,7.333333333333485,-4.0,0.0
NGCT24_SLICE71_LAD,8.166666666666188,309,252,357,283,312.6666666666665,253.6666666666665,356.3333333333335,279.0,3.666666666666515,1.6666666666664867,-0.6666666666665151,-4.0
NGCT24_SLICE72_LAD,25.25,322,250,363,284,328.0,256.0,361.0,279.0,6.0,6.0,-2.0,-5.0
NGCT24_SLICE73_LAD,5.833333333332956,336,256,362,268,340.6666666666665,257.0,362.3333333333335,267.3333333333335,4.666666666666515,1.0,0.3333333333334849,-0.6666666666665151
NGCT24_SLICE74_LAD,21.055555555554925,348,244,375,270,351.0,250.0,369.3333333333335,267.3333333333335,3.0,6.0,-5.666666666666515,-2.666666666666515
NGCT24_SLICE75_LAD,6.611111111110791,357,246,373,265,357.6666666666665,248.3333333333335,370.3333333333335,261.3333333333335,0.6666666666665151,2.3333333333335133,-2.666666666666515,-3.666666666666515
NGCT24_SLICE76_LAD,12.083333333332728,357,247,377,261,358.3333333333335,248.0,371.3333333333335,257.3333333333335,1.333333333333485,1.0,-5.666666666666515,-3.666666666666515
NGCT24_SLICE77_LAD,27.500000000000938,362,235,378,259,363.6666666666665,242.3333333333335,372.6666666666665,254.0,1.666666666666515,7.333333333333513,-5.333333333333485,-5.0
NGCT24_SLICE78_LAD,0.0,0,0,0,0,0.0,0.0,0.0,0.0,0.0,0.0,0.0,0.0
NGCT26_SLICE51_LAD,0.0,0,0,0,0,0.0,0.0,0.0,0.0,0.0,0.0,0.0,0.0
NGCT26_SLICE52_LAD,0.0,0,0,0,0,0.0,0.0,0.0,0.0,0.0,0.0,0.0,0.0
NGCT26_SLICE53_LAD,0.0,0,0,0,0,0.0,0.0,0.0,0.0,0.0,0.0,0.0,0.0
NGCT26_SLICE54_LAD,19.694444444444464,268,201,291,228,271.3333333333335,206.6666666666665,288.3333333333335,222.6666666666665,3.333333333333485,5.666666666666487,-2.666666666666515,-5.333333333333513
NGCT26_SLICE55_LAD,12.694444444443967,270,198,300,223,273.3333333333335,198.6666666666665,294.3333333333335,220.3333333333335,3.333333333333485,0.6666666666664867,-5.666666666666515,-2.6666666666664867
NGCT26_SLICE56_LAD,17.80555555555608,271,186,306,224,276.3333333333335,187.3333333333335,301.0,220.0,5.333333333333485,1.3333333333335133,-5.0,-4.0
NGCT26_SLICE57_LAD,13.61111111111024,276,173,319,207,281.6666666666665,177.6666666666665,318.3333333333335,207.3333333333335,5.666666666666515,4.666666666666487,-0.6666666666665151,0.33333333333351334
NGCT26_SLICE58_LAD,9.277777777778248,280,167,322,203,282.3333333333335,172.3333333333335,320.3333333333335,202.3333333333335,2.333333333333485,5.333333333333513,-1.666666666666515,-0.6666666666664867
NGCT26_SLICE59_LAD,9.666666666666135,284,162,306,197,288.0,166.6666666666665,305.3333333333335,196.3333333333335,4.0,4.666666666666487,-0.6666666666665151,-0.6666666666664867
NGCT26_SLICE60_LAD,10.361111111111516,290,163,305,179,295.3333333333335,165.0,305.0,176.0,5.333333333333485,2.0,0.0,-3.0
NGCT26_SLICE61_LAD,13.277777777777807,290,156,306,172,294.6666666666665,161.3333333333335,304.3333333333335,172.3333333333335,4.666666666666515,5.333333333333513,-1.666666666666515,0.33333333333351334
NGCT26_SLICE62_LAD,19.138888888889166,292,154,310,173,294.6666666666665,159.3333333333335,305.0,169.0,2.666666666666515,5.333333333333513,-5.0,-4.0
NGCT26_SLICE63_LAD,6.9166666666664725,295,154,310,166,295.6666666666665,156.3333333333335,305.3333333333335,166.0,0.6666666666665151,2.3333333333335133,-4.666666666666515,0.0
NGCT26_SLICE64_LAD,11.083333333333645,298,144,315,167,299.0,148.3333333333335,311.6666666666665,163.3333333333335,1.0,4.333333333333513,-3.333333333333485,-3.6666666666664867
NGCT26_SLICE65_LAD,15.91666666666596,294,142,316,164,300.6666666666665,143.6666666666665,315.3333333333335,160.0,6.666666666666515,1.6666666666664867,-0.6666666666665151,-4.0
NGCT26_SLICE66_LAD,19.72222222222288,304,134,320,156,307.0,140.0,317.6666666666665,150.6666666666665,3.0,6.0,-2.333333333333485,-5.333333333333513
NGCT26_SLICE67_LAD,7.166666666665947,306,136,321,148,308.6666666666665,138.6666666666665,317.3333333333335,147.0,2.666666666666515,2.6666666666664867,-3.666666666666515,-1.0
NGCT26_SLICE68_LAD,26.166666666665478,302,132,323,149,308.6666666666665,137.0,318.3333333333335,145.3333333333335,6.666666666666515,5.0,-4.666666666666515,-3.6666666666664867
NGCT26_SLICE69_LAD,19.444444444443796,299,131,322,148,304.6666666666665,135.3333333333335,318.3333333333335,144.3333333333335,5.666666666666515,4.333333333333513,-3.666666666666515,-3.6666666666664867
NGCT26_SLICE70_LAD,13.194444444444294,302,132,317,149,307.0,133.6666666666665,317.0,144.0,5.0,1.6666666666664867,0.0,-5.0
NGCT26_SLICE71_LAD,16.499999999999915,302,128,323,144,306.6666666666665,133.0,318.6666666666665,143.3333333333335,4.666666666666515,5.0,-4.333333333333485,-0.6666666666664867
NGCT26_SLICE72_LAD,8.05555555555538,306,128,320,145,308.6666666666665,132.0,319.6666666666665,142.0,2.666666666666515,4.0,-0.3333333333334849,-3.0
NGCT26_SLICE73_LAD,5.416666666666217,307,131,322,141,309.6666666666665,132.0,318.3333333333335,140.6666666666665,2.666666666666515,1.0,-3.666666666666515,-0.33333333333351334
NGCT26_SLICE74_LAD,7.305555555555834,308,128,320,144,311.3333333333335,131.0,319.6666666666665,141.0,3.333333333333485,3.0,-0.3333333333334849,-3.0
NGCT26_SLICE75_LAD,9.25,306,133,320,141,312.0,134.0,320.0,141.0,6.0,1.0,0.0,0.0
NGCT26_SLICE76_LAD,0.0,0,0,0,0,0.0,0.0,0.0,0.0,0.0,0.0,0.0,0.0
NGCT26_SLICE77_LAD,0.0,0,0,0,0,0.0,0.0,0.0,0.0,0.0,0.0,0.0,0.0
NGCT26_SLICE78_LAD,0.0,0,0,0,0,0.0,0.0,0.0,0.0,0.0,0.0,0.0,0.0
NGCT26_SLICE79_LAD,0.0,0,0,0,0,0.0,0.0,0.0,0.0,0.0,0.0,0.0,0.0
NGCT26_SLICE80_LAD,0.0,0,0,0,0,0.0,0.0,0.0,0.0,0.0,0.0,0.0,0.0
NGCT27_SLICE77_LAD,0.0,0,0,0,0,0.0,0.0,0.0,0.0,0.0,0.0,0.0,0.0
NGCT27_SLICE78_LAD,0.0,0,0,0,0,0.0,0.0,0.0,0.0,0.0,0.0,0.0,0.0
NGCT27_SLICE79_LAD,0.0,0,0,0,0,0.0,0.0,0.0,0.0,0.0,0.0,0.0,0.0
NGCT27_SLICE80_LAD,0.0,0,0,0,0,0.0,0.0,0.0,0.0,0.0,0.0,0.0,0.0
NGCT27_SLICE81_LAD,0.0,0,0,0,0,0.0,0.0,0.0,0.0,0.0,0.0,0.0,0.0
NGCT27_SLICE82_LAD,0.0,0,0,0,0,0.0,0.0,0.0,0.0,0.0,0.0,0.0,0.0
NGCT27_SLICE83_LAD,13.375,329,213,345,237,330.0,217.0,342.5,231.5,1.0,4.0,-2.5,-5.5
NGCT27_SLICE84_LAD,5.8125,321,221,331,234,322.0,223.0,329.5,230.0,1.0,2.0,-1.5,-4.0
NGCT27_SLICE85_LAD,15.5,327,202,341,232,328.0,208.0,341.0,227.0,1.0,6.0,0.0,-5.0
NGCT27_SLICE86_LAD,16.375,325,201,340,229,328.0,207.0,340.5,224.5,3.0,6.0,0.5,-4.5
NGCT27_SLICE87_LAD,11.8125,330,199,342,220,333.0,202.5,341.0,215.0,3.0,3.5,-1.0,-5.0
NGCT27_SLICE88_LAD,15.4375,329,201,352,222,331.5,206.0,351.5,216.5,2.5,5.0,-0.5,-5.5
NGCT27_SLICE89_LAD,12.875,332,194,345,211,335.0,199.5,345.0,207.5,3.0,5.5,0.0,-3.5
NGCT27_SLICE90_LAD,4.75,332,198,350,206,335.0,199.0,347.0,206.0,3.0,1.0,-3.0,0.0
NGCT27_SLICE91_LAD,14.3125,331,193,350,211,333.0,198.0,346.5,207.0,2.0,5.0,-3.5,-4.0
NGCT27_SLICE92_LAD,11.4375,334,195,349,205,337.5,198.0,345.5,201.5,3.5,3.0,-3.5,-3.5
NGCT27_SLICE93_LAD,5.75,336,193,351,205,339.0,195.0,350.0,202.0,3.0,2.0,-1.0,-3.0
NGCT27_SLICE94_LAD,0.0,0,0,0,0,0.0,0.0,0.0,0.0,0.0,0.0,0.0,0.0
NGCT27_SLICE95_LAD,0.0,0,0,0,0,0.0,0.0,0.0,0.0,0.0,0.0,0.0,0.0
NGCT27_SLICE96_LAD,0.0,0,0,0,0,0.0,0.0,0.0,0.0,0.0,0.0,0.0,0.0
NGCT28_SLICE50_LAD,0.0,0,0,0,0,0.0,0.0,0.0,0.0,0.0,0.0,0.0,0.0
NGCT28_SLICE51_LAD,0.0,0,0,0,0,0.0,0.0,0.0,0.0,0.0,0.0,0.0,0.0
NGCT28_SLICE52_LAD,0.0,0,0,0,0,0.0,0.0,0.0,0.0,0.0,0.0,0.0,0.0
NGCT28_SLICE53_LAD,9.625,287,228,300,237,288.5,231.0,295.0,235.5,1.5,3.0,-5.0,-1.5
NGCT28_SLICE54_LAD,14.375,283,224,298,237,288.0,229.5,296.5,237.0,5.0,5.5,-1.5,0.0
NGCT28_SLICE55_LAD,0.0,0,0,0,0,0.0,0.0,0.0,0.0,0.0,0.0,0.0,0.0
NGCT28_SLICE56_LAD,6.375,304,229,322,241,307.0,231.0,318.5,241.5,3.0,2.0,-3.5,0.5
NGCT28_SLICE57_LAD,11.0625,305,217,330,237,307.5,222.0,327.0,235.0,2.5,5.0,-3.0,-2.0
NGCT28_SLICE58_LAD,16.4375,310,213,334,236,314.5,218.5,331.5,233.0,4.5,5.5,-2.5,-3.0
NGCT28_SLICE59_LAD,9.375,316,208,343,230,319.5,210.0,338.5,229.0,3.5,2.0,-4.5,-1.0
NGCT28_SLICE60_LAD,11.625,327,199,343,220,329.0,205.0,342.5,217.5,2.0,6.0,-0.5,-2.5
NGCT28_SLICE61_LAD,27.0625,328,195,348,220,334.0,201.0,344.0,215.5,6.0,6.0,-4.0,-4.5
NGCT28_SLICE62_LAD,15.9375,335,192,346,217,336.0,198.5,346.5,212.5,1.0,6.5,0.5,-4.5
NGCT28_SLICE63_LAD,11.0625,333,194,350,210,338.0,195.5,346.0,209.0,5.0,1.5,-4.0,-1.0
NGCT28_SLICE64_LAD,15.3125,340,186,353,199,346.0,191.0,352.5,199.0,6.0,5.0,-0.5,0.0
NGCT28_SLICE65_LAD,0.0,0,0,0,0,0.0,0.0,0.0,0.0,0.0,0.0,0.0,0.0
NGCT28_SLICE66_LAD,0.0,0,0,0,0,0.0,0.0,0.0,0.0,0.0,0.0,0.0,0.0
NGCT28_SLICE67_LAD,0.0,0,0,0,0,0.0,0.0,0.0,0.0,0.0,0.0,0.0,0.0
NGCT28_SLICE68_LAD,0.0,0,0,0,0,0.0,0.0,0.0,0.0,0.0,0.0,0.0,0.0
NGCT28_SLICE69_LAD,0.0,0,0,0,0,0.0,0.0,0.0,0.0,0.0,0.0,0.0,0.0
NGCT29_SLICE55_LAD,0.0,0,0,0,0,0.0,0.0,0.0,0.0,0.0,0.0,0.0,0.0
NGCT29_SLICE56_LAD,0.0,0,0,0,0,0.0,0.0,0.0,0.0,0.0,0.0,0.0,0.0
NGCT29_SLICE57_LAD,21.875,307,219,324,240,312.0,225.5,324.0,235.5,5.0,6.5,0.0,-4.5
NGCT29_SLICE58_LAD,10.125,313,218,333,237,314.5,220.5,329.0,233.0,1.5,2.5,-4.0,-4.0
NGCT29_SLICE59_LAD,15.375,316,214,337,231,320.0,220.5,336.0,229.5,4.0,6.5,-1.0,-1.5
NGCT29_SLICE60_LAD,12.0625,328,202,344,223,330.5,207.0,343.0,219.0,2.5,5.0,-1.0,-4.0
NGCT29_SLICE61_LAD,15.5,333,196,349,219,334.0,202.0,346.0,215.0,1.0,6.0,-3.0,-4.0
NGCT29_SLICE62_LAD,7.75,335,195,350,213,337.0,198.0,347.0,210.0,2.0,3.0,-3.0,-3.0
NGCT29_SLICE63_LAD,15.625,334,193,347,213,339.0,195.5,346.0,207.5,5.0,2.5,-1.0,-5.5
NGCT29_SLICE64_LAD,0.0,0,0,0,0,0.0,0.0,0.0,0.0,0.0,0.0,0.0,0.0
NGCT30_SLICE58_LAD,0.0,0,0,0,0,0.0,0.0,0.0,0.0,0.0,0.0,0.0,0.0
NGCT30_SLICE59_LAD,0.0,0,0,0,0,0.0,0.0,0.0,0.0,0.0,0.0,0.0,0.0
NGCT30_SLICE60_LAD,0.0,0,0,0,0,0.0,0.0,0.0,0.0,0.0,0.0,0.0,0.0
NGCT30_SLICE61_LAD,0.0,0,0,0,0,0.0,0.0,0.0,0.0,0.0,0.0,0.0,0.0
NGCT30_SLICE62_LAD,0.0,0,0,0,0,0.0,0.0,0.0,0.0,0.0,0.0,0.0,0.0
NGCT30_SLICE63_LAD,0.0,0,0,0,0,0.0,0.0,0.0,0.0,0.0,0.0,0.0,0.0
NGCT30_SLICE64_LAD,0.0,0,0,0,0,0.0,0.0,0.0,0.0,0.0,0.0,0.0,0.0
NGCT30_SLICE65_LAD,6.30555555555564,277,234,296,251,278.6666666666665,238.0,295.0,248.6666666666665,1.666666666666515,4.0,-1.0,-2.3333333333335133
NGCT30_SLICE66_LAD,13.916666666667197,276,231,296,254,276.6666666666665,236.3333333333335,294.6666666666665,249.0,0.6666666666665151,5.333333333333513,-1.333333333333485,-5.0
NGCT30_SLICE67_LAD,18.916666666667428,276,226,295,240,282.0,231.3333333333335,291.6666666666665,239.6666666666665,6.0,5.333333333333513,-3.333333333333485,-0.33333333333351334
NGCT30_SLICE68_LAD,9.749999999999691,282,224,301,244,283.0,227.6666666666665,297.3333333333335,240.6666666666665,1.0,3.6666666666664867,-3.666666666666515,-3.3333333333335133
NGCT30_SLICE69_LAD,7.694444444444977,287,221,305,238,287.6666666666665,225.3333333333335,301.6666666666665,237.3333333333335,0.6666666666665151,4.333333333333513,-3.333333333333485,-0.6666666666664867
NGCT30_SLICE70_LAD,3.694444444444991,289,219,308,237,289.3333333333335,222.3333333333335,306.6666666666665,235.6666666666665,0.3333333333334849,3.3333333333335133,-1.333333333333485,-1.3333333333335133
NGCT30_SLICE71_LAD,11.250000000000398,290,205,322,238,292.3333333333335,211.0,320.6666666666665,236.6666666666665,2.333333333333485,6.0,-1.333333333333485,-1.3333333333335133
NGCT30_SLICE72_LAD,10.305555555555554,292,188,328,234,296.3333333333335,191.6666666666665,325.0,234.0,4.333333333333485,3.6666666666664867,-3.0,0.0
NGCT30_SLICE73_LAD,11.166666666666416,304,184,331,224,308.6666666666665,185.6666666666665,327.6666666666665,221.0,4.666666666666515,1.6666666666664867,-3.333333333333485,-3.0
NGCT30_SLICE74_LAD,2.777777777777737,310,181,331,218,311.3333333333335,182.3333333333335,328.3333333333335,217.3333333333335,1.333333333333485,1.3333333333335133,-2.666666666666515,-0.6666666666664867
NGCT30_SLICE75_LAD,9.166666666666464,316,177,334,196,317.0,178.6666666666665,329.3333333333335,192.6666666666665,1.0,1.6666666666664867,-4.666666666666515,-3.3333333333335133
NGCT30_SLICE76_LAD,2.0833333333333903,316,177,331,192,318.3333333333335,178.6666666666665,331.0,191.6666666666665,2.333333333333485,1.6666666666664867,0.0,-0.33333333333351334
NGCT30_SLICE77_LAD,5.888888888889091,318,174,331,195,319.3333333333335,176.0,329.6666666666665,191.0,1.333333333333485,2.0,-1.333333333333485,-4.0
NGCT30_SLICE78_LAD,3.611111111111179,317,172,333,187,318.3333333333335,174.6666666666665,330.6666666666665,187.3333333333335,1.333333333333485,2.6666666666664867,-2.333333333333485,0.33333333333351334
NGCT30_SLICE79_LAD,7.916666666666364,318,172,334,187,320.3333333333335,172.6666666666665,332.0,182.3333333333335,2.333333333333485,0.6666666666664867,-2.0,-4.666666666666487
NGCT30_SLICE80_LAD,8.111111111110795,318,164,338,185,320.6666666666665,165.3333333333335,333.3333333333335,183.6666666666665,2.666666666666515,1.3333333333335133,-4.666666666666515,-1.3333333333335133
NGCT30_SLICE81_LAD,11.361111111111516,304,156,331,172,309.3333333333335,158.0,328.0,170.0,5.333333333333485,2.0,-3.0,-2.0
NGCT30_SLICE82_LAD,7.33333333333322,305,156,323,169,309.6666666666665,157.3333333333335,321.0,167.6666666666665,4.666666666666515,1.3333333333335133,-2.0,-1.3333333333335133
NGCT30_SLICE83_LAD,14.138888888888882,303,149,322,166,309.0,153.0,320.3333333333335,164.6666666666665,6.0,4.0,-1.666666666666515,-1.3333333333335133
NGCT30_SLICE84_LAD,10.333333333332874,308,146,324,161,310.3333333333335,151.6666666666665,322.3333333333335,160.0,2.333333333333485,5.666666666666487,-1.666666666666515,-1.0
NGCT30_SLICE85_LAD,15.75000000000026,309,147,329,166,314.6666666666665,151.3333333333335,328.0,162.6666666666665,5.666666666666515,4.333333333333513,-1.0,-3.3333333333335133
NGCT30_SLICE86_LAD,0.0,0,0,0,0,0.0,0.0,0.0,0.0,0.0,0.0,0.0,0.0
NGCT30_SLICE87_LAD,0.0,0,0,0,0,0.0,0.0,0.0,0.0,0.0,0.0,0.0,0.0
NGCT31_SLICE63_LAD,8.361111111110468,313,209,336,234,314.3333333333335,210.6666666666665,331.3333333333335,231.3333333333335,1.333333333333485,1.6666666666664867,-4.666666666666515,-2.6666666666664867
NGCT31_SLICE64_LAD,13.027777777778958,312,205,336,233,315.3333333333335,208.3333333333335,331.6666666666665,229.6666666666665,3.333333333333485,3.3333333333335133,-4.333333333333485,-3.3333333333335133
NGCT31_SLICE65_LAD,19.97222222222156,314,205,336,227,320.0,210.6666666666665,333.0,225.3333333333335,6.0,5.666666666666487,-3.0,-1.6666666666664867
NGCT31_SLICE66_LAD,14.833333333332963,313,198,341,222,318.6666666666665,198.6666666666665,336.0,220.6666666666665,5.666666666666515,0.6666666666664867,-5.0,-1.3333333333335133
NGCT31_SLICE67_LAD,7.0,321,193,341,228,322.0,198.0,340.0,227.0,1.0,5.0,-1.0,-1.0
NGCT31_SLICE68_LAD,10.055555555555582,318,200,342,233,322.0,201.6666666666665,339.6666666666665,229.0,4.0,1.6666666666664867,-2.333333333333485,-4.0
NGCT31_SLICE69_LAD,7.944444444444152,321,206,344,235,321.3333333333335,208.6666666666665,340.6666666666665,231.3333333333335,0.3333333333334849,2.6666666666664867,-3.333333333333485,-3.6666666666664867
NGCT31_SLICE70_LAD,13.16666666666569,327,188,356,216,330.6666666666665,190.0,352.3333333333335,211.3333333333335,3.666666666666515,2.0,-3.666666666666515,-4.666666666666487
NGCT31_SLICE71_LAD,18.47222222222156,327,180,366,212,333.0,184.6666666666665,363.0,209.3333333333335,6.0,4.666666666666487,-3.0,-2.6666666666664867
NGCT31_SLICE72_LAD,11.638888888888555,336,178,356,199,338.3333333333335,183.6666666666665,353.0,199.0,2.333333333333485,5.666666666666487,-3.0,0.0
NGCT31_SLICE73_LAD,14.4166666666667,343,170,361,188,345.3333333333335,175.0,356.3333333333335,185.6666666666665,2.333333333333485,5.0,-4.666666666666515,-2.3333333333335133
NGCT31_SLICE74_LAD,7.250000000000427,355,176,366,195,356.3333333333335,180.0,366.3333333333335,191.6666666666665,1.333333333333485,4.0,0.3333333333334849,-3.3333333333335133
NGCT31_SLICE75_LAD,19.83333333333363,349,165,370,187,355.0,168.3333333333335,365.6666666666665,183.3333333333335,6.0,3.3333333333335133,-4.333333333333485,-3.6666666666664867
NGCT31_SLICE76_LAD,11.472222222222864,350,150,367,165,354.0,154.3333333333335,363.6666666666665,165.0,4.0,4.333333333333513,-3.333333333333485,0.0
NGCT31_SLICE77_LAD,6.083333333332665,351,154,366,166,352.0,155.6666666666665,362.3333333333335,163.3333333333335,1.0,1.6666666666664867,-3.666666666666515,-2.6666666666664867
NGCT31_SLICE78_LAD,22.750000000001123,349,148,367,166,353.3333333333335,153.0,361.6666666666665,161.6666666666665,4.333333333333485,5.0,-5.333333333333485,-4.333333333333513
NGCT31_SLICE79_LAD,17.500000000000583,349,149,366,163,355.3333333333335,150.6666666666665,362.6666666666665,159.0,6.333333333333485,1.6666666666664867,-3.333333333333485,-4.0
NGCT31_SLICE80_LAD,0.0,0,0,0,0,0.0,0.0,0.0,0.0,0.0,0.0,0.0,0.0
NGCT31_SLICE81_LAD,0.0,0,0,0,0,0.0,0.0,0.0,0.0,0.0,0.0,0.0,0.0
NGCT31_SLICE82_LAD,0.0,0,0,0,0,0.0,0.0,0.0,0.0,0.0,0.0,0.0,0.0
NGCT32_SLICE59_LAD,13.5625,314,185,348,225,317.0,189.5,345.0,221.0,3.0,4.5,-3.0,-4.0
NGCT32_SLICE60_LAD,8.25,313,185,346,220,318.0,187.0,346.0,218.0,5.0,2.0,0.0,-2.0
NGCT32_SLICE61_LAD,18.3125,317,179,352,222,320.0,185.0,348.0,218.5,3.0,6.0,-4.0,-3.5
NGCT32_SLICE62_LAD,7.3125,334,180,349,199,337.0,184.0,348.5,197.0,3.0,4.0,-0.5,-2.0
NGCT32_SLICE63_LAD,7.625,327,183,346,196,330.0,184.0,345.5,191.5,3.0,1.0,-0.5,-4.5
NGCT32_SLICE64_LAD,2.375,345,181,357,191,346.5,183.0,355.5,190.0,1.5,2.0,-1.5,-1.0
NGCT32_SLICE65_LAD,2.9375,335,172,349,180,336.5,175.0,349.5,180.5,1.5,3.0,0.5,0.5
NGCT32_SLICE66_LAD,10.375,336,169,354,179,341.5,172.0,352.5,179.0,5.5,3.0,-1.5,0.0
NGCT32_SLICE67_LAD,0.0,0,0,0,0,0.0,0.0,0.0,0.0,0.0,0.0,0.0,0.0
NGCT32_SLICE68_LAD,0.0,0,0,0,0,0.0,0.0,0.0,0.0,0.0,0.0,0.0,0.0
NGCT33_SLICE52_LAD,0.0,0,0,0,0,0.0,0.0,0.0,0.0,0.0,0.0,0.0,0.0
NGCT33_SLICE53_LAD,0.0,0,0,0,0,0.0,0.0,0.0,0.0,0.0,0.0,0.0,0.0
NGCT33_SLICE54_LAD,10.750000000000213,312,197,347,224,313.3333333333335,200.0,343.3333333333335,219.6666666666665,1.333333333333485,3.0,-3.666666666666515,-4.333333333333513
NGCT33_SLICE55_LAD,6.166666666666407,304,195,351,224,307.0,198.6666666666665,350.3333333333335,222.6666666666665,3.0,3.6666666666664867,-0.6666666666665151,-1.3333333333335133
NGCT33_SLICE56_LAD,3.4166666666666714,318,199,346,218,320.3333333333335,200.0,343.3333333333335,217.6666666666665,2.333333333333485,1.0,-2.666666666666515,-0.33333333333351334
NGCT33_SLICE57_LAD,8.333333333332678,327,201,351,220,329.0,203.6666666666665,346.3333333333335,219.3333333333335,2.0,2.6666666666664867,-4.666666666666515,-0.6666666666664867
NGCT33_SLICE58_LAD,0.0,0,0,0,0,0.0,0.0,0.0,0.0,0.0,0.0,0.0,0.0
NGCT33_SLICE59_LAD,0.0,0,0,0,0,0.0,0.0,0.0,0.0,0.0,0.0,0.0,0.0
NGCT33_SLICE60_LAD,0.0,0,0,0,0,0.0,0.0,0.0,0.0,0.0,0.0,0.0,0.0
NGCT33_SLICE61_LAD,0.0,0,0,0,0,0.0,0.0,0.0,0.0,0.0,0.0,0.0,0.0
NGCT33_SLICE62_LAD,0.0,0,0,0,0,0.0,0.0,0.0,0.0,0.0,0.0,0.0,0.0
NGCT33_SLICE63_LAD,0.0,0,0,0,0,0.0,0.0,0.0,0.0,0.0,0.0,0.0,0.0
NGCT33_SLICE64_LAD,0.0,0,0,0,0,0.0,0.0,0.0,0.0,0.0,0.0,0.0,0.0
NGCT33_SLICE65_LAD,0.0,0,0,0,0,0.0,0.0,0.0,0.0,0.0,0.0,0.0,0.0
NGCT33_SLICE66_LAD,0.0,0,0,0,0,0.0,0.0,0.0,0.0,0.0,0.0,0.0,0.0
NGCT33_SLICE67_LAD,0.0,0,0,0,0,0.0,0.0,0.0,0.0,0.0,0.0,0.0,0.0
NGCT33_SLICE68_LAD,0.0,0,0,0,0,0.0,0.0,0.0,0.0,0.0,0.0,0.0,0.0
NGCT33_SLICE69_LAD,0.0,0,0,0,0,0.0,0.0,0.0,0.0,0.0,0.0,0.0,0.0
NGCT33_SLICE70_LAD,0.0,0,0,0,0,0.0,0.0,0.0,0.0,0.0,0.0,0.0,0.0
NGCT33_SLICE71_LAD,0.0,0,0,0,0,0.0,0.0,0.0,0.0,0.0,0.0,0.0,0.0
NGCT34_SLICE70_LAD,0.0,0,0,0,0,0.0,0.0,0.0,0.0,0.0,0.0,0.0,0.0
NGCT34_SLICE71_LAD,0.0,0,0,0,0,0.0,0.0,0.0,0.0,0.0,0.0,0.0,0.0
NGCT34_SLICE72_LAD,0.0,0,0,0,0,0.0,0.0,0.0,0.0,0.0,0.0,0.0,0.0
NGCT34_SLICE73_LAD,0.0,0,0,0,0,0.0,0.0,0.0,0.0,0.0,0.0,0.0,0.0
NGCT34_SLICE74_LAD,12.9375,278,202,295,215,283.5,204.5,292.0,212.5,5.5,2.5,-3.0,-2.5
NGCT34_SLICE75_LAD,6.5,273,199,295,216,277.0,202.0,295.0,215.0,4.0,3.0,0.0,-1.0
NGCT34_SLICE76_LAD,12.5625,273,196,299,216,279.0,199.5,298.0,215.0,6.0,3.5,-1.0,-1.0
NGCT34_SLICE77_LAD,8.3125,281,191,303,212,284.5,195.0,301.0,211.0,3.5,4.0,-2.0,-1.0
NGCT34_SLICE78_LAD,12.875,283,188,305,212,287.5,193.0,305.0,209.5,4.5,5.0,0.0,-2.5
NGCT34_SLICE79_LAD,9.0625,293,181,309,206,295.0,185.0,308.5,202.0,2.0,4.0,-0.5,-4.0
NGCT34_SLICE80_LAD,0.625,297,181,309,200,298.0,182.0,308.5,199.5,1.0,1.0,-0.5,-0.5
NGCT34_SLICE81_LAD,8.75,296,174,317,195,300.0,175.0,314.0,192.0,4.0,1.0,-3.0,-3.0
NGCT34_SLICE82_LAD,9.3125,303,168,317,184,305.0,172.5,314.0,182.0,2.0,4.5,-3.0,-2.0
NGCT34_SLICE83_LAD,11.75,297,165,320,182,302.0,168.0,318.0,179.0,5.0,3.0,-2.0,-3.0
NGCT34_SLICE84_LAD,6.9375,303,160,318,177,306.0,160.5,315.5,173.5,3.0,0.5,-2.5,-3.5
NGCT34_SLICE85_LAD,0.0,0,0,0,0,0.0,0.0,0.0,0.0,0.0,0.0,0.0,0.0
NGCT34_SLICE86_LAD,6.625,303,150,315,161,307.5,152.0,315.0,159.5,4.5,2.0,0.0,-1.5
NGCT34_SLICE87_LAD,0.875,305,148,314,159,305.5,149.0,314.0,157.5,0.5,1.0,0.0,-1.5
NGCT34_SLICE88_LAD,14.3125,301,144,317,156,306.0,149.5,316.0,155.0,5.0,5.5,-1.0,-1.0
NGCT34_SLICE89_LAD,7.8125,298,142,315,153,303.0,144.5,315.0,153.0,5.0,2.5,0.0,0.0
NGCT34_SLICE90_LAD,5.8125,302,143,317,155,304.0,146.0,314.5,153.0,2.0,3.0,-2.5,-2.0
NGCT34_SLICE91_LAD,0.0,0,0,0,0,0.0,0.0,0.0,0.0,0.0,0.0,0.0,0.0
NGCT34_SLICE92_LAD,0.0,0,0,0,0,0.0,0.0,0.0,0.0,0.0,0.0,0.0,0.0
NGCT34_SLICE93_LAD,0.0,0,0,0,0,0.0,0.0,0.0,0.0,0.0,0.0,0.0,0.0
NGCT34_SLICE94_LAD,0.0,0,0,0,0,0.0,0.0,0.0,0.0,0.0,0.0,0.0,0.0
NGCT34_SLICE95_LAD,0.0,0,0,0,0,0.0,0.0,0.0,0.0,0.0,0.0,0.0,0.0
NGCT34_SLICE96_LAD,0.0,0,0,0,0,0.0,0.0,0.0,0.0,0.0,0.0,0.0,0.0
NGCT34_SLICE97_LAD,0.0,0,0,0,0,0.0,0.0,0.0,0.0,0.0,0.0,0.0,0.0
NGCT34_SLICE98_LAD,0.0,0,0,0,0,0.0,0.0,0.0,0.0,0.0,0.0,0.0,0.0
NGCT34_SLICE99_LAD,0.0,0,0,0,0,0.0,0.0,0.0,0.0,0.0,0.0,0.0,0.0
NGCT35_SLICE60_LAD,0.0,0,0,0,0,0.0,0.0,0.0,0.0,0.0,0.0,0.0,0.0
NGCT35_SLICE61_LAD,0.0,0,0,0,0,0.0,0.0,0.0,0.0,0.0,0.0,0.0,0.0
NGCT35_SLICE62_LAD,6.125,276,187,309,211,277.5,190.0,305.5,210.0,1.5,3.0,-3.5,-1.0
NGCT35_SLICE63_LAD,12.8125,283,187,304,206,285.0,192.0,300.0,203.5,2.0,5.0,-4.0,-2.5
NGCT35_SLICE64_LAD,12.5625,299,189,319,203,302.0,189.5,315.0,198.0,3.0,0.5,-4.0,-5.0
NGCT35_SLICE65_LAD,7.4375,314,171,327,185,316.5,175.5,325.5,184.0,2.5,4.5,-1.5,-1.0
NGCT35_SLICE66_LAD,0.0,0,0,0,0,0.0,0.0,0.0,0.0,0.0,0.0,0.0,0.0
NGCT35_SLICE67_LAD,0.0,0,0,0,0,0.0,0.0,0.0,0.0,0.0,0.0,0.0,0.0
NGCT35_SLICE68_LAD,0.0,0,0,0,0,0.0,0.0,0.0,0.0,0.0,0.0,0.0,0.0
NGCT35_SLICE69_LAD,0.0,0,0,0,0,0.0,0.0,0.0,0.0,0.0,0.0,0.0,0.0
NGCT37_SLICE55_LAD,0.0,0,0,0,0,0.0,0.0,0.0,0.0,0.0,0.0,0.0,0.0
NGCT37_SLICE56_LAD,0.0,0,0,0,0,0.0,0.0,0.0,0.0,0.0,0.0,0.0,0.0
NGCT37_SLICE57_LAD,0.0,0,0,0,0,0.0,0.0,0.0,0.0,0.0,0.0,0.0,0.0
NGCT37_SLICE58_LAD,0.0,0,0,0,0,0.0,0.0,0.0,0.0,0.0,0.0,0.0,0.0
NGCT37_SLICE59_LAD,0.0,0,0,0,0,0.0,0.0,0.0,0.0,0.0,0.0,0.0,0.0
NGCT37_SLICE60_LAD,0.0,0,0,0,0,0.0,0.0,0.0,0.0,0.0,0.0,0.0,0.0
NGCT37_SLICE61_LAD,0.0,0,0,0,0,0.0,0.0,0.0,0.0,0.0,0.0,0.0,0.0
NGCT37_SLICE62_LAD,0.0,0,0,0,0,0.0,0.0,0.0,0.0,0.0,0.0,0.0,0.0
NGCT37_SLICE63_LAD,9.944444444443782,276,203,302,216,280.6666666666665,204.3333333333335,298.3333333333335,214.3333333333335,4.666666666666515,1.3333333333335133,-3.666666666666515,-1.6666666666664867
NGCT37_SLICE64_LAD,5.055555555555616,279,202,300,213,282.0,203.3333333333335,297.0,213.6666666666665,3.0,1.3333333333335133,-3.0,0.6666666666664867
NGCT37_SLICE65_LAD,8.083333333333655,291,195,313,209,292.6666666666665,198.0,308.6666666666665,207.6666666666665,1.666666666666515,3.0,-4.333333333333485,-1.3333333333335133
NGCT37_SLICE66_LAD,4.166666666666961,291,195,313,211,292.6666666666665,196.3333333333335,312.0,207.6666666666665,1.666666666666515,1.3333333333335133,-1.0,-3.3333333333335133
NGCT37_SLICE67_LAD,12.333333333333172,282,198,315,213,286.6666666666665,198.6666666666665,311.6666666666665,209.0,4.666666666666515,0.6666666666664867,-3.333333333333485,-4.0
NGCT37_SLICE68_LAD,8.916666666666945,286,196,311,209,290.0,200.3333333333335,310.3333333333335,208.3333333333335,4.0,4.333333333333513,-0.6666666666665151,-0.6666666666664867
NGCT37_SLICE69_LAD,10.250000000000625,299,195,324,210,304.3333333333335,196.3333333333335,322.6666666666665,207.0,5.333333333333485,1.3333333333335133,-1.333333333333485,-3.0
NGCT37_SLICE70_LAD,15.527777777778418,300,180,331,211,303.3333333333335,184.3333333333335,326.6666666666665,207.3333333333335,3.333333333333485,4.333333333333513,-4.333333333333485,-3.6666666666664867
NGCT37_SLICE71_LAD,9.305555555555582,299,186,330,209,304.0,188.0,327.6666666666665,207.3333333333335,5.0,2.0,-2.333333333333485,-1.6666666666664867
NGCT37_SLICE72_LAD,11.472222222221667,308,181,337,205,312.6666666666665,185.0,334.3333333333335,204.0,4.666666666666515,4.0,-2.666666666666515,-1.0
NGCT37_SLICE73_LAD,8.97222222222183,308,178,339,211,313.0,180.6666666666665,338.0,209.3333333333335,5.0,2.6666666666664867,-1.0,-1.6666666666664867
NGCT37_SLICE74_LAD,9.38888888888932,308,173,340,215,312.3333333333335,174.0,338.6666666666665,211.0,4.333333333333485,1.0,-1.333333333333485,-4.0
NGCT37_SLICE75_LAD,4.250000000000398,322,169,341,192,325.3333333333335,171.0,340.6666666666665,190.6666666666665,3.333333333333485,2.0,-0.3333333333334849,-1.3333333333335133
NGCT37_SLICE76_LAD,13.027777777778958,328,165,346,185,332.3333333333335,168.3333333333335,342.6666666666665,181.6666666666665,4.333333333333485,3.3333333333335133,-3.333333333333485,-3.3333333333335133
NGCT37_SLICE77_LAD,8.250000000000412,332,158,346,177,332.6666666666665,162.0,342.6666666666665,174.6666666666665,0.6666666666665151,4.0,-3.333333333333485,-2.3333333333335133
NGCT37_SLICE78_LAD,3.916666666666378,336,149,347,162,337.3333333333335,152.6666666666665,347.0,161.3333333333335,1.333333333333485,3.6666666666664867,0.0,-0.6666666666664867
NGCT37_SLICE79_LAD,3.138888888888859,340,149,351,162,342.0,150.3333333333335,349.0,160.3333333333335,2.0,1.3333333333335133,-2.0,-1.6666666666664867
NGCT37_SLICE80_LAD,0.0,0,0,0,0,0.0,0.0,0.0,0.0,0.0,0.0,0.0,0.0
NGCT37_SLICE81_LAD,0.0,0,0,0,0,0.0,0.0,0.0,0.0,0.0,0.0,0.0,0.0
NGCT37_SLICE82_LAD,0.0,0,0,0,0,0.0,0.0,0.0,0.0,0.0,0.0,0.0,0.0
NGCT37_SLICE83_LAD,0.0,0,0,0,0,0.0,0.0,0.0,0.0,0.0,0.0,0.0,0.0
NGCT37_SLICE84_LAD,0.0,0,0,0,0,0.0,0.0,0.0,0.0,0.0,0.0,0.0,0.0
NGCT38_SLICE56_LAD,0.0,0,0,0,0,0.0,0.0,0.0,0.0,0.0,0.0,0.0,0.0
NGCT38_SLICE57_LAD,0.0,0,0,0,0,0.0,0.0,0.0,0.0,0.0,0.0,0.0,0.0
NGCT38_SLICE58_LAD,9.027777777777501,305,283,327,298,309.6666666666665,285.3333333333335,325.6666666666665,295.3333333333335,4.666666666666515,2.333333333333485,-1.333333333333485,-2.666666666666515
NGCT38_SLICE59_LAD,7.000000000000152,306,280,340,299,309.3333333333335,280.6666666666665,336.0,298.3333333333335,3.333333333333485,0.6666666666665151,-4.0,-0.6666666666665151
NGCT38_SLICE60_LAD,4.833333333333863,313,277,342,299,316.3333333333335,278.3333333333335,339.6666666666665,298.0,3.333333333333485,1.333333333333485,-2.333333333333485,-1.0
NGCT38_SLICE61_LAD,10.861111111110986,321,269,348,297,325.6666666666665,273.3333333333335,347.6666666666665,295.3333333333335,4.666666666666515,4.333333333333485,-0.3333333333334849,-1.666666666666515
NGCT38_SLICE62_LAD,2.4722222222223484,331,265,361,288,331.6666666666665,267.0,358.6666666666665,288.0,0.6666666666665151,2.0,-2.333333333333485,0.0
NGCT38_SLICE63_LAD,9.47222222222235,343,256,367,276,347.0,260.0,364.6666666666665,275.3333333333335,4.0,4.0,-2.333333333333485,-0.6666666666665151
NGCT38_SLICE64_LAD,1.305555555555606,349,257,370,277,351.0,258.0,369.6666666666665,276.6666666666665,2.0,1.0,-0.3333333333334849,-0.3333333333334849
NGCT38_SLICE65_LAD,9.166666666666668,350,254,374,273,353.6666666666665,256.3333333333335,372.6666666666665,269.0,3.666666666666515,2.333333333333485,-1.333333333333485,-4.0
NGCT38_SLICE66_LAD,15.38888888888841,352,245,372,271,354.6666666666665,250.0,368.3333333333335,267.0,2.666666666666515,5.0,-3.666666666666515,-4.0
NGCT38_SLICE67_LAD,13.083333333333684,361,248,378,270,365.3333333333335,251.3333333333335,375.0,266.3333333333335,4.333333333333485,3.3333333333335133,-3.0,-3.666666666666515
NGCT38_SLICE68_LAD,0.0,0,0,0,0,0.0,0.0,0.0,0.0,0.0,0.0,0.0,0.0
NGCT38_SLICE69_LAD,0.0,0,0,0,0,0.0,0.0,0.0,0.0,0.0,0.0,0.0,0.0
NGCT38_SLICE70_LAD,0.0,0,0,0,0,0.0,0.0,0.0,0.0,0.0,0.0,0.0,0.0
NGCT42_SLICE56_LAD,0.0,0,0,0,0,0.0,0.0,0.0,0.0,0.0,0.0,0.0,0.0
NGCT42_SLICE57_LAD,0.0,0,0,0,0,0.0,0.0,0.0,0.0,0.0,0.0,0.0,0.0
NGCT42_SLICE58_LAD,0.0,0,0,0,0,0.0,0.0,0.0,0.0,0.0,0.0,0.0,0.0
NGCT42_SLICE59_LAD,0.0,0,0,0,0,0.0,0.0,0.0,0.0,0.0,0.0,0.0,0.0
NGCT42_SLICE60_LAD,0.0,0,0,0,0,0.0,0.0,0.0,0.0,0.0,0.0,0.0,0.0
NGCT42_SLICE61_LAD,13.666666666667698,281,223,312,244,284.3333333333335,228.3333333333335,310.0,240.6666666666665,3.333333333333485,5.333333333333513,-2.0,-3.3333333333335133
NGCT42_SLICE62_LAD,7.41666666666616,290,216,317,241,291.3333333333335,219.6666666666665,313.3333333333335,240.0,1.333333333333485,3.6666666666664867,-3.666666666666515,-1.0
NGCT42_SLICE63_LAD,4.555555555555113,300,212,321,237,302.6666666666665,214.0,321.0,234.3333333333335,2.666666666666515,2.0,0.0,-2.6666666666664867
NGCT42_SLICE64_LAD,7.5000000000001465,306,206,323,232,308.3333333333335,209.3333333333335,323.0,228.3333333333335,2.333333333333485,3.3333333333335133,0.0,-3.6666666666664867
NGCT42_SLICE65_LAD,18.11111111111078,306,200,327,225,311.0,205.0,324.0,221.3333333333335,5.0,5.0,-3.0,-3.6666666666664867
NGCT42_SLICE66_LAD,9.75,307,194,325,218,312.0,196.0,324.0,215.0,5.0,2.0,-1.0,-3.0
NGCT42_SLICE67_LAD,5.0555555555553795,312,186,326,209,313.6666666666665,190.0,325.3333333333335,208.0,1.666666666666515,4.0,-0.6666666666665151,-1.0
NGCT42_SLICE68_LAD,14.305555555555614,312,181,330,205,316.0,185.3333333333335,327.0,201.3333333333335,4.0,4.333333333333513,-3.0,-3.6666666666664867
NGCT42_SLICE69_LAD,2.6111111111112075,320,179,332,197,320.6666666666665,180.6666666666665,329.6666666666665,195.6666666666665,0.6666666666665151,1.6666666666664867,-2.333333333333485,-1.3333333333335133
NGCT42_SLICE70_LAD,6.694444444444536,319,175,332,192,322.6666666666665,178.3333333333335,331.3333333333335,190.6666666666665,3.666666666666515,3.3333333333335133,-0.6666666666665151,-1.3333333333335133
NGCT43_SLICE41_LAD,0.0,0,0,0,0,0.0,0.0,0.0,0.0,0.0,0.0,0.0,0.0
NGCT43_SLICE42_LAD,0.0,0,0,0,0,0.0,0.0,0.0,0.0,0.0,0.0,0.0,0.0
NGCT43_SLICE43_LAD,0.0,0,0,0,0,0.0,0.0,0.0,0.0,0.0,0.0,0.0,0.0
NGCT43_SLICE44_LAD,1.5,281,162,312,195,282.0,164.0,311.0,195.0,1.0,2.0,-1.0,0.0
NGCT43_SLICE45_LAD,4.333333333332907,278,158,319,200,281.0,159.6666666666665,317.3333333333335,198.3333333333335,3.0,1.6666666666664867,-1.666666666666515,-1.6666666666664867
NGCT43_SLICE46_LAD,15.222222222221628,272,150,316,231,276.6666666666665,154.0,312.0,228.3333333333335,4.666666666666515,4.0,-4.0,-2.6666666666664867
NGCT43_SLICE47_LAD,7.777777777778248,271,150,312,234,273.6666666666665,153.3333333333335,308.6666666666665,232.6666666666665,2.666666666666515,3.3333333333335133,-3.333333333333485,-1.3333333333335133
NGCT43_SLICE48_LAD,15.527777777778418,271,185,295,224,274.3333333333335,189.3333333333335,290.6666666666665,220.3333333333335,3.333333333333485,4.333333333333513,-4.333333333333485,-3.6666666666664867
NGCT43_SLICE49_LAD,0.0,0,0,0,0,0.0,0.0,0.0,0.0,0.0,0.0,0.0,0.0
NGCT43_SLICE50_LAD,0.0,0,0,0,0,0.0,0.0,0.0,0.0,0.0,0.0,0.0,0.0
NGCT46_SLICE59_LAD,0.0,0,0,0,0,0.0,0.0,0.0,0.0,0.0,0.0,0.0,0.0
NGCT46_SLICE60_LAD,0.0,0,0,0,0,0.0,0.0,0.0,0.0,0.0,0.0,0.0,0.0
NGCT46_SLICE61_LAD,0.0,0,0,0,0,0.0,0.0,0.0,0.0,0.0,0.0,0.0,0.0
NGCT46_SLICE62_LAD,0.0,0,0,0,0,0.0,0.0,0.0,0.0,0.0,0.0,0.0,0.0
NGCT46_SLICE63_LAD,5.0625,299,245,315,261,301.0,248.0,314.0,258.5,2.0,3.0,-1.0,-2.5
NGCT46_SLICE64_LAD,0.0,0,0,0,0,0.0,0.0,0.0,0.0,0.0,0.0,0.0,0.0
NGCT46_SLICE65_LAD,0.0,0,0,0,0,0.0,0.0,0.0,0.0,0.0,0.0,0.0,0.0
NGCT46_SLICE66_LAD,9.375,303,241,322,253,306.5,244.0,318.0,252.5,3.5,3.0,-4.0,-0.5
NGCT46_SLICE67_LAD,9.9375,305,220,332,243,308.5,224.5,331.0,240.5,3.5,4.5,-1.0,-2.5
NGCT46_SLICE68_LAD,5.25,308,219,337,239,312.0,221.0,336.0,239.0,4.0,2.0,-1.0,0.0
NGCT46_SLICE69_LAD,15.0,315,210,340,238,320.0,215.0,339.0,235.0,5.0,5.0,-1.0,-3.0
NGCT46_SLICE70_LAD,17.5625,318,211,346,239,321.0,216.0,341.5,235.0,3.0,5.0,-4.5,-4.0
NGCT46_SLICE71_LAD,8.625,334,201,346,215,336.0,203.0,343.5,210.5,2.0,2.0,-2.5,-4.5
NGCT46_SLICE72_LAD,1.5625,333,192,343,205,334.0,193.0,342.5,203.0,1.0,1.0,-0.5,-2.0
NGCT46_SLICE73_LAD,9.0625,332,183,344,200,334.0,186.5,342.0,196.0,2.0,3.5,-2.0,-4.0
NGCT46_SLICE74_LAD,10.3125,331,177,341,196,333.0,181.0,340.0,191.5,2.0,4.0,-1.0,-4.5
NGCT46_SLICE75_LAD,0.0,0,0,0,0,0.0,0.0,0.0,0.0,0.0,0.0,0.0,0.0
NGCT46_SLICE76_LAD,0.0,0,0,0,0,0.0,0.0,0.0,0.0,0.0,0.0,0.0,0.0
NGCT46_SLICE77_LAD,0.0,0,0,0,0,0.0,0.0,0.0,0.0,0.0,0.0,0.0,0.0
NGCT46_SLICE78_LAD,0.0,0,0,0,0,0.0,0.0,0.0,0.0,0.0,0.0,0.0,0.0
NGCT47_SLICE58_LAD,8.5625,299,208,314,222,304.0,211.0,314.0,221.5,5.0,3.0,0.0,-0.5
NGCT47_SLICE59_LAD,12.125,305,198,322,220,309.5,201.5,322.0,216.0,4.5,3.5,0.0,-4.0
NGCT47_SLICE60_LAD,4.0625,315,194,326,207,316.0,195.5,323.0,205.0,1.0,1.5,-3.0,-2.0
NGCT47_SLICE61_LAD,0.0,0,0,0,0,0.0,0.0,0.0,0.0,0.0,0.0,0.0,0.0
NGCT47_SLICE62_LAD,0.0,0,0,0,0,0.0,0.0,0.0,0.0,0.0,0.0,0.0,0.0
NGCT47_SLICE63_LAD,0.0,0,0,0,0,0.0,0.0,0.0,0.0,0.0,0.0,0.0,0.0
NGCT47_SLICE64_LAD,0.0,0,0,0,0,0.0,0.0,0.0,0.0,0.0,0.0,0.0,0.0
NGCT47_SLICE65_LAD,0.0,0,0,0,0,0.0,0.0,0.0,0.0,0.0,0.0,0.0,0.0
NGCT47_SLICE66_LAD,0.0,0,0,0,0,0.0,0.0,0.0,0.0,0.0,0.0,0.0,0.0
NGCT47_SLICE67_LAD,0.0,0,0,0,0,0.0,0.0,0.0,0.0,0.0,0.0,0.0,0.0
NGCT48_SLICE51_LAD,0.0,0,0,0,0,0.0,0.0,0.0,0.0,0.0,0.0,0.0,0.0
NGCT48_SLICE52_LAD,0.0,0,0,0,0,0.0,0.0,0.0,0.0,0.0,0.0,0.0,0.0
NGCT48_SLICE53_LAD,0.0,0,0,0,0,0.0,0.0,0.0,0.0,0.0,0.0,0.0,0.0
NGCT48_SLICE54_LAD,10.8125,270,226,308,249,274.0,230.0,305.0,247.5,4.0,4.0,-3.0,-1.5
NGCT48_SLICE55_LAD,7.8125,272,223,317,246,275.0,224.0,312.5,245.0,3.0,1.0,-4.5,-1.0
NGCT48_SLICE56_LAD,0.375,291,225,311,240,291.5,226.0,311.0,239.5,0.5,1.0,0.0,-0.5
NGCT48_SLICE57_LAD,0.0,0,0,0,0,0.0,0.0,0.0,0.0,0.0,0.0,0.0,0.0
NGCT48_SLICE58_LAD,0.0,0,0,0,0,0.0,0.0,0.0,0.0,0.0,0.0,0.0,0.0
NGCT48_SLICE59_LAD,0.0,0,0,0,0,0.0,0.0,0.0,0.0,0.0,0.0,0.0,0.0
NGCT48_SLICE60_LAD,0.0,0,0,0,0,0.0,0.0,0.0,0.0,0.0,0.0,0.0,0.0
NGCT49_SLICE45_LAD,0.0,0,0,0,0,0.0,0.0,0.0,0.0,0.0,0.0,0.0,0.0
NGCT49_SLICE46_LAD,0.0,0,0,0,0,0.0,0.0,0.0,0.0,0.0,0.0,0.0,0.0
NGCT49_SLICE47_LAD,0.0,0,0,0,0,0.0,0.0,0.0,0.0,0.0,0.0,0.0,0.0
NGCT49_SLICE48_LAD,16.875,298,191,323,212,303.5,194.5,319.0,209.0,5.5,3.5,-4.0,-3.0
NGCT49_SLICE49_LAD,11.3125,297,200,312,222,301.0,203.5,311.0,218.0,4.0,3.5,-1.0,-4.0
NGCT49_SLICE50_LAD,0.0,0,0,0,0,0.0,0.0,0.0,0.0,0.0,0.0,0.0,0.0
NGCT49_SLICE51_LAD,0.0,0,0,0,0,0.0,0.0,0.0,0.0,0.0,0.0,0.0,0.0
NGCT49_SLICE52_LAD,0.0,0,0,0,0,0.0,0.0,0.0,0.0,0.0,0.0,0.0,0.0
NGCT49_SLICE53_LAD,0.0,0,0,0,0,0.0,0.0,0.0,0.0,0.0,0.0,0.0,0.0
NGCT49_SLICE54_LAD,0.0,0,0,0,0,0.0,0.0,0.0,0.0,0.0,0.0,0.0,0.0
NGCT50_SLICE66_LAD,0.0,0,0,0,0,0.0,0.0,0.0,0.0,0.0,0.0,0.0,0.0
NGCT50_SLICE67_LAD,0.0,0,0,0,0,0.0,0.0,0.0,0.0,0.0,0.0,0.0,0.0
NGCT50_SLICE68_LAD,0.0,0,0,0,0,0.0,0.0,0.0,0.0,0.0,0.0,0.0,0.0
NGCT50_SLICE69_LAD,0.0,0,0,0,0,0.0,0.0,0.0,0.0,0.0,0.0,0.0,0.0
NGCT50_SLICE70_LAD,0.0,0,0,0,0,0.0,0.0,0.0,0.0,0.0,0.0,0.0,0.0
NGCT50_SLICE71_LAD,14.916666666667652,302,240,324,262,305.3333333333335,245.3333333333335,320.6666666666665,259.0,3.333333333333485,5.333333333333513,-3.333333333333485,-3.0
NGCT50_SLICE72_LAD,9.8333333333339,308,224,345,254,312.3333333333335,227.3333333333335,342.0,254.6666666666665,4.333333333333485,3.3333333333335133,-3.0,0.6666666666664867
NGCT50_SLICE73_LAD,8.055555555556062,316,214,354,254,319.3333333333335,215.0,350.6666666666665,251.0,3.333333333333485,1.0,-3.333333333333485,-3.0
NGCT50_SLICE74_LAD,6.833333333333675,326,202,354,234,327.3333333333335,206.3333333333335,352.0,232.3333333333335,1.333333333333485,4.333333333333513,-2.0,-1.6666666666664867
NGCT50_SLICE75_LAD,10.416666666667098,335,199,360,217,339.3333333333335,202.0,356.6666666666665,215.3333333333335,4.333333333333485,3.0,-3.333333333333485,-1.6666666666664867
NGCT50_SLICE76_LAD,4.694444444444934,337,199,358,213,340.3333333333335,199.6666666666665,355.6666666666665,211.6666666666665,3.333333333333485,0.6666666666664867,-2.333333333333485,-1.3333333333335133
NGCT50_SLICE77_LAD,8.500000000000185,340,196,356,211,343.3333333333335,198.3333333333335,352.3333333333335,209.0,3.333333333333485,2.3333333333335133,-3.666666666666515,-2.0
NGCT50_SLICE78_LAD,6.722222222221832,342,192,358,208,343.0,196.6666666666665,356.0,207.6666666666665,1.0,4.666666666666487,-2.0,-0.33333333333351334
NGCT50_SLICE79_LAD,10.944444444444319,342,190,357,212,343.6666666666665,195.0,357.0,208.0,1.666666666666515,5.0,0.0,-4.0
NGCT50_SLICE80_LAD,6.111111111111193,344,191,359,203,345.6666666666665,192.6666666666665,354.6666666666665,203.3333333333335,1.666666666666515,1.6666666666664867,-4.333333333333485,0.33333333333351334
NGCT50_SLICE81_LAD,0.0,0,0,0,0,0.0,0.0,0.0,0.0,0.0,0.0,0.0,0.0
NGCT50_SLICE82_LAD,0.0,0,0,0,0,0.0,0.0,0.0,0.0,0.0,0.0,0.0,0.0
NGCT50_SLICE83_LAD,0.0,0,0,0,0,0.0,0.0,0.0,0.0,0.0,0.0,0.0,0.0
NGCT50_SLICE84_LAD,0.0,0,0,0,0,0.0,0.0,0.0,0.0,0.0,0.0,0.0,0.0
NGCT50_SLICE85_LAD,0.0,0,0,0,0,0.0,0.0,0.0,0.0,0.0,0.0,0.0,0.0
NGCT51_SLICE58_LAD,0.0,0,0,0,0,0.0,0.0,0.0,0.0,0.0,0.0,0.0,0.0
NGCT51_SLICE59_LAD,0.0,0,0,0,0,0.0,0.0,0.0,0.0,0.0,0.0,0.0,0.0
NGCT51_SLICE60_LAD,0.0,0,0,0,0,0.0,0.0,0.0,0.0,0.0,0.0,0.0,0.0
NGCT51_SLICE61_LAD,0.0,0,0,0,0,0.0,0.0,0.0,0.0,0.0,0.0,0.0,0.0
NGCT51_SLICE62_LAD,0.0,0,0,0,0,0.0,0.0,0.0,0.0,0.0,0.0,0.0,0.0
NGCT51_SLICE63_LAD,10.125,300,208,320,235,302.5,212.0,318.5,231.0,2.5,4.0,-1.5,-4.0
NGCT51_SLICE64_LAD,7.375,306,213,323,229,307.0,215.5,319.0,226.5,1.0,2.5,-4.0,-2.5
NGCT51_SLICE65_LAD,9.125,310,196,326,213,312.5,199.0,322.5,210.0,2.5,3.0,-3.5,-3.0
NGCT51_SLICE66_LAD,9.375,313,188,328,213,315.0,191.5,324.5,210.0,2.0,3.5,-3.5,-3.0
NGCT51_SLICE67_LAD,0.0,0,0,0,0,0.0,0.0,0.0,0.0,0.0,0.0,0.0,0.0
NGCT52_SLICE74_LAD,0.0,0,0,0,0,0.0,0.0,0.0,0.0,0.0,0.0,0.0,0.0
NGCT52_SLICE75_LAD,11.125,317,214,339,232,321.5,218.5,337.0,232.0,4.5,4.5,-2.0,0.0
NGCT52_SLICE76_LAD,6.3125,314,219,334,239,317.0,222.0,333.0,236.5,3.0,3.0,-1.0,-2.5
NGCT52_SLICE77_LAD,8.0625,318,213,341,232,322.0,216.0,340.0,229.5,4.0,3.0,-1.0,-2.5
NGCT52_SLICE78_LAD,0.0,0,0,0,0,0.0,0.0,0.0,0.0,0.0,0.0,0.0,0.0
NGCT52_SLICE79_LAD,6.875,325,209,348,226,328.5,212.0,345.5,226.0,3.5,3.0,-2.5,0.0
NGCT52_SLICE80_LAD,4.5625,333,204,348,222,334.0,208.0,347.0,221.5,1.0,4.0,-1.0,-0.5
NGCT52_SLICE81_LAD,6.8125,335,205,351,218,337.0,207.5,347.0,217.0,2.0,2.5,-4.0,-1.0
NGCT52_SLICE82_LAD,6.5625,336,201,349,214,340.0,203.0,349.0,211.5,4.0,2.0,0.0,-2.5
NGCT52_SLICE83_LAD,8.5625,334,198,351,215,338.0,201.0,350.5,212.0,4.0,3.0,-0.5,-3.0
NGCT53_SLICE53_LAD,8.0625,335,207,363,235,336.0,212.0,363.0,232.5,1.0,5.0,0.0,-2.5
NGCT53_SLICE54_LAD,7.0625,318,203,364,240,321.0,207.0,363.0,238.5,3.0,4.0,-1.0,-1.5
NGCT53_SLICE55_LAD,1.625,322,203,369,236,323.0,204.0,367.5,234.5,1.0,1.0,-1.5,-1.5
NGCT53_SLICE56_LAD,13.625,345,194,366,222,349.5,199.0,366.5,219.0,4.5,5.0,0.5,-3.0
NGCT53_SLICE57_LAD,0.0,0,0,0,0,0.0,0.0,0.0,0.0,0.0,0.0,0.0,0.0
NGCT53_SLICE58_LAD,0.0,0,0,0,0,0.0,0.0,0.0,0.0,0.0,0.0,0.0,0.0
NGCT53_SLICE59_LAD,0.0,0,0,0,0,0.0,0.0,0.0,0.0,0.0,0.0,0.0,0.0
NGCT53_SLICE60_LAD,0.0,0,0,0,0,0.0,0.0,0.0,0.0,0.0,0.0,0.0,0.0
NGCT53_SLICE61_LAD,0.0,0,0,0,0,0.0,0.0,0.0,0.0,0.0,0.0,0.0,0.0
NGCT54_SLICE79_LAD,0.0,0,0,0,0,0.0,0.0,0.0,0.0,0.0,0.0,0.0,0.0
NGCT54_SLICE80_LAD,9.25,311,250,343,273,315.0,252.0,342.0,269.0,4.0,2.0,-1.0,-4.0
NGCT54_SLICE81_LAD,15.0,313,247,341,268,318.0,252.0,340.0,265.0,5.0,5.0,-1.0,-3.0
NGCT54_SLICE82_LAD,2.5625,314,248,342,264,317.0,249.0,342.0,263.5,3.0,1.0,0.0,-0.5
NGCT54_SLICE83_LAD,6.625,333,242,351,264,335.0,246.0,350.5,261.5,2.0,4.0,-0.5,-2.5
NGCT54_SLICE84_LAD,6.1875,334,244,353,257,338.5,244.5,352.5,255.0,4.5,0.5,-0.5,-2.0
NGCT54_SLICE85_LAD,7.5625,344,237,360,252,345.0,240.5,356.0,251.0,1.0,3.5,-4.0,-1.0
NGCT54_SLICE86_LAD,10.5,344,240,357,259,346.0,245.0,354.0,257.0,2.0,5.0,-3.0,-2.0
NGCT54_SLICE87_LAD,7.125,350,235,360,250,352.0,239.0,358.5,247.5,2.0,4.0,-1.5,-2.5
NGCT54_SLICE88_LAD,0.0,0,0,0,0,0.0,0.0,0.0,0.0,0.0,0.0,0.0,0.0
NGCT55_SLICE78_LAD,0.0,0,0,0,0,0.0,0.0,0.0,0.0,0.0,0.0,0.0,0.0
NGCT55_SLICE79_LAD,0.0,0,0,0,0,0.0,0.0,0.0,0.0,0.0,0.0,0.0,0.0
NGCT55_SLICE80_LAD,7.875,273,217,290,228,277.0,217.5,287.5,225.0,4.0,0.5,-2.5,-3.0
NGCT55_SLICE81_LAD,6.375,275,213,290,228,277.0,215.5,287.0,225.5,2.0,2.5,-3.0,-2.5
NGCT55_SLICE82_LAD,8.5625,278,210,292,225,281.0,215.0,291.5,225.0,3.0,5.0,-0.5,0.0
NGCT55_SLICE83_LAD,7.875,281,213,298,228,283.5,215.0,294.5,225.0,2.5,2.0,-3.5,-3.0
NGCT55_SLICE84_LAD,9.375,283,211,302,226,286.5,211.5,299.0,222.0,3.5,0.5,-3.0,-4.0
NGCT55_SLICE85_LAD,2.6875,289,206,300,222,289.5,208.5,298.0,221.5,0.5,2.5,-2.0,-0.5
NGCT55_SLICE86_LAD,7.5,291,203,306,218,293.0,207.0,303.0,217.0,2.0,4.0,-3.0,-1.0
NGCT55_SLICE87_LAD,7.125,293,200,307,213,296.0,203.5,304.5,212.0,3.0,3.5,-2.5,-1.0
NGCT55_SLICE88_LAD,5.25,294,196,305,209,296.0,200.0,305.0,208.0,2.0,4.0,0.0,-1.0
NGCT55_SLICE89_LAD,2.3125,300,194,310,207,302.0,195.0,309.5,205.0,2.0,1.0,-0.5,-2.0
NGCT55_SLICE90_LAD,0.0,0,0,0,0,0.0,0.0,0.0,0.0,0.0,0.0,0.0,0.0
NGCT55_SLICE91_LAD,0.0,0,0,0,0,0.0,0.0,0.0,0.0,0.0,0.0,0.0,0.0
NGCT55_SLICE92_LAD,0.0,0,0,0,0,0.0,0.0,0.0,0.0,0.0,0.0,0.0,0.0
NGCT55_SLICE93_LAD,0.0,0,0,0,0,0.0,0.0,0.0,0.0,0.0,0.0,0.0,0.0
NGCT55_SLICE94_LAD,0.0,0,0,0,0,0.0,0.0,0.0,0.0,0.0,0.0,0.0,0.0
NGCT55_SLICE95_LAD,0.0,0,0,0,0,0.0,0.0,0.0,0.0,0.0,0.0,0.0,0.0
NGCT55_SLICE96_LAD,0.0,0,0,0,0,0.0,0.0,0.0,0.0,0.0,0.0,0.0,0.0
NGCT56_SLICE60_LAD,0.0,0,0,0,0,0.0,0.0,0.0,0.0,0.0,0.0,0.0,0.0
NGCT56_SLICE61_LAD,0.0,0,0,0,0,0.0,0.0,0.0,0.0,0.0,0.0,0.0,0.0
NGCT56_SLICE62_LAD,7.625,305,214,328,244,308.0,218.5,327.0,243.5,3.0,4.5,-1.0,-0.5
NGCT56_SLICE63_LAD,8.75,303,215,329,256,304.0,218.0,326.0,252.0,1.0,3.0,-3.0,-4.0
NGCT56_SLICE64_LAD,12.375,313,211,331,234,316.0,215.0,327.5,230.5,3.0,4.0,-3.5,-3.5
NGCT56_SLICE65_LAD,9.5625,318,213,330,231,320.0,218.0,329.5,228.0,2.0,5.0,-0.5,-3.0
NGCT56_SLICE66_LAD,3.375,319,212,336,228,321.5,213.0,334.5,226.0,2.5,1.0,-1.5,-2.0
NGCT56_SLICE67_LAD,0.0,0,0,0,0,0.0,0.0,0.0,0.0,0.0,0.0,0.0,0.0
NGCT56_SLICE68_LAD,0.0,0,0,0,0,0.0,0.0,0.0,0.0,0.0,0.0,0.0,0.0
NGCT56_SLICE69_LAD,0.0,0,0,0,0,0.0,0.0,0.0,0.0,0.0,0.0,0.0,0.0
NGCT57_SLICE51_LAD,0.0,0,0,0,0,0.0,0.0,0.0,0.0,0.0,0.0,0.0,0.0
NGCT57_SLICE52_LAD,0.0,0,0,0,0,0.0,0.0,0.0,0.0,0.0,0.0,0.0,0.0
NGCT57_SLICE53_LAD,0.0,0,0,0,0,0.0,0.0,0.0,0.0,0.0,0.0,0.0,0.0
NGCT57_SLICE54_LAD,12.361111111111462,288,196,326,220,293.3333333333335,197.6666666666665,323.3333333333335,216.6666666666665,5.333333333333485,1.6666666666664867,-2.666666666666515,-3.3333333333335133
NGCT57_SLICE55_LAD,4.888888888889129,300,180,352,212,302.0,183.3333333333335,350.0,211.3333333333335,2.0,3.3333333333335133,-2.0,-0.6666666666664867
NGCT57_SLICE56_LAD,5.8333333333329165,306,181,358,212,307.3333333333335,182.0,354.3333333333335,209.3333333333335,1.333333333333485,1.0,-3.666666666666515,-2.6666666666664867
NGCT57_SLICE57_LAD,12.11111111111068,341,172,370,194,345.3333333333335,173.6666666666665,366.3333333333335,190.3333333333335,4.333333333333485,1.6666666666664867,-3.666666666666515,-3.6666666666664867
NGCT57_SLICE58_LAD,8.138888888888857,354,172,373,186,358.0,172.6666666666665,369.0,186.3333333333335,4.0,0.6666666666664867,-4.0,0.33333333333351334
NGCT57_SLICE59_LAD,8.944444444444166,358,163,377,183,362.3333333333335,165.6666666666665,375.3333333333335,180.3333333333335,4.333333333333485,2.6666666666664867,-1.666666666666515,-2.6666666666664867
NGCT57_SLICE60_LAD,0.0,0,0,0,0,0.0,0.0,0.0,0.0,0.0,0.0,0.0,0.0
NGCT57_SLICE61_LAD,0.0,0,0,0,0,0.0,0.0,0.0,0.0,0.0,0.0,0.0,0.0
NGCT57_SLICE62_LAD,0.0,0,0,0,0,0.0,0.0,0.0,0.0,0.0,0.0,0.0,0.0
NGCT57_SLICE63_LAD,0.0,0,0,0,0,0.0,0.0,0.0,0.0,0.0,0.0,0.0,0.0
NGCT57_SLICE64_LAD,0.0,0,0,0,0,0.0,0.0,0.0,0.0,0.0,0.0,0.0,0.0
NGCT57_SLICE65_LAD,0.0,0,0,0,0,0.0,0.0,0.0,0.0,0.0,0.0,0.0,0.0
NGCT57_SLICE66_LAD,0.0,0,0,0,0,0.0,0.0,0.0,0.0,0.0,0.0,0.0,0.0
NGCT57_SLICE67_LAD,0.0,0,0,0,0,0.0,0.0,0.0,0.0,0.0,0.0,0.0,0.0
NGCT57_SLICE68_LAD,0.0,0,0,0,0,0.0,0.0,0.0,0.0,0.0,0.0,0.0,0.0
NGCT57_SLICE69_LAD,0.0,0,0,0,0,0.0,0.0,0.0,0.0,0.0,0.0,0.0,0.0
NGCT57_SLICE70_LAD,0.0,0,0,0,0,0.0,0.0,0.0,0.0,0.0,0.0,0.0,0.0
NGCT58_SLICE64_LAD,8.0625,273,209,293,226,277.5,211.0,291.0,224.0,4.5,2.0,-2.0,-2.0
NGCT58_SLICE65_LAD,4.5,279,202,302,221,283.0,203.0,301.0,221.0,4.0,1.0,-1.0,0.0
NGCT58_SLICE66_LAD,9.375,281,199,304,218,285.5,200.0,302.0,214.5,4.5,1.0,-2.0,-3.5
NGCT58_SLICE67_LAD,9.875,284,192,311,215,288.5,193.0,309.5,211.0,4.5,1.0,-1.5,-4.0
NGCT58_SLICE68_LAD,10.375,291,188,315,206,295.0,191.5,311.5,205.0,4.0,3.5,-3.5,-1.0
NGCT58_SLICE69_LAD,12.5625,300,176,320,196,305.0,180.0,317.0,196.5,5.0,4.0,-3.0,0.5
NGCT58_SLICE70_LAD,6.6875,304,175,322,187,308.5,176.5,320.0,186.5,4.5,1.5,-2.0,-0.5
NGCT58_SLICE71_LAD,0.8125,311,175,320,187,312.0,176.0,319.5,186.0,1.0,1.0,-0.5,-1.0
NGCT58_SLICE72_LAD,7.8125,307,170,321,188,309.5,173.0,321.0,184.0,2.5,3.0,0.0,-4.0
NGCT58_SLICE73_LAD,0.0,0,0,0,0,0.0,0.0,0.0,0.0,0.0,0.0,0.0,0.0
NGCT59_SLICE51_LAD,2.277777777777694,291,185,335,229,291.6666666666665,185.6666666666665,332.6666666666665,227.3333333333335,0.6666666666665151,0.6666666666664867,-2.333333333333485,-1.6666666666664867
NGCT59_SLICE52_LAD,7.38888888888841,286,179,338,230,290.6666666666665,180.0,336.3333333333335,228.0,4.666666666666515,1.0,-1.666666666666515,-2.0
NGCT59_SLICE53_LAD,13.83333333333313,294,173,340,227,298.3333333333335,176.6666666666665,337.3333333333335,223.0,4.333333333333485,3.6666666666664867,-2.666666666666515,-4.0
NGCT59_SLICE54_LAD,7.944444444443726,306,168,338,206,307.6666666666665,172.6666666666665,335.3333333333335,206.3333333333335,1.666666666666515,4.666666666666487,-2.666666666666515,0.33333333333351334
NGCT59_SLICE55_LAD,7.388888888888812,308,171,337,205,311.3333333333335,173.0,336.0,201.3333333333335,3.333333333333485,2.0,-1.0,-3.6666666666664867
NGCT59_SLICE56_LAD,7.2777777777777795,318,166,339,194,319.6666666666665,170.3333333333335,336.3333333333335,193.3333333333335,1.666666666666515,4.333333333333513,-2.666666666666515,-0.6666666666664867
NGCT59_SLICE57_LAD,10.055555555555326,320,162,338,186,321.3333333333335,166.0,335.0,182.3333333333335,1.333333333333485,4.0,-3.0,-3.6666666666664867
NGCT59_SLICE58_LAD,3.027777777777803,322,162,337,180,322.3333333333335,164.0,335.0,178.0,0.3333333333334849,2.0,-2.0,-2.0
NGCT59_SLICE59_LAD,0.0,0,0,0,0,0.0,0.0,0.0,0.0,0.0,0.0,0.0,0.0
NGCT59_SLICE60_LAD,0.0,0,0,0,0,0.0,0.0,0.0,0.0,0.0,0.0,0.0,0.0
NGCT59_SLICE61_LAD,0.0,0,0,0,0,0.0,0.0,0.0,0.0,0.0,0.0,0.0,0.0
NGCT59_SLICE62_LAD,0.0,0,0,0,0,0.0,0.0,0.0,0.0,0.0,0.0,0.0,0.0
NGCT59_SLICE63_LAD,0.0,0,0,0,0,0.0,0.0,0.0,0.0,0.0,0.0,0.0,0.0
NGCT59_SLICE64_LAD,0.0,0,0,0,0,0.0,0.0,0.0,0.0,0.0,0.0,0.0,0.0
NGCT59_SLICE65_LAD,0.0,0,0,0,0,0.0,0.0,0.0,0.0,0.0,0.0,0.0,0.0
NGCT59_SLICE66_LAD,0.0,0,0,0,0,0.0,0.0,0.0,0.0,0.0,0.0,0.0,0.0
NGCT59_SLICE67_LAD,0.0,0,0,0,0,0.0,0.0,0.0,0.0,0.0,0.0,0.0,0.0
NGCT59_SLICE68_LAD,0.0,0,0,0,0,0.0,0.0,0.0,0.0,0.0,0.0,0.0,0.0
NGCT59_SLICE69_LAD,0.0,0,0,0,0,0.0,0.0,0.0,0.0,0.0,0.0,0.0,0.0
NGCT59_SLICE70_LAD,0.0,0,0,0,0,0.0,0.0,0.0,0.0,0.0,0.0,0.0,0.0
NGCT62_SLICE78_LAD,0.0,0,0,0,0,0.0,0.0,0.0,0.0,0.0,0.0,0.0,0.0
NGCT62_SLICE79_LAD,0.0,0,0,0,0,0.0,0.0,0.0,0.0,0.0,0.0,0.0,0.0
NGCT62_SLICE80_LAD,10.125,317,177,333,194,320.5,181.0,329.5,194.0,3.5,4.0,-3.5,0.0
NGCT62_SLICE81_LAD,0.8125,323,167,334,190,324.0,168.0,333.0,189.5,1.0,1.0,-1.0,-0.5
NGCT62_SLICE82_LAD,8.5625,320,160,336,192,324.0,164.0,334.5,192.0,4.0,4.0,-1.5,0.0
NGCT62_SLICE83_LAD,6.5,321,158,335,187,325.0,161.0,335.0,186.0,4.0,3.0,0.0,-1.0
NGCT62_SLICE84_LAD,10.375,326,159,341,183,327.0,163.0,337.5,179.5,1.0,4.0,-3.5,-3.5
NGCT62_SLICE85_LAD,5.3125,326,152,345,175,328.0,153.0,341.0,174.5,2.0,1.0,-4.0,-0.5
NGCT62_SLICE86_LAD,4.9375,331,145,344,164,333.5,148.0,342.5,162.5,2.5,3.0,-1.5,-1.5
NGCT62_SLICE87_LAD,7.1875,328,142,339,158,331.5,144.0,338.5,154.5,3.5,2.0,-0.5,-3.5
NGCT62_SLICE88_LAD,0.0,0,0,0,0,0.0,0.0,0.0,0.0,0.0,0.0,0.0,0.0
NGCT62_SLICE89_LAD,0.0,0,0,0,0,0.0,0.0,0.0,0.0,0.0,0.0,0.0,0.0
NGCT62_SLICE90_LAD,0.0,0,0,0,0,0.0,0.0,0.0,0.0,0.0,0.0,0.0,0.0
NGCT62_SLICE91_LAD,0.0,0,0,0,0,0.0,0.0,0.0,0.0,0.0,0.0,0.0,0.0
NGCT62_SLICE92_LAD,0.0,0,0,0,0,0.0,0.0,0.0,0.0,0.0,0.0,0.0,0.0
NGCT62_SLICE93_LAD,0.0,0,0,0,0,0.0,0.0,0.0,0.0,0.0,0.0,0.0,0.0
NGCT62_SLICE94_LAD,0.0,0,0,0,0,0.0,0.0,0.0,0.0,0.0,0.0,0.0,0.0
NGCT62_SLICE95_LAD,0.0,0,0,0,0,0.0,0.0,0.0,0.0,0.0,0.0,0.0,0.0
NGCT62_SLICE96_LAD,0.0,0,0,0,0,0.0,0.0,0.0,0.0,0.0,0.0,0.0,0.0
NGCT63_SLICE46_LAD,0.0,0,0,0,0,0.0,0.0,0.0,0.0,0.0,0.0,0.0,0.0
NGCT63_SLICE47_LAD,0.0,0,0,0,0,0.0,0.0,0.0,0.0,0.0,0.0,0.0,0.0
NGCT63_SLICE48_LAD,0.0,0,0,0,0,0.0,0.0,0.0,0.0,0.0,0.0,0.0,0.0
NGCT63_SLICE49_LAD,0.0,0,0,0,0,0.0,0.0,0.0,0.0,0.0,0.0,0.0,0.0
NGCT63_SLICE50_LAD,9.500000000000384,300,162,338,237,301.3333333333335,167.0,334.6666666666665,236.6666666666665,1.333333333333485,5.0,-3.333333333333485,-0.33333333333351334
NGCT63_SLICE51_LAD,8.833333333333929,300,157,341,238,302.3333333333335,162.3333333333335,340.0,237.3333333333335,2.333333333333485,5.333333333333513,-1.0,-0.6666666666664867
NGCT63_SLICE52_LAD,3.3611111111109375,300,160,342,241,302.3333333333335,160.6666666666665,341.3333333333335,238.3333333333335,2.333333333333485,0.6666666666664867,-0.6666666666665151,-2.6666666666664867
NGCT63_SLICE53_LAD,7.722222222222372,314,156,344,181,319.0,156.3333333333335,342.0,179.6666666666665,5.0,0.33333333333351334,-2.0,-1.3333333333335133
NGCT63_SLICE54_LAD,7.722222222221615,326,152,341,169,329.6666666666665,154.0,341.0,165.3333333333335,3.666666666666515,2.0,0.0,-3.6666666666664867
NGCT63_SLICE55_LAD,6.277777777777765,320,143,336,155,320.3333333333335,146.3333333333335,332.3333333333335,154.3333333333335,0.3333333333334849,3.3333333333335133,-3.666666666666515,-0.6666666666664867
NGCT63_SLICE56_LAD,10.50000000000046,317,143,329,157,322.0,145.3333333333335,328.3333333333335,153.6666666666665,5.0,2.3333333333335133,-0.6666666666665151,-3.3333333333335133
NGCT63_SLICE57_LAD,0.0,0,0,0,0,0.0,0.0,0.0,0.0,0.0,0.0,0.0,0.0
NGCT63_SLICE58_LAD,0.0,0,0,0,0,0.0,0.0,0.0,0.0,0.0,0.0,0.0,0.0
NGCT63_SLICE59_LAD,0.0,0,0,0,0,0.0,0.0,0.0,0.0,0.0,0.0,0.0,0.0
NGCT63_SLICE60_LAD,0.0,0,0,0,0,0.0,0.0,0.0,0.0,0.0,0.0,0.0,0.0
NGCT63_SLICE61_LAD,0.0,0,0,0,0,0.0,0.0,0.0,0.0,0.0,0.0,0.0,0.0
NGCT63_SLICE62_LAD,0.0,0,0,0,0,0.0,0.0,0.0,0.0,0.0,0.0,0.0,0.0
NGCT63_SLICE63_LAD,0.0,0,0,0,0,0.0,0.0,0.0,0.0,0.0,0.0,0.0,0.0
NGCT63_SLICE64_LAD,0.0,0,0,0,0,0.0,0.0,0.0,0.0,0.0,0.0,0.0,0.0
NGCT63_SLICE65_LAD,0.0,0,0,0,0,0.0,0.0,0.0,0.0,0.0,0.0,0.0,0.0
NGCT64_SLICE21_LAD,0.0,0,0,0,0,0.0,0.0,0.0,0.0,0.0,0.0,0.0,0.0
NGCT64_SLICE22_LAD,0.0,0,0,0,0,0.0,0.0,0.0,0.0,0.0,0.0,0.0,0.0
NGCT64_SLICE23_LAD,0.0,0,0,0,0,0.0,0.0,0.0,0.0,0.0,0.0,0.0,0.0
NGCT64_SLICE24_LAD,7.75,333,146,365,187,336.0,148.0,362.0,184.0,3.0,2.0,-3.0,-3.0
NGCT64_SLICE25_LAD,8.611111111111661,333,148,366,184,337.3333333333335,149.3333333333335,362.6666666666665,182.3333333333335,4.333333333333485,1.3333333333335133,-3.333333333333485,-1.6666666666664867
NGCT64_SLICE26_LAD,3.888888888889096,306,143,365,208,307.0,146.0,362.6666666666665,208.3333333333335,1.0,3.0,-2.333333333333485,0.33333333333351334
NGCT64_SLICE27_LAD,0.0,0,0,0,0,0.0,0.0,0.0,0.0,0.0,0.0,0.0,0.0
NGCT64_SLICE28_LAD,0.0,0,0,0,0,0.0,0.0,0.0,0.0,0.0,0.0,0.0,0.0
NGCT64_SLICE29_LAD,0.0,0,0,0,0,0.0,0.0,0.0,0.0,0.0,0.0,0.0,0.0
NGCT64_SLICE30_LAD,0.0,0,0,0,0,0.0,0.0,0.0,0.0,0.0,0.0,0.0,0.0
NGCT64_SLICE31_LAD,0.0,0,0,0,0,0.0,0.0,0.0,0.0,0.0,0.0,0.0,0.0
NGCT64_SLICE32_LAD,0.0,0,0,0,0,0.0,0.0,0.0,0.0,0.0,0.0,0.0,0.0
NGCT64_SLICE33_LAD,0.0,0,0,0,0,0.0,0.0,0.0,0.0,0.0,0.0,0.0,0.0
NGCT64_SLICE34_LAD,0.0,0,0,0,0,0.0,0.0,0.0,0.0,0.0,0.0,0.0,0.0
NGCT64_SLICE35_LAD,0.0,0,0,0,0,0.0,0.0,0.0,0.0,0.0,0.0,0.0,0.0
NGCT64_SLICE36_LAD,0.0,0,0,0,0,0.0,0.0,0.0,0.0,0.0,0.0,0.0,0.0
NGCT64_SLICE37_LAD,0.0,0,0,0,0,0.0,0.0,0.0,0.0,0.0,0.0,0.0,0.0
NGCT64_SLICE38_LAD,0.0,0,0,0,0,0.0,0.0,0.0,0.0,0.0,0.0,0.0,0.0
NGCT64_SLICE39_LAD,0.0,0,0,0,0,0.0,0.0,0.0,0.0,0.0,0.0,0.0,0.0
NGCT64_SLICE40_LAD,0.0,0,0,0,0,0.0,0.0,0.0,0.0,0.0,0.0,0.0,0.0
NGCT65_SLICE56_LAD,0.0,0,0,0,0,0.0,0.0,0.0,0.0,0.0,0.0,0.0,0.0
NGCT65_SLICE57_LAD,0.0,0,0,0,0,0.0,0.0,0.0,0.0,0.0,0.0,0.0,0.0
NGCT65_SLICE58_LAD,15.38888888888837,295,229,326,252,299.0,234.0,322.3333333333335,249.3333333333335,4.0,5.0,-3.666666666666515,-2.6666666666664867
NGCT65_SLICE59_LAD,7.58333333333268,294,223,342,250,298.6666666666665,225.6666666666665,341.0,250.6666666666665,4.666666666666515,2.6666666666664867,-1.0,0.6666666666664867
NGCT65_SLICE60_LAD,6.138888888889129,296,208,350,248,298.0,211.3333333333335,347.0,248.6666666666665,2.0,3.3333333333335133,-3.0,0.6666666666664867
NGCT65_SLICE61_LAD,8.611111111111747,301,213,349,250,302.6666666666665,214.3333333333335,345.6666666666665,245.6666666666665,1.666666666666515,1.3333333333335133,-3.333333333333485,-4.333333333333513
NGCT65_SLICE62_LAD,3.3055555555555824,330,207,344,235,331.0,209.0,341.6666666666665,233.3333333333335,1.0,2.0,-2.333333333333485,-1.6666666666664867
NGCT65_SLICE63_LAD,0.0,0,0,0,0,0.0,0.0,0.0,0.0,0.0,0.0,0.0,0.0
NGCT65_SLICE64_LAD,0.0,0,0,0,0,0.0,0.0,0.0,0.0,0.0,0.0,0.0,0.0
NGCT65_SLICE65_LAD,0.0,0,0,0,0,0.0,0.0,0.0,0.0,0.0,0.0,0.0,0.0
NGCT65_SLICE66_LAD,0.0,0,0,0,0,0.0,0.0,0.0,0.0,0.0,0.0,0.0,0.0
NGCT65_SLICE67_LAD,0.0,0,0,0,0,0.0,0.0,0.0,0.0,0.0,0.0,0.0,0.0
NGCT65_SLICE68_LAD,0.0,0,0,0,0,0.0,0.0,0.0,0.0,0.0,0.0,0.0,0.0
NGCT65_SLICE69_LAD,0.0,0,0,0,0,0.0,0.0,0.0,0.0,0.0,0.0,0.0,0.0
NGCT65_SLICE70_LAD,0.0,0,0,0,0,0.0,0.0,0.0,0.0,0.0,0.0,0.0,0.0
NGCT65_SLICE71_LAD,0.0,0,0,0,0,0.0,0.0,0.0,0.0,0.0,0.0,0.0,0.0
NGCT65_SLICE72_LAD,0.0,0,0,0,0,0.0,0.0,0.0,0.0,0.0,0.0,0.0,0.0
NGCT65_SLICE73_LAD,0.0,0,0,0,0,0.0,0.0,0.0,0.0,0.0,0.0,0.0,0.0
NGCT65_SLICE74_LAD,0.0,0,0,0,0,0.0,0.0,0.0,0.0,0.0,0.0,0.0,0.0
NGCT65_SLICE75_LAD,0.0,0,0,0,0,0.0,0.0,0.0,0.0,0.0,0.0,0.0,0.0
NGCT67_SLICE64_LAD,0.0,0,0,0,0,0.0,0.0,0.0,0.0,0.0,0.0,0.0,0.0
NGCT67_SLICE65_LAD,5.25,294,184,339,219,295.0,188.0,339.0,217.0,1.0,4.0,0.0,-2.0
NGCT67_SLICE66_LAD,3.25,303,193,349,217,305.0,196.0,349.0,217.0,2.0,3.0,0.0,0.0
NGCT67_SLICE67_LAD,6.6875,301,191,330,212,305.5,193.5,329.5,212.0,4.5,2.5,-0.5,0.0
NGCT67_SLICE68_LAD,7.875,304,182,342,213,306.5,185.5,339.0,211.0,2.5,3.5,-3.0,-2.0
NGCT67_SLICE69_LAD,5.5625,313,182,339,212,315.0,185.0,338.5,209.0,2.0,3.0,-0.5,-3.0
NGCT67_SLICE70_LAD,9.5625,313,192,331,210,317.0,194.5,331.0,206.0,4.0,2.5,0.0,-4.0
NGCT67_SLICE71_LAD,0.0,0,0,0,0,0.0,0.0,0.0,0.0,0.0,0.0,0.0,0.0
NGCT67_SLICE72_LAD,0.0,0,0,0,0,0.0,0.0,0.0,0.0,0.0,0.0,0.0,0.0
NGCT67_SLICE73_LAD,0.0,0,0,0,0,0.0,0.0,0.0,0.0,0.0,0.0,0.0,0.0
NGCT68_SLICE59_LAD,7.4375,295,239,314,266,296.5,242.5,311.0,263.5,1.5,3.5,-3.0,-2.5
NGCT68_SLICE60_LAD,5.3125,304,235,313,253,305.0,239.5,313.0,253.0,1.0,4.5,0.0,0.0
NGCT68_SLICE61_LAD,6.4375,303,224,319,246,306.5,227.5,318.0,245.5,3.5,3.5,-1.0,-0.5
NGCT68_SLICE62_LAD,8.375,306,219,324,240,311.0,220.5,322.5,238.0,5.0,1.5,-1.5,-2.0
NGCT68_SLICE63_LAD,6.25,306,213,321,233,307.0,217.0,319.0,231.0,1.0,4.0,-2.0,-2.0
NGCT68_SLICE64_LAD,7.5,304,209,319,226,308.0,212.0,318.0,224.0,4.0,3.0,-1.0,-2.0
NGCT68_SLICE65_LAD,0.0,0,0,0,0,0.0,0.0,0.0,0.0,0.0,0.0,0.0,0.0
NGCT68_SLICE66_LAD,0.0,0,0,0,0,0.0,0.0,0.0,0.0,0.0,0.0,0.0,0.0
NGCT68_SLICE67_LAD,0.0,0,0,0,0,0.0,0.0,0.0,0.0,0.0,0.0,0.0,0.0
NGCT68_SLICE68_LAD,0.0,0,0,0,0,0.0,0.0,0.0,0.0,0.0,0.0,0.0,0.0
NGCT69_SLICE70_LAD,0.0,0,0,0,0,0.0,0.0,0.0,0.0,0.0,0.0,0.0,0.0
NGCT69_SLICE71_LAD,0.0,0,0,0,0,0.0,0.0,0.0,0.0,0.0,0.0,0.0,0.0
NGCT69_SLICE72_LAD,0.0,0,0,0,0,0.0,0.0,0.0,0.0,0.0,0.0,0.0,0.0
NGCT69_SLICE73_LAD,0.0,0,0,0,0,0.0,0.0,0.0,0.0,0.0,0.0,0.0,0.0
NGCT69_SLICE74_LAD,6.625,307,191,326,219,309.5,195.0,324.0,218.5,2.5,4.0,-2.0,-0.5
NGCT69_SLICE75_LAD,5.75,319,199,334,218,320.0,202.0,332.0,215.0,1.0,3.0,-2.0,-3.0
NGCT69_SLICE76_LAD,5.3125,327,197,340,217,329.0,201.0,339.0,216.5,2.0,4.0,-1.0,-0.5
NGCT69_SLICE77_LAD,15.25,326,199,347,221,330.0,204.0,343.0,219.0,4.0,5.0,-4.0,-2.0
NGCT69_SLICE78_LAD,9.375,329,195,351,221,331.5,199.0,348.0,218.5,2.5,4.0,-3.0,-2.5
NGCT70_SLICE61_LAD,0.0,0,0,0,0,0.0,0.0,0.0,0.0,0.0,0.0,0.0,0.0
NGCT70_SLICE62_LAD,0.0,0,0,0,0,0.0,0.0,0.0,0.0,0.0,0.0,0.0,0.0
NGCT70_SLICE63_LAD,0.0,0,0,0,0,0.0,0.0,0.0,0.0,0.0,0.0,0.0,0.0
NGCT70_SLICE64_LAD,0.0,0,0,0,0,0.0,0.0,0.0,0.0,0.0,0.0,0.0,0.0
NGCT70_SLICE65_LAD,4.500000000000185,299,214,342,247,301.6666666666665,216.3333333333335,339.6666666666665,247.0,2.666666666666515,2.3333333333335133,-2.333333333333485,0.0
NGCT70_SLICE66_LAD,5.916666666667169,298,205,350,253,301.3333333333335,208.3333333333335,349.3333333333335,252.0,3.333333333333485,3.3333333333335133,-0.6666666666665151,-1.0
NGCT70_SLICE67_LAD,2.916666666666439,292,200,356,257,294.6666666666665,202.0,356.6666666666665,257.3333333333335,2.666666666666515,2.0,0.6666666666665151,0.3333333333334849
NGCT70_SLICE68_LAD,3.9444444444446782,299,205,335,249,302.3333333333335,206.6666666666665,333.6666666666665,248.6666666666665,3.333333333333485,1.6666666666664867,-1.333333333333485,-0.33333333333351334
NGCT70_SLICE69_LAD,4.7500000000001705,311,208,331,231,313.3333333333335,211.0,329.3333333333335,229.6666666666665,2.333333333333485,3.0,-1.666666666666515,-1.3333333333335133
NGCT70_SLICE70_LAD,0.0,0,0,0,0,0.0,0.0,0.0,0.0,0.0,0.0,0.0,0.0
NGCT70_SLICE71_LAD,0.0,0,0,0,0,0.0,0.0,0.0,0.0,0.0,0.0,0.0,0.0
NGCT70_SLICE72_LAD,0.0,0,0,0,0,0.0,0.0,0.0,0.0,0.0,0.0,0.0,0.0
NGCT70_SLICE73_LAD,0.0,0,0,0,0,0.0,0.0,0.0,0.0,0.0,0.0,0.0,0.0
NGCT70_SLICE74_LAD,0.0,0,0,0,0,0.0,0.0,0.0,0.0,0.0,0.0,0.0,0.0
NGCT70_SLICE75_LAD,0.0,0,0,0,0,0.0,0.0,0.0,0.0,0.0,0.0,0.0,0.0
NGCT70_SLICE76_LAD,0.0,0,0,0,0,0.0,0.0,0.0,0.0,0.0,0.0,0.0,0.0
NGCT70_SLICE77_LAD,0.0,0,0,0,0,0.0,0.0,0.0,0.0,0.0,0.0,0.0,0.0
NGCT70_SLICE78_LAD,0.0,0,0,0,0,0.0,0.0,0.0,0.0,0.0,0.0,0.0,0.0
NGCT70_SLICE79_LAD,0.0,0,0,0,0,0.0,0.0,0.0,0.0,0.0,0.0,0.0,0.0
NGCT70_SLICE80_LAD,0.0,0,0,0,0,0.0,0.0,0.0,0.0,0.0,0.0,0.0,0.0
NGCT71_SLICE74_LAD,5.9444444444442945,305,182,341,220,306.0,183.6666666666665,339.0,216.0,1.0,1.6666666666664867,-2.0,-4.0
NGCT71_SLICE75_LAD,1.3611111111109517,298,170,344,216,298.6666666666665,170.6666666666665,342.6666666666665,214.3333333333335,0.6666666666665151,0.6666666666664867,-1.333333333333485,-1.6666666666664867
NGCT71_SLICE76_LAD,11.13888888888891,305,151,349,213,308.6666666666665,154.3333333333335,345.0,211.0,3.666666666666515,3.3333333333335133,-4.0,-2.0
NGCT71_SLICE77_LAD,7.611111111111706,332,151,347,195,336.3333333333335,151.6666666666665,346.6666666666665,191.6666666666665,4.333333333333485,0.6666666666664867,-0.3333333333334849,-3.3333333333335133
NGCT71_SLICE78_LAD,6.972222222221614,332,142,348,164,335.6666666666665,145.6666666666665,348.0,163.0,3.666666666666515,3.6666666666664867,0.0,-1.0
NGCT71_SLICE79_LAD,9.52777777777697,332,144,349,161,336.6666666666665,145.6666666666665,348.6666666666665,157.3333333333335,4.666666666666515,1.6666666666664867,-0.3333333333334849,-3.6666666666664867
NGCT71_SLICE80_LAD,5.7499999999998765,337,139,352,155,339.0,142.6666666666665,349.6666666666665,155.3333333333335,2.0,3.6666666666664867,-2.333333333333485,0.33333333333351334
NGCT71_SLICE81_LAD,7.166666666666407,342,138,351,154,343.0,142.6666666666665,350.3333333333335,151.6666666666665,1.0,4.666666666666487,-0.6666666666665151,-2.3333333333335133
NGCT71_SLICE82_LAD,0.0,0,0,0,0,0.0,0.0,0.0,0.0,0.0,0.0,0.0,0.0
NGCT71_SLICE83_LAD,0.0,0,0,0,0,0.0,0.0,0.0,0.0,0.0,0.0,0.0,0.0
NGCT71_SLICE84_LAD,5.833333333333884,338,135,354,147,342.3333333333335,136.3333333333335,352.6666666666665,146.0,4.333333333333485,1.3333333333335133,-1.333333333333485,-1.0
NGCT71_SLICE85_LAD,7.666666666666876,338,134,354,147,342.3333333333335,135.6666666666665,351.0,146.6666666666665,4.333333333333485,1.6666666666664867,-3.0,-0.33333333333351334
NGCT71_SLICE86_LAD,5.583333333333419,339,132,351,148,341.0,135.3333333333335,351.3333333333335,145.3333333333335,2.0,3.3333333333335133,0.3333333333334849,-2.6666666666664867
NGCT71_SLICE87_LAD,0.0,0,0,0,0,0.0,0.0,0.0,0.0,0.0,0.0,0.0,0.0
NGCT71_SLICE88_LAD,0.0,0,0,0,0,0.0,0.0,0.0,0.0,0.0,0.0,0.0,0.0
NGCT71_SLICE89_LAD,0.0,0,0,0,0,0.0,0.0,0.0,0.0,0.0,0.0,0.0,0.0
NGCT71_SLICE90_LAD,0.0,0,0,0,0,0.0,0.0,0.0,0.0,0.0,0.0,0.0,0.0
NGCT71_SLICE91_LAD,0.0,0,0,0,0,0.0,0.0,0.0,0.0,0.0,0.0,0.0,0.0
NGCT71_SLICE92_LAD,0.0,0,0,0,0,0.0,0.0,0.0,0.0,0.0,0.0,0.0,0.0
NGCT74_SLICE81_LAD,0.0,0,0,0,0,0.0,0.0,0.0,0.0,0.0,0.0,0.0,0.0
NGCT74_SLICE82_LAD,0.0,0,0,0,0,0.0,0.0,0.0,0.0,0.0,0.0,0.0,0.0
NGCT74_SLICE83_LAD,0.0,0,0,0,0,0.0,0.0,0.0,0.0,0.0,0.0,0.0,0.0
NGCT74_SLICE84_LAD,0.0,0,0,0,0,0.0,0.0,0.0,0.0,0.0,0.0,0.0,0.0
NGCT74_SLICE85_LAD,3.9375,281,205,293,215,282.5,208.5,292.0,215.5,1.5,3.5,-1.0,0.5
NGCT74_SLICE86_LAD,3.875,278,202,299,216,281.5,203.5,299.0,215.0,3.5,1.5,0.0,-1.0
NGCT74_SLICE87_LAD,4.5625,276,205,295,220,278.0,207.0,293.0,217.5,2.0,2.0,-2.0,-2.5
NGCT74_SLICE88_LAD,6.375,280,203,293,215,281.0,207.5,291.0,214.5,1.0,4.5,-2.0,-0.5
NGCT74_SLICE89_LAD,6.5625,295,201,307,215,295.5,205.0,304.0,214.0,0.5,4.0,-3.0,-1.0
NGCT74_SLICE90_LAD,4.5,293,202,307,212,297.0,203.0,307.0,211.0,4.0,1.0,0.0,-1.0
NGCT74_SLICE91_LAD,4.75,294,195,312,212,295.0,199.0,311.0,211.0,1.0,4.0,-1.0,-1.0
NGCT74_SLICE92_LAD,6.625,293,196,320,212,297.0,196.5,317.5,210.0,4.0,0.5,-2.5,-2.0
NGCT74_SLICE93_LAD,5.4375,298,186,311,212,300.5,189.5,309.5,211.0,2.5,3.5,-1.5,-1.0
NGCT74_SLICE94_LAD,10.0625,302,184,321,213,306.0,188.5,319.0,213.0,4.0,4.5,-2.0,0.0
NGCT74_SLICE95_LAD,1.875,302,186,314,208,303.5,187.0,313.5,206.0,1.5,1.0,-0.5,-2.0
NGCT74_SLICE96_LAD,6.0,299,184,311,206,301.0,188.0,311.0,204.0,2.0,4.0,0.0,-2.0
NGCT74_SLICE97_LAD,4.375,308,182,329,202,311.0,183.5,326.5,202.0,3.0,1.5,-2.5,0.0
NGCT74_SLICE98_LAD,7.75,319,168,332,186,321.0,171.0,329.0,183.0,2.0,3.0,-3.0,-3.0
NGCT74_SLICE99_LAD,11.375,318,163,330,177,323.0,167.5,329.5,177.0,5.0,4.5,-0.5,0.0
NGCT74_SLICE100_LAD,0.0,0,0,0,0,0.0,0.0,0.0,0.0,0.0,0.0,0.0,0.0
NGCT75_SLICE54_LAD,0.0,0,0,0,0,0.0,0.0,0.0,0.0,0.0,0.0,0.0,0.0
NGCT75_SLICE55_LAD,0.0,0,0,0,0,0.0,0.0,0.0,0.0,0.0,0.0,0.0,0.0
NGCT75_SLICE56_LAD,0.0,0,0,0,0,0.0,0.0,0.0,0.0,0.0,0.0,0.0,0.0
NGCT75_SLICE57_LAD,4.0625,278,193,314,213,281.0,194.0,314.0,210.5,3.0,1.0,0.0,-2.5
NGCT75_SLICE58_LAD,5.0,269,190,322,218,272.0,191.0,319.0,217.0,3.0,1.0,-3.0,-1.0
NGCT75_SLICE59_LAD,11.3125,303,182,324,201,306.5,186.0,323.0,197.0,3.5,4.0,-1.0,-4.0
NGCT75_SLICE60_LAD,7.8125,308,182,330,198,311.0,183.0,327.0,194.5,3.0,1.0,-3.0,-3.5
NGCT75_SLICE61_LAD,5.3125,315,175,334,192,318.0,176.5,331.0,191.0,3.0,1.5,-3.0,-1.0
NGCT75_SLICE62_LAD,3.0625,324,169,332,187,325.0,172.0,332.0,185.5,1.0,3.0,0.0,-1.5
NGCT75_SLICE63_LAD,0.0,0,0,0,0,0.0,0.0,0.0,0.0,0.0,0.0,0.0,0.0
NGCT78_SLICE73_LAD,0.0,0,0,0,0,0.0,0.0,0.0,0.0,0.0,0.0,0.0,0.0
NGCT78_SLICE74_LAD,4.25,319,271,344,288,322.0,273.0,342.0,288.0,3.0,2.0,-2.0,0.0
NGCT78_SLICE75_LAD,5.5625,308,264,333,281,311.0,267.0,332.5,279.0,3.0,3.0,-0.5,-2.0
NGCT78_SLICE76_LAD,3.5625,300,248,344,283,302.0,251.0,343.0,282.5,2.0,3.0,-1.0,-0.5
NGCT78_SLICE77_LAD,6.0625,306,248,348,279,309.0,250.5,345.0,279.0,3.0,2.5,-3.0,0.0
NGCT78_SLICE78_LAD,7.5,306,242,351,281,309.0,246.0,350.0,279.0,3.0,4.0,-1.0,-2.0
NGCT78_SLICE79_LAD,4.25,317,237,354,275,319.0,240.0,354.0,273.0,2.0,3.0,0.0,-2.0
NGCT78_SLICE80_LAD,1.375,333,232,360,267,334.0,233.5,358.5,267.0,1.0,1.5,-1.5,0.0
NGCT78_SLICE81_LAD,3.125,344,226,363,252,345.5,228.0,361.5,250.0,1.5,2.0,-1.5,-2.0
NGCT78_SLICE82_LAD,5.375,348,223,362,243,349.5,227.0,360.5,242.0,1.5,4.0,-1.5,-1.0
NGCT78_SLICE83_LAD,3.5625,352,222,366,239,353.0,224.0,363.0,238.5,1.0,2.0,-3.0,-0.5
NGCT78_SLICE84_LAD,7.0625,354,222,368,238,356.5,224.0,365.0,235.0,2.5,2.0,-3.0,-3.0
NGCT78_SLICE85_LAD,3.5,355,217,370,231,356.0,220.0,368.0,231.0,1.0,3.0,-2.0,0.0
NGCT78_SLICE86_LAD,4.0625,354,219,371,233,355.5,221.0,370.0,230.0,1.5,2.0,-1.0,-3.0
NGCT78_SLICE87_LAD,6.6875,356,217,370,230,358.5,221.0,368.5,228.5,2.5,4.0,-1.5,-1.5
NGCT78_SLICE88_LAD,11.875,352,215,372,230,357.0,218.5,370.0,227.5,5.0,3.5,-2.0,-2.5
NGCT78_SLICE89_LAD,8.125,357,213,375,228,360.0,216.0,371.5,226.5,3.0,3.0,-3.5,-1.5
NGCT78_SLICE90_LAD,0.0,0,0,0,0,0.0,0.0,0.0,0.0,0.0,0.0,0.0,0.0
NGCT78_SLICE91_LAD,0.0,0,0,0,0,0.0,0.0,0.0,0.0,0.0,0.0,0.0,0.0
NGCT79_SLICE55_LAD,3.75,298,192,326,216,301.0,193.0,324.0,215.0,3.0,1.0,-2.0,-1.0
NGCT79_SLICE56_LAD,9.6875,301,179,324,209,303.0,183.5,322.5,205.5,2.0,4.5,-1.5,-3.5
NGCT79_SLICE57_LAD,4.5,299,179,324,206,300.0,183.0,323.0,206.0,1.0,4.0,-1.0,0.0
NGCT79_SLICE58_LAD,1.5,303,185,338,206,305.0,186.0,337.0,206.0,2.0,1.0,-1.0,0.0
NGCT79_SLICE59_LAD,6.375,320,198,341,209,323.5,200.0,338.0,208.5,3.5,2.0,-3.0,-0.5
NGCT79_SLICE60_LAD,14.75,310,199,345,222,314.0,204.0,342.0,219.0,4.0,5.0,-3.0,-3.0
NGCT79_SLICE61_LAD,3.25,320,205,346,217,322.0,207.0,345.0,215.0,2.0,2.0,-1.0,-2.0
NGCT79_SLICE62_LAD,0.0,0,0,0,0,0.0,0.0,0.0,0.0,0.0,0.0,0.0,0.0
NGCT79_SLICE63_LAD,0.0,0,0,0,0,0.0,0.0,0.0,0.0,0.0,0.0,0.0,0.0
NGCT79_SLICE64_LAD,0.0,0,0,0,0,0.0,0.0,0.0,0.0,0.0,0.0,0.0,0.0
NGCT80_SLICE66_LAD,0.0,0,0,0,0,0.0,0.0,0.0,0.0,0.0,0.0,0.0,0.0
NGCT80_SLICE67_LAD,0.0,0,0,0,0,0.0,0.0,0.0,0.0,0.0,0.0,0.0,0.0
NGCT80_SLICE68_LAD,4.125,304,210,316,233,304.5,212.0,316.0,229.5,0.5,2.0,0.0,-3.5
NGCT80_SLICE69_LAD,4.0625,302,208,319,227,303.0,211.0,316.5,227.0,1.0,3.0,-2.5,0.0
NGCT80_SLICE70_LAD,6.75,322,206,333,223,323.0,211.0,332.0,223.0,1.0,5.0,-1.0,0.0
NGCT80_SLICE71_LAD,7.9375,319,206,343,218,322.5,208.5,339.5,217.0,3.5,2.5,-3.5,-1.0
NGCT80_SLICE72_LAD,9.125,325,206,345,218,329.5,209.0,342.5,217.0,4.5,3.0,-2.5,-1.0
NGCT80_SLICE73_LAD,0.0,0,0,0,0,0.0,0.0,0.0,0.0,0.0,0.0,0.0,0.0
NGCT80_SLICE74_LAD,0.0,0,0,0,0,0.0,0.0,0.0,0.0,0.0,0.0,0.0,0.0
NGCT80_SLICE75_LAD,0.0,0,0,0,0,0.0,0.0,0.0,0.0,0.0,0.0,0.0,0.0
NGCT82_SLICE51_LAD,6.4375,298,248,330,258,301.5,249.0,326.5,257.5,3.5,1.0,-3.5,-0.5
NGCT82_SLICE52_LAD,2.5,309,246,337,260,310.0,248.0,336.0,258.0,1.0,2.0,-1.0,-2.0
NGCT82_SLICE53_LAD,9.3125,328,232,350,251,332.0,235.5,350.0,248.0,4.0,3.5,0.0,-3.0
NGCT82_SLICE54_LAD,8.3125,337,224,360,248,341.0,225.0,356.5,246.0,4.0,1.0,-3.5,-2.0
NGCT82_SLICE55_LAD,1.5,345,220,359,235,346.0,222.0,358.0,235.0,1.0,2.0,-1.0,0.0
NGCT82_SLICE56_LAD,8.0625,358,203,378,231,359.0,207.0,375.0,228.5,1.0,4.0,-3.0,-2.5
NGCT82_SLICE57_LAD,3.875,363,199,380,219,366.0,201.0,378.5,218.5,3.0,2.0,-1.5,-0.5
NGCT82_SLICE58_LAD,3.8125,366,198,380,217,367.0,200.5,378.0,215.0,1.0,2.5,-2.0,-2.0
NGCT82_SLICE59_LAD,8.0625,352,189,367,210,354.0,193.0,367.0,206.5,2.0,4.0,0.0,-3.5
NGCT82_SLICE60_LAD,0.0,0,0,0,0,0.0,0.0,0.0,0.0,0.0,0.0,0.0,0.0
